LSOA_code,crime_count,yearly_avg,hotspot_probability
E01000001,2,4.75,0.0
E01000002,35,15.166666666666666,0.1764934935559982
E01000003,4,5.75,0.08524798975594139
E01000005,28,38.75,0.13506363734348387
E01000006,4,4.916666666666667,0.0
E01000007,21,19.833333333333332,0.0
E01000008,28,16.833333333333332,0.0
E01000009,6,10.5,0.13843075255534285
E01000010,0,0.0,0.03033450352296263
E01000011,5,3.8333333333333335,0.07285497814716022
E01000012,10,11.5,0.0
E01000013,27,18.75,0.19200493568942384
E01000014,10,9.25,0.12490856906026714
E01000015,3,6.833333333333333,0.0
E01000016,3,4.75,0.0
E01000017,4,4.083333333333333,0.0
E01000018,4,4.0,0.0
E01000019,3,4.25,0.018994178298925156
E01000020,12,6.833333333333333,0.0
E01000021,8,9.416666666666666,0.0
E01000022,6,5.166666666666667,0.04761801402796356
E01000023,0,0.0,0.0
E01000024,9,6.916666666666667,0.0
E01000025,8,6.833333333333333,0.0
E01000027,18,11.25,0.017440183289606122
E01000028,5,5.75,0.10120259563042391
E01000029,12,7.833333333333333,0.0
E01000030,6,15.0,0.04509591555674395
E01000031,12,6.416666666666667,0.04518864827258417
E01000032,17,13.75,0.0
E01000033,11,6.0,0.048593689183495686
E01000034,5,5.416666666666667,0.0
E01000035,14,9.0,0.0
E01000036,23,13.75,0.17208911320593873
E01000037,0,2.5833333333333335,0.14672068272799269
E01000038,9,9.833333333333334,0.11928264285634908
E01000039,3,5.333333333333333,0.0
E01000040,3,7.833333333333333,0.0
E01000041,6,4.666666666666667,0.0679712007638081
E01000042,10,9.166666666666666,0.0069947161418395624
E01000043,2,3.8333333333333335,0.0
E01000044,7,6.583333333333333,0.016470968247715375
E01000045,8,8.25,0.0
E01000046,5,4.583333333333333,0.1352706046336142
E01000048,0,0.0,0.0
E01000049,3,7.416666666666667,0.06894266852234338
E01000050,16,8.5,0.0
E01000051,8,6.25,0.023031066366951777
E01000052,5,8.833333333333334,0.03805481662221727
E01000053,6,5.25,0.0
E01000054,5,4.333333333333333,0.1526694459388028
E01000055,4,5.583333333333333,0.09773603662049131
E01000056,9,6.833333333333333,0.1504480040841354
E01000057,23,14.166666666666666,0.15700570115914064
E01000058,11,9.416666666666666,0.054999388063829056
E01000059,11,5.916666666666667,0.1426656953198178
E01000060,19,11.333333333333334,0.0
E01000061,13,18.333333333333332,0.0
E01000062,9,12.083333333333334,0.0
E01000063,9,5.416666666666667,0.0
E01000064,9,7.416666666666667,0.0
E01000065,3,8.25,0.0
E01000066,6,8.666666666666666,0.12220936796444928
E01000067,3,7.166666666666667,0.0
E01000068,11,9.166666666666666,0.0
E01000069,4,3.0,0.02097394175400663
E01000070,17,15.0,0.0
E01000071,6,11.5,0.1219587086512516
E01000072,13,12.333333333333334,0.0
E01000073,3,4.083333333333333,0.15717971218904608
E01000074,3,6.583333333333333,0.09959132600333154
E01000075,4,8.75,0.0
E01000076,8,6.333333333333333,0.0
E01000077,3,3.5833333333333335,0.10439120694425247
E01000078,7,8.416666666666666,0.0849648919726113
E01000079,6,3.8333333333333335,0.07913535522064274
E01000080,8,4.083333333333333,0.09249473521467462
E01000081,8,6.416666666666667,0.0
E01000082,9,9.0,0.0
E01000083,3,5.416666666666667,0.0
E01000084,5,5.916666666666667,0.1250344525755608
E01000085,9,7.916666666666667,0.058536274065504844
E01000086,9,8.0,0.0
E01000087,14,19.333333333333332,0.0
E01000088,19,6.916666666666667,0.0
E01000089,1,2.9166666666666665,0.0
E01000090,14,17.75,0.11719212794006745
E01000091,8,7.666666666666667,0.06213365102325706
E01000092,0,0.0,0.11616382277289797
E01000093,13,6.916666666666667,0.01048960796364488
E01000094,10,12.833333333333334,0.0
E01000095,47,40.083333333333336,0.1730684690541745
E01000096,11,10.25,0.10613299700738721
E01000097,10,8.5,0.04151765688935648
E01000098,6,7.166666666666667,0.10079571080197275
E01000099,14,10.666666666666666,0.02717020533254245
E01000100,4,5.666666666666667,0.02224284722693661
E01000101,9,10.25,0.006159787929882862
E01000102,4,6.333333333333333,0.0
E01000103,4,7.25,0.0
E01000104,8,8.75,0.0
E01000105,19,22.583333333333332,0.10238830822830626
E01000106,7,13.083333333333334,0.0
E01000107,4,4.166666666666667,0.013911647358483178
E01000108,7,7.083333333333333,0.14154869019325092
E01000109,0,0.0,0.0
E01000110,7,7.083333333333333,0.0
E01000111,3,7.75,0.09775855997978918
E01000112,5,6.583333333333333,0.0
E01000113,8,8.0,0.0
E01000114,9,10.25,0.0
E01000115,2,1.0,0.0
E01000116,7,7.083333333333333,0.1481880437181949
E01000117,3,4.583333333333333,0.10491059787930465
E01000118,8,5.333333333333333,0.05453689016473965
E01000119,1,3.3333333333333335,0.12051052906357317
E01000120,1,2.5833333333333335,0.09813269587535918
E01000121,8,6.083333333333333,0.0
E01000122,5,2.3333333333333335,0.12411834595207383
E01000123,7,5.416666666666667,0.02654524458648928
E01000124,23,21.25,0.15006829059548776
E01000125,0,0.0,0.11882738997704798
E01000126,6,6.5,0.0
E01000127,3,3.25,0.0
E01000128,8,6.75,0.0
E01000129,38,31.333333333333332,0.06341244545610099
E01000130,6,3.9166666666666665,0.10606444338527594
E01000131,9,6.083333333333333,0.12477621739014863
E01000132,5,3.8333333333333335,0.0
E01000133,7,5.25,0.017513145184700877
E01000134,7,5.916666666666667,0.0
E01000135,3,3.5833333333333335,0.0
E01000136,2,5.333333333333333,0.0
E01000137,2,5.416666666666667,0.0
E01000138,2,6.666666666666667,0.1510176151882715
E01000139,0,3.5833333333333335,0.0
E01000140,9,8.416666666666666,0.028544875341335967
E01000141,26,21.166666666666668,0.11851512291464092
E01000142,4,7.083333333333333,0.0
E01000143,12,13.916666666666666,0.17941169444658983
E01000144,17,16.666666666666668,0.1840959485189228
E01000145,2,3.1666666666666665,0.0
E01000146,27,22.5,0.06041292781670633
E01000147,4,5.833333333333333,0.0
E01000148,0,0.0,0.0
E01000150,10,17.416666666666668,0.0
E01000151,6,8.333333333333334,0.05555018021211376
E01000152,5,4.333333333333333,0.012597764578093692
E01000153,4,5.75,0.0
E01000154,8,5.25,0.0
E01000155,0,0.0,0.12247976578999611
E01000156,7,5.5,0.0
E01000157,1,4.333333333333333,0.0
E01000158,4,4.166666666666667,0.008176268092341251
E01000159,7,5.416666666666667,0.16043770824497428
E01000160,20,17.666666666666668,0.0
E01000161,18,8.833333333333334,0.07568239704099694
E01000162,9,7.5,0.0988986766149455
E01000163,4,7.5,0.0
E01000164,16,10.416666666666666,0.09681600460623874
E01000165,6,5.333333333333333,0.0
E01000166,1,4.25,0.05125899798732763
E01000167,6,5.666666666666667,0.055481911640606806
E01000168,5,1.9166666666666667,0.01594900762660083
E01000169,0,2.0833333333333335,0.0
E01000170,6,6.0,0.11692098228983558
E01000171,15,15.416666666666666,0.0
E01000172,5,3.0833333333333335,0.0
E01000173,4,3.8333333333333335,0.0
E01000174,2,7.666666666666667,0.04813429257316566
E01000175,7,7.0,0.07232124776792627
E01000176,7,3.6666666666666665,0.0
E01000177,3,3.5,0.01315388709740508
E01000178,6,5.0,0.0
E01000179,3,3.75,0.05375823313100006
E01000180,5,5.083333333333333,0.0
E01000181,17,13.25,0.09334392065958985
E01000182,6,5.166666666666667,0.0
E01000183,2,3.3333333333333335,0.14009134862827827
E01000184,14,7.25,0.0
E01000185,5,5.416666666666667,0.0
E01000186,4,2.0833333333333335,0.0
E01000187,3,5.333333333333333,0.14192384869518143
E01000188,2,5.916666666666667,0.12930523082717701
E01000189,10,5.833333333333333,0.0
E01000190,1,3.3333333333333335,0.05706756581751159
E01000191,2,3.8333333333333335,0.10559986486871131
E01000192,3,5.833333333333333,0.03243685949253999
E01000193,31,33.083333333333336,0.09893826717883641
E01000194,9,10.833333333333334,0.0
E01000195,5,4.916666666666667,0.0
E01000196,3,7.416666666666667,0.1393507106021468
E01000197,1,5.666666666666667,0.13554841556133754
E01000198,5,6.583333333333333,0.057848332396314706
E01000199,2,2.8333333333333335,0.0
E01000200,4,4.833333333333333,0.0
E01000201,10,4.833333333333333,0.08094161407159574
E01000202,1,4.083333333333333,0.13024670919466402
E01000203,16,8.916666666666666,0.14039446889895
E01000204,4,6.166666666666667,0.10074651497071423
E01000205,4,5.333333333333333,0.05712525705789893
E01000206,7,5.916666666666667,0.0
E01000207,9,5.333333333333333,0.0
E01000208,8,5.333333333333333,0.13408201976973638
E01000209,5,5.25,0.04621767230930815
E01000210,2,5.0,0.0
E01000211,11,9.5,0.0
E01000212,8,4.416666666666667,0.06107139714203344
E01000213,6,4.0,0.0
E01000214,7,4.916666666666667,0.0
E01000215,7,4.166666666666667,0.025960576819048196
E01000216,7,6.833333333333333,0.07616688092268661
E01000217,23,17.416666666666668,0.0929914170887026
E01000218,5,2.6666666666666665,0.0
E01000219,6,4.833333333333333,0.07680867681478469
E01000220,7,5.416666666666667,0.0
E01000221,19,21.416666666666668,0.005909771094412215
E01000222,21,7.083333333333333,0.09322616955083023
E01000223,15,12.5,0.07891118974138145
E01000224,5,4.0,0.11565384555696286
E01000225,5,2.8333333333333335,0.054995366896272206
E01000226,16,4.916666666666667,0.033874300211346874
E01000227,4,4.25,0.0
E01000228,6,3.5,0.0
E01000229,3,5.833333333333333,0.0
E01000230,3,3.6666666666666665,0.0
E01000231,6,6.333333333333333,0.15914063523952365
E01000232,4,3.5,0.0
E01000233,0,4.583333333333333,0.13008845056311355
E01000234,1,4.0,0.05022841020788833
E01000235,6,5.75,0.10409319827501437
E01000236,2,6.25,0.017801787945166167
E01000237,9,6.0,0.03940139900097192
E01000238,25,7.75,0.018848526562533732
E01000239,4,6.083333333333333,0.0
E01000240,6,5.583333333333333,0.08193182419060856
E01000241,9,3.75,0.0
E01000242,3,4.25,0.0
E01000243,21,18.416666666666668,0.09376643361225015
E01000244,10,17.25,0.0
E01000245,7,16.666666666666668,0.17749933534216372
E01000246,5,5.166666666666667,0.15024071871202593
E01000247,3,1.0833333333333333,0.12740783146849333
E01000248,12,25.75,0.031131529332700456
E01000249,3,2.0,0.0
E01000250,8,12.0,0.16115603600244596
E01000251,4,11.666666666666666,0.010208476520596886
E01000252,4,4.75,0.15292454732344332
E01000253,3,4.083333333333333,0.15019962433566675
E01000254,3,2.75,0.11338752704619577
E01000255,7,7.083333333333333,0.0
E01000256,7,5.333333333333333,0.0
E01000257,29,20.416666666666668,0.1609091574995116
E01000258,8,2.5,0.0
E01000259,3,5.416666666666667,0.0
E01000260,13,8.416666666666666,0.039948067555831204
E01000261,2,4.25,0.1424136810574881
E01000262,0,0.0,0.0588089390024919
E01000263,1,2.0833333333333335,0.026688571031345667
E01000264,15,12.166666666666666,0.0
E01000265,10,4.0,0.04538899041846038
E01000266,3,4.333333333333333,0.15881021264071424
E01000267,1,3.1666666666666665,0.0
E01000268,20,14.916666666666666,0.046097670941600034
E01000269,5,5.666666666666667,0.12863491999072504
E01000270,0,3.8333333333333335,0.0826637901346079
E01000271,4,2.3333333333333335,0.0654553687036609
E01000272,5,4.0,0.07163204760484225
E01000273,6,7.166666666666667,0.0
E01000274,10,5.5,0.0
E01000275,2,2.0,0.09825175784790881
E01000276,2,2.25,0.09915785600865329
E01000277,8,5.416666666666667,0.12486426758582515
E01000278,4,3.25,0.13281770897401782
E01000279,8,5.25,0.017691674069712508
E01000280,5,2.9166666666666665,0.008393196412510516
E01000281,2,11.083333333333334,0.11965412411416498
E01000282,2,5.333333333333333,0.05950494244494215
E01000283,6,3.25,0.06943560638438744
E01000284,5,5.583333333333333,0.10393399044298725
E01000285,5,4.083333333333333,0.12811523375416078
E01000286,3,3.5,0.0
E01000287,2,3.6666666666666665,0.0
E01000288,5,4.416666666666667,0.0
E01000289,6,5.333333333333333,0.037999805510464814
E01000290,3,4.25,0.0
E01000291,3,2.6666666666666665,0.0
E01000292,4,5.083333333333333,0.02662872722334125
E01000293,3,3.25,0.0
E01000294,20,11.75,0.05923001899628727
E01000295,3,5.083333333333333,0.0
E01000296,18,12.0,0.0
E01000297,4,2.8333333333333335,0.10449166740406668
E01000298,6,5.583333333333333,0.0
E01000299,17,21.666666666666668,0.0
E01000300,7,3.0,0.01483809482297341
E01000301,3,1.9166666666666667,0.08621466833375653
E01000302,5,5.583333333333333,0.0
E01000303,2,3.8333333333333335,0.04730034755404664
E01000304,6,3.1666666666666665,0.0
E01000305,12,12.25,0.0
E01000306,2,2.5,0.016210653475887803
E01000307,65,40.5,0.12241961337121521
E01000308,9,7.833333333333333,0.06254899766651799
E01000309,5,3.75,0.07803379612496358
E01000310,13,12.25,0.1760965174654331
E01000311,2,5.583333333333333,0.020086294102515542
E01000312,6,5.666666666666667,0.0
E01000313,5,7.583333333333333,0.10919545924712276
E01000314,11,9.583333333333334,0.0
E01000315,10,4.666666666666667,0.0
E01000316,31,13.666666666666666,0.0
E01000317,4,4.083333333333333,0.0
E01000318,7,6.166666666666667,0.15557837561680457
E01000319,2,3.6666666666666665,0.11077362336164542
E01000320,4,4.25,0.0703595106373632
E01000321,5,3.5833333333333335,0.0
E01000322,13,10.0,0.0
E01000323,25,14.583333333333334,0.0
E01000324,4,3.75,0.0
E01000325,4,3.9166666666666665,0.02542801302036416
E01000326,0,2.1666666666666665,0.07027580561473631
E01000327,3,2.0,0.053502624219674104
E01000328,2,3.6666666666666665,0.0
E01000329,2,6.75,0.15483109701365544
E01000330,9,13.0,0.1067512478370363
E01000331,11,2.5,0.02311047975886361
E01000332,4,2.8333333333333335,0.04122772307647487
E01000333,15,11.416666666666666,0.006952824353195202
E01000334,3,4.166666666666667,0.0
E01000335,19,32.166666666666664,0.04434000046541703
E01000336,12,8.583333333333334,0.1007151395579998
E01000337,5,4.166666666666667,0.0
E01000338,5,5.583333333333333,0.0
E01000339,2,1.9166666666666667,0.0
E01000340,4,2.25,0.0
E01000341,0,1.6666666666666667,0.11117435120693113
E01000342,3,3.0,0.0692624746205392
E01000343,3,3.0,0.0004172655327296399
E01000344,4,3.9166666666666665,0.0
E01000345,0,0.9166666666666666,0.0
E01000346,1,3.4166666666666665,0.0013406920416090436
E01000347,10,5.083333333333333,0.0
E01000348,2,1.6666666666666667,0.0
E01000349,4,3.4166666666666665,0.0
E01000350,2,4.333333333333333,0.04654908702510019
E01000351,4,1.4166666666666667,0.044383844863377736
E01000352,4,4.916666666666667,0.0
E01000353,6,2.5,0.0
E01000354,0,3.3333333333333335,0.0468303267215288
E01000355,4,1.6666666666666667,0.0054770535776552465
E01000356,7,10.333333333333334,0.1350712435789961
E01000357,7,2.6666666666666665,0.054865971091489815
E01000358,9,6.083333333333333,0.0
E01000359,6,3.4166666666666665,0.0
E01000360,14,24.5,0.1094075707152401
E01000361,6,3.5,0.0
E01000362,50,37.833333333333336,0.12870386966441594
E01000363,2,3.0833333333333335,0.14046099803420078
E01000364,4,2.8333333333333335,0.03035375256893288
E01000365,5,7.166666666666667,0.0
E01000366,2,3.4166666666666665,0.05228562634014529
E01000367,4,6.75,0.005847379962152208
E01000368,6,4.75,0.026613138405122957
E01000369,2,3.6666666666666665,0.14241902984094124
E01000370,1,5.0,0.0
E01000371,0,2.3333333333333335,0.14470781555225476
E01000372,5,4.25,0.1331724413960729
E01000373,4,2.9166666666666665,0.0
E01000374,12,6.333333333333333,0.0
E01000375,3,4.75,0.0
E01000376,0,2.0833333333333335,0.0
E01000377,6,3.5,0.0
E01000378,0,0.0,0.054902032024907066
E01000379,5,3.0,0.0
E01000380,1,3.6666666666666665,0.0
E01000381,5,3.6666666666666665,0.11344218049882004
E01000382,1,2.8333333333333335,0.0
E01000383,6,5.333333333333333,0.10885630798829332
E01000384,9,5.0,0.0
E01000385,8,8.75,0.0
E01000386,5,9.25,0.08419692642938582
E01000387,5,2.0833333333333335,0.04435307403850138
E01000388,2,4.333333333333333,0.12503566166755112
E01000389,5,2.5,0.07732557714660913
E01000390,4,2.9166666666666665,0.09898258712180522
E01000391,8,3.5833333333333335,0.0
E01000392,19,26.916666666666668,0.0
E01000393,8,3.1666666666666665,0.08380315989915246
E01000394,6,5.333333333333333,0.1065661849917918
E01000395,0,1.9166666666666667,0.1523681450043753
E01000396,3,1.6666666666666667,0.0
E01000398,4,3.9166666666666665,0.0
E01000399,4,3.75,0.09313028423076417
E01000400,3,4.5,0.0
E01000401,3,6.25,0.14623785769467795
E01000402,8,4.166666666666667,0.1188642655619759
E01000403,32,22.833333333333332,0.04084381946222198
E01000404,11,10.916666666666666,0.10497327316121877
E01000405,8,10.083333333333334,0.1038067270473598
E01000406,11,12.75,0.0
E01000407,8,3.6666666666666665,0.13074545921185365
E01000408,7,8.0,0.023349356551776054
E01000409,4,1.9166666666666667,0.10315384223649575
E01000410,3,3.6666666666666665,0.0
E01000411,3,1.3333333333333333,0.12228590935176328
E01000412,3,3.25,0.0
E01000413,4,4.166666666666667,0.0
E01000414,10,8.666666666666666,0.1452027081446496
E01000415,3,1.75,0.0
E01000416,11,13.5,0.0
E01000417,9,9.75,0.16155521973647075
E01000418,8,8.583333333333334,0.15854345049995586
E01000419,6,1.25,0.02543349843970754
E01000420,4,3.8333333333333335,0.04998436845928634
E01000421,2,1.75,0.0
E01000423,2,2.0,0.0
E01000424,5,6.416666666666667,0.0
E01000425,1,2.3333333333333335,0.05810618322819203
E01000426,1,4.083333333333333,0.08682599004019491
E01000427,2,6.416666666666667,0.104937990731726
E01000428,25,12.0,0.11954591006449453
E01000429,16,4.333333333333333,0.0
E01000430,6,4.833333333333333,0.011481001821298367
E01000431,7,9.166666666666666,0.0
E01000432,0,0.0,0.01485866469712066
E01000433,25,14.25,0.021243455243040534
E01000434,5,6.416666666666667,0.13377553244146134
E01000435,10,7.416666666666667,0.0
E01000436,6,2.0,0.0
E01000437,1,1.25,0.0
E01000438,5,3.0,0.08661830632177375
E01000439,3,9.083333333333334,0.06018757821465605
E01000440,0,1.9166666666666667,0.0
E01000441,0,5.833333333333333,0.0
E01000442,6,3.8333333333333335,0.07072394424608255
E01000443,7,2.0833333333333335,0.0
E01000444,3,3.25,0.10540356099418328
E01000445,8,4.083333333333333,0.07298629935583976
E01000446,1,1.0833333333333333,0.0
E01000447,8,7.5,0.0
E01000448,1,1.9166666666666667,0.1512084759545259
E01000449,1,2.5833333333333335,0.0
E01000450,4,6.166666666666667,0.0
E01000451,2,2.25,0.09996370778214983
E01000452,2,2.25,0.14029841082005667
E01000453,7,6.583333333333333,0.1637182143611956
E01000454,6,5.0,0.08962198358856932
E01000455,0,4.166666666666667,0.0
E01000456,4,1.25,0.0
E01000457,17,20.166666666666668,0.1380318044221412
E01000458,3,1.6666666666666667,0.022057450924370454
E01000459,1,4.333333333333333,0.0
E01000460,3,2.3333333333333335,0.12825696193350128
E01000461,2,1.3333333333333333,0.0
E01000462,8,11.916666666666666,0.03022118971320467
E01000463,0,1.6666666666666667,0.0
E01000464,4,5.166666666666667,0.0046603382094876095
E01000465,11,4.75,0.0
E01000466,7,12.083333333333334,0.0
E01000467,12,6.166666666666667,0.0
E01000468,8,8.083333333333334,0.06676354425241943
E01000469,9,6.833333333333333,0.09241178539450565
E01000470,14,9.083333333333334,0.04973278874892563
E01000471,8,4.25,0.1502190133516164
E01000472,10,11.0,0.0
E01000473,11,7.5,0.0
E01000474,3,2.4166666666666665,0.11715719366210003
E01000475,24,17.416666666666668,0.0
E01000476,5,7.333333333333333,0.15892593624815074
E01000477,12,16.75,0.0
E01000478,6,5.0,0.15457217602317852
E01000479,8,4.416666666666667,0.0
E01000480,4,4.416666666666667,0.12936380051903804
E01000481,6,3.5,0.017836302333510738
E01000482,0,0.0,0.14788943883579012
E01000483,13,12.333333333333334,0.0
E01000484,0,2.9166666666666665,0.024094593326746877
E01000485,1,3.0,0.14895587749226177
E01000486,7,3.8333333333333335,0.01736255805939122
E01000487,2,5.333333333333333,0.053335354652191365
E01000488,0,2.1666666666666665,0.06462163550010278
E01000489,2,4.416666666666667,0.0
E01000490,16,11.333333333333334,0.06911342084989584
E01000491,16,4.166666666666667,0.03663473358600244
E01000492,3,2.5833333333333335,0.12737847595292154
E01000493,1,3.4166666666666665,0.0
E01000494,4,2.8333333333333335,0.0
E01000495,9,10.583333333333334,0.1639281628460114
E01000497,5,5.75,0.13272894237979474
E01000498,4,2.9166666666666665,0.0
E01000499,10,14.5,0.0755045105720328
E01000501,5,5.75,0.0
E01000502,6,6.166666666666667,0.0
E01000503,6,7.416666666666667,0.009295504698143445
E01000504,12,7.916666666666667,0.0
E01000505,4,5.916666666666667,0.041200258368144366
E01000506,4,8.666666666666666,0.0
E01000507,6,6.916666666666667,0.16114357271491003
E01000508,14,17.5,0.19349307138198477
E01000509,6,14.166666666666666,0.09800601023676953
E01000510,11,13.0,0.04621108273154186
E01000511,5,4.083333333333333,0.0
E01000512,6,5.583333333333333,0.10933469552424153
E01000513,5,4.083333333333333,0.06653298297505468
E01000514,3,1.6666666666666667,0.0
E01000515,11,7.75,0.14437137376502734
E01000516,9,7.666666666666667,0.11762758249364381
E01000517,10,20.666666666666668,0.19118855643257607
E01000518,6,5.75,0.08336565972902785
E01000519,4,4.666666666666667,0.046725851590897996
E01000520,3,4.416666666666667,0.0
E01000521,22,13.083333333333334,0.16542752663469115
E01000522,5,10.916666666666666,0.1395311196738921
E01000523,13,15.333333333333334,0.0
E01000524,63,37.75,0.0
E01000525,11,7.25,0.0
E01000526,7,9.25,0.11834177605469047
E01000527,7,8.75,0.16999776281353526
E01000528,4,6.083333333333333,0.0
E01000530,3,3.4166666666666665,0.037538375413079875
E01000531,3,11.083333333333334,0.0
E01000532,6,7.916666666666667,0.16252115536161843
E01000533,12,10.666666666666666,0.1316672033639378
E01000534,3,3.5,0.11102458102096213
E01000535,14,9.0,0.01510329835808736
E01000536,15,11.916666666666666,0.006879509127246469
E01000538,4,2.5,0.0
E01000539,6,4.75,0.0
E01000540,0,3.0833333333333335,0.1178086384832295
E01000541,2,4.333333333333333,0.10566436034845852
E01000543,4,3.3333333333333335,0.15898765399309706
E01000544,5,5.25,0.16328000553360278
E01000545,24,23.416666666666668,0.08036278453177487
E01000546,2,9.166666666666666,0.10564519257411233
E01000547,6,7.666666666666667,0.15429612858142153
E01000548,35,24.083333333333332,0.17044196045566162
E01000549,11,6.25,0.0
E01000550,15,23.083333333333332,0.047989278243288885
E01000551,15,9.083333333333334,0.0
E01000552,5,6.666666666666667,0.15436001219213247
E01000553,10,7.25,0.051584755951049915
E01000554,11,5.75,0.0
E01000555,9,4.333333333333333,0.06330426293119226
E01000556,10,13.666666666666666,0.07263511536712607
E01000557,4,2.75,0.0
E01000558,1,5.916666666666667,0.0
E01000559,9,9.0,0.07596730909743615
E01000560,7,3.9166666666666665,0.016752323879666
E01000561,9,6.916666666666667,0.1005206479357519
E01000562,2,2.5833333333333335,0.013080123139222868
E01000563,10,4.833333333333333,0.11880936050608597
E01000564,6,7.666666666666667,0.03643846124903878
E01000565,3,2.25,0.024405229065514955
E01000566,1,1.6666666666666667,0.11753225680113243
E01000567,3,4.333333333333333,0.0
E01000568,40,31.0,0.0
E01000569,2,2.4166666666666665,0.0
E01000570,3,3.1666666666666665,0.08515991110898066
E01000571,3,5.333333333333333,0.05060862861765201
E01000572,0,1.8333333333333333,0.0662137240337589
E01000573,1,3.25,0.0
E01000574,3,2.9166666666666665,0.0
E01000575,6,10.583333333333334,0.0
E01000576,4,4.333333333333333,0.0
E01000577,11,9.833333333333334,0.05373874447780068
E01000578,8,9.916666666666666,0.0
E01000579,4,2.8333333333333335,0.0
E01000580,27,19.333333333333332,0.1738672499902202
E01000581,6,3.9166666666666665,0.0
E01000582,7,3.3333333333333335,0.013269198755201122
E01000583,11,7.75,0.10618912223921749
E01000584,2,1.5833333333333333,0.0
E01000585,2,2.5833333333333335,0.04365708287398691
E01000586,13,18.416666666666668,0.15883385746412332
E01000587,7,5.0,0.14846471510817943
E01000588,0,0.0,0.0
E01000589,4,13.583333333333334,0.16494612197802422
E01000590,5,3.5833333333333335,0.00738766633166368
E01000591,13,13.083333333333334,0.0
E01000592,10,7.416666666666667,0.00792671008762719
E01000593,8,4.0,0.15489659499435254
E01000594,8,9.75,0.024322057819090172
E01000595,15,7.083333333333333,0.0
E01000596,7,6.166666666666667,0.05680410750844482
E01000599,7,8.083333333333334,0.0
E01000600,0,0.0,0.0
E01000601,26,41.416666666666664,0.0013878902633739365
E01000602,4,6.083333333333333,0.0
E01000603,5,5.0,0.0
E01000604,2,5.833333333333333,0.0
E01000605,3,5.5,0.057231804252939875
E01000606,4,3.25,0.0
E01000607,3,3.9166666666666665,0.0
E01000608,9,11.916666666666666,0.15147018139775045
E01000609,7,7.0,0.01124043129410325
E01000610,9,6.916666666666667,0.06909245197136825
E01000611,5,3.5,0.0
E01000612,3,4.166666666666667,0.0
E01000613,3,5.333333333333333,0.0
E01000615,12,15.666666666666666,0.0
E01000616,6,6.916666666666667,0.0
E01000617,9,7.0,0.0
E01000618,1,6.333333333333333,0.0
E01000619,4,4.083333333333333,0.0
E01000620,3,5.166666666666667,0.0022957760210674544
E01000621,13,6.666666666666667,0.0
E01000622,0,5.416666666666667,0.0
E01000623,11,9.833333333333334,0.027788619677867814
E01000624,8,3.4166666666666665,0.06641760939624893
E01000625,2,3.5833333333333335,0.0
E01000626,7,6.25,0.10683377968632131
E01000627,3,12.333333333333334,0.07193781927412649
E01000628,15,11.583333333333334,0.0
E01000629,1,2.8333333333333335,0.11978508643820238
E01000630,21,15.583333333333334,0.16867496579347452
E01000631,12,11.083333333333334,0.0
E01000632,8,10.416666666666666,0.0
E01000633,16,12.416666666666666,0.125654895164954
E01000634,8,7.916666666666667,0.09602474313233497
E01000635,0,0.0,0.0
E01000636,10,13.25,0.0
E01000637,2,4.5,0.0
E01000638,6,11.166666666666666,0.02574927478162029
E01000639,0,5.75,0.05112623867160864
E01000640,11,13.416666666666666,0.0
E01000641,14,11.25,0.019379602864439717
E01000642,26,20.833333333333332,0.1309434814854887
E01000643,16,15.583333333333334,0.0
E01000644,15,13.666666666666666,0.0
E01000645,3,3.0833333333333335,0.07239680137207927
E01000646,5,7.333333333333333,0.13852122572212713
E01000647,4,3.75,0.013709628642864959
E01000648,8,4.333333333333333,0.02142810318902993
E01000649,4,2.75,0.0
E01000650,1,2.9166666666666665,0.0
E01000651,0,3.25,0.018630723143583397
E01000652,2,3.3333333333333335,0.0
E01000653,4,3.25,0.0
E01000654,4,3.5,0.0
E01000655,7,3.5,0.0
E01000656,2,4.0,0.0
E01000657,8,4.666666666666667,0.0
E01000658,4,3.5,0.0
E01000659,0,1.75,0.0
E01000661,17,13.083333333333334,0.15276716585045566
E01000662,8,6.416666666666667,0.04554201368018603
E01000663,8,3.6666666666666665,0.06371028295133055
E01000664,5,4.083333333333333,0.09786500279109238
E01000665,3,4.666666666666667,0.012233952488878218
E01000666,5,6.833333333333333,0.0
E01000667,3,3.1666666666666665,0.019750696952459325
E01000668,7,8.666666666666666,0.04964045062513422
E01000669,0,4.916666666666667,0.08701356146600438
E01000670,4,8.0,0.001271508686322722
E01000671,3,5.666666666666667,0.0
E01000672,8,5.833333333333333,0.0
E01000673,2,4.75,0.0
E01000674,11,6.083333333333333,0.060332214812726
E01000675,0,0.0,0.02123349140067357
E01000676,28,41.166666666666664,0.0688725650589887
E01000677,14,14.916666666666666,0.1865533498703729
E01000678,3,3.5,0.04125841541468691
E01000679,3,3.6666666666666665,0.0
E01000680,3,3.25,0.0
E01000681,1,1.0833333333333333,0.0
E01000682,4,8.333333333333334,0.0
E01000683,3,4.75,0.0
E01000684,3,1.4166666666666667,0.0
E01000685,2,2.4166666666666665,0.0
E01000686,2,2.3333333333333335,0.0
E01000687,4,5.416666666666667,0.13377219939972157
E01000688,3,1.9166666666666667,0.0
E01000689,2,2.3333333333333335,0.013704063276156924
E01000690,2,4.5,0.0
E01000691,6,6.166666666666667,0.16149743628600896
E01000692,10,7.5,0.0
E01000693,24,7.666666666666667,0.0
E01000694,11,3.8333333333333335,0.1512743347909572
E01000695,4,3.0,0.11781725457472617
E01000696,8,5.0,0.10873014929567079
E01000697,5,2.9166666666666665,0.0
E01000698,5,2.8333333333333335,0.0
E01000699,2,4.583333333333333,0.06306744998730887
E01000700,1,2.3333333333333335,0.13516344314335627
E01000701,1,1.5833333333333333,0.021338235107626422
E01000702,5,1.3333333333333333,0.025112747643873105
E01000703,17,5.666666666666667,0.0
E01000704,4,5.083333333333333,0.09468321676864933
E01000705,2,2.6666666666666665,0.0
E01000706,1,7.083333333333333,0.0
E01000707,1,3.5833333333333335,0.0
E01000708,4,3.5,0.011809083212957282
E01000709,7,4.25,0.0
E01000710,11,6.0,0.0
E01000711,46,7.5,0.053598804748820006
E01000712,4,4.333333333333333,0.0
E01000713,4,5.0,0.03797999443767049
E01000714,24,35.583333333333336,0.0
E01000715,2,4.833333333333333,0.007496940966969165
E01000716,1,4.25,0.02134407857472955
E01000717,3,2.75,0.0
E01000718,8,7.083333333333333,0.0
E01000719,31,34.5,0.0
E01000720,12,8.916666666666666,0.0
E01000721,7,9.0,0.17148342013657983
E01000722,17,11.083333333333334,0.0
E01000723,5,1.5833333333333333,0.09727170095983795
E01000724,5,7.25,0.0
E01000725,6,6.333333333333333,0.07168828548096874
E01000726,1,3.5833333333333335,0.08782113637470818
E01000727,16,15.0,0.06951720621501373
E01000728,11,12.333333333333334,0.025040558991901683
E01000729,16,9.75,8.890386540986311e-05
E01000730,16,7.583333333333333,0.0
E01000731,6,5.666666666666667,0.14428174168668614
E01000732,3,1.75,0.10394880714012912
E01000733,2,6.416666666666667,0.1569723508139252
E01000734,2,2.4166666666666665,0.0
E01000735,6,7.166666666666667,0.08876579937669773
E01000736,3,4.25,0.14306938585556514
E01000737,3,7.916666666666667,0.0
E01000738,7,9.166666666666666,0.0
E01000739,9,8.75,0.09615111880606966
E01000740,0,0.0,0.022341933953973575
E01000741,8,6.583333333333333,0.12046652824181592
E01000742,9,8.666666666666666,0.0
E01000743,7,15.25,0.13008620399117188
E01000744,16,9.583333333333334,0.0
E01000745,2,5.166666666666667,0.0
E01000746,9,5.75,0.0
E01000747,5,7.25,0.11410478168520052
E01000748,6,4.916666666666667,0.0629408854195654
E01000749,3,2.5833333333333335,0.01395070023636065
E01000750,3,4.416666666666667,0.0
E01000751,23,13.916666666666666,0.15103723187423412
E01000752,4,4.666666666666667,0.0
E01000753,2,2.8333333333333335,0.10269133104764233
E01000754,13,4.75,0.0
E01000755,3,2.1666666666666665,0.0
E01000756,12,14.5,0.028268666932453716
E01000757,3,2.4166666666666665,0.0
E01000758,0,1.0,0.07700451965505271
E01000759,6,5.083333333333333,0.014651453838812025
E01000760,8,5.166666666666667,0.0
E01000761,0,1.8333333333333333,0.12486216558636236
E01000762,2,3.5,0.0
E01000763,6,2.6666666666666665,0.020323739940002878
E01000764,6,4.0,0.1328284556980735
E01000765,9,6.5,0.05496248518835051
E01000766,0,1.5833333333333333,0.0
E01000767,1,1.9166666666666667,0.13716623948821582
E01000768,1,3.8333333333333335,0.048745620729771934
E01000769,26,26.25,0.021916456454281655
E01000770,0,4.0,0.0
E01000771,3,3.6666666666666665,0.09818714398907247
E01000772,1,3.25,0.0448673699856305
E01000773,2,2.75,0.01752301799888422
E01000774,2,3.0,0.12633289172181936
E01000775,16,11.416666666666666,0.11765196899221746
E01000777,13,5.166666666666667,0.0
E01000778,3,3.3333333333333335,0.0
E01000779,35,8.333333333333334,0.0
E01000780,11,9.166666666666666,0.09813285579176227
E01000781,4,10.916666666666666,0.0
E01000782,23,14.166666666666666,0.059524401492240954
E01000783,3,5.083333333333333,0.09257294253327542
E01000784,3,3.0,0.1211948078350569
E01000785,13,11.916666666666666,0.0
E01000786,4,4.25,0.10794444021085767
E01000787,8,4.083333333333333,0.0
E01000788,4,6.75,0.12230720033505266
E01000789,6,11.0,0.0
E01000790,31,34.083333333333336,0.061950986442322026
E01000791,2,3.0833333333333335,0.09758053534057962
E01000792,4,3.9166666666666665,0.0
E01000793,4,2.25,0.0
E01000794,0,1.0,0.06939747612009727
E01000795,3,3.25,0.07485650417089874
E01000796,5,7.5,0.06275708188191942
E01000797,12,14.666666666666666,0.0981028821720647
E01000798,11,12.166666666666666,0.04593141783077011
E01000799,9,15.666666666666666,0.0
E01000800,9,10.666666666666666,0.0
E01000801,8,13.166666666666666,0.0
E01000802,12,23.583333333333332,0.18672205885143803
E01000803,2,3.6666666666666665,0.034997125637819815
E01000804,5,5.5,0.0
E01000805,7,6.833333333333333,0.007200062708118467
E01000806,12,9.416666666666666,0.1598143963040481
E01000807,8,6.583333333333333,0.0
E01000808,1,2.6666666666666665,0.03312683121084546
E01000809,2,2.8333333333333335,0.009478102871508989
E01000810,0,1.3333333333333333,0.03706521143329749
E01000811,4,1.5833333333333333,0.0
E01000812,1,2.0833333333333335,0.11730739268778162
E01000813,4,10.583333333333334,0.15844020236812748
E01000814,2,1.5833333333333333,0.02384932228021017
E01000815,2,1.25,0.06239737916578938
E01000816,3,4.75,0.13967791596353116
E01000818,5,3.5833333333333335,0.07192436870182181
E01000819,10,7.416666666666667,0.0
E01000820,7,7.083333333333333,0.042165256065466936
E01000822,6,2.6666666666666665,0.03927239552066307
E01000823,6,4.666666666666667,0.0
E01000824,20,12.75,0.10563501711517823
E01000825,2,4.833333333333333,0.14346501484122837
E01000826,1,2.0833333333333335,0.13334077387656906
E01000827,2,4.166666666666667,0.0
E01000828,4,4.25,0.0
E01000829,3,2.9166666666666665,0.15339066769505103
E01000830,1,3.3333333333333335,0.11074177794103811
E01000831,2,1.0833333333333333,0.0
E01000832,3,3.0,0.1344176815917438
E01000833,1,2.4166666666666665,0.11754636382390043
E01000834,0,0.75,0.007692696339454658
E01000835,25,13.0,0.06276480355178451
E01000836,3,2.25,0.0
E01000837,4,2.6666666666666665,0.0
E01000838,1,2.6666666666666665,0.0
E01000839,2,1.8333333333333333,0.09584582818339525
E01000840,2,2.25,0.0
E01000841,5,4.25,0.0
E01000842,8,5.25,0.0
E01000843,15,15.833333333333334,0.054312352915851805
E01000844,0,3.8333333333333335,0.1363898897321747
E01000845,2,3.4166666666666665,0.0
E01000846,4,5.333333333333333,0.0
E01000847,8,5.083333333333333,0.08508571124399278
E01000848,9,5.166666666666667,0.0
E01000849,3,2.9166666666666665,0.0
E01000850,50,48.666666666666664,0.11818819414577308
E01000851,14,14.833333333333334,0.0
E01000852,0,0.0,0.0
E01000853,12,8.5,0.022644829440351524
E01000854,0,0.0,0.0
E01000855,26,37.25,0.22583730400153684
E01000856,16,17.25,0.005667591372549477
E01000857,6,4.916666666666667,0.03755822429411842
E01000858,16,22.083333333333332,0.09978361842394257
E01000859,8,9.5,0.0
E01000860,4,4.833333333333333,0.0622161220155371
E01000861,6,11.0,0.0
E01000862,9,11.0,0.16825985686478756
E01000863,66,65.75,0.07355096166909558
E01000864,0,0.0,0.0
E01000865,0,0.0,0.0
E01000866,6,8.416666666666666,0.17196996437211032
E01000867,8,8.833333333333334,0.02470023591860615
E01000868,3,5.0,0.04222403320689996
E01000869,7,6.583333333333333,0.0
E01000870,7,4.916666666666667,0.0883698603304587
E01000871,11,5.166666666666667,0.0
E01000872,16,13.833333333333334,0.15706654766233435
E01000873,7,4.166666666666667,0.0
E01000874,5,2.5,0.0
E01000875,5,4.833333333333333,0.0
E01000876,6,5.833333333333333,0.00749669954570106
E01000877,9,5.166666666666667,0.03351448559003464
E01000878,5,3.0,0.0
E01000879,0,4.833333333333333,0.0958131954190271
E01000880,12,3.25,0.0
E01000881,7,7.833333333333333,0.028637108015330027
E01000882,6,3.75,0.0
E01000883,11,19.916666666666668,0.02443622150596364
E01000884,5,3.0833333333333335,0.026284024999178902
E01000885,3,3.4166666666666665,0.0
E01000886,4,5.25,0.0
E01000887,10,9.666666666666666,0.13484550712510301
E01000888,7,7.333333333333333,0.15379381305605713
E01000889,5,5.416666666666667,0.0
E01000890,2,4.916666666666667,0.0
E01000891,9,8.0,0.06497350778912364
E01000892,6,4.583333333333333,0.0
E01000893,5,4.25,0.0
E01000894,9,8.916666666666666,0.0
E01000895,22,19.75,0.11854535429722221
E01000896,9,9.333333333333334,0.07307976819336748
E01000897,5,3.9166666666666665,0.0
E01000898,36,29.0,0.0
E01000899,9,7.333333333333333,0.0
E01000900,14,8.416666666666666,0.07447551189794467
E01000901,3,7.333333333333333,0.0
E01000902,1,4.416666666666667,0.0
E01000903,7,6.0,0.10630505922502098
E01000904,7,13.666666666666666,0.0
E01000905,9,8.833333333333334,0.06986556517479581
E01000906,11,13.583333333333334,0.0
E01000907,11,6.0,0.0
E01000908,3,2.5833333333333335,0.0
E01000909,5,7.25,0.08641244517248364
E01000910,1,4.833333333333333,0.11986385084240962
E01000911,3,3.5833333333333335,0.10881873777789969
E01000912,16,11.916666666666666,0.0015887173114833703
E01000913,9,6.833333333333333,0.06902386258607249
E01000914,39,39.666666666666664,0.019456277511115075
E01000915,14,8.666666666666666,0.0
E01000916,50,44.833333333333336,0.24092388005395443
E01000917,6,5.416666666666667,0.0
E01000918,15,27.75,0.0
E01000919,48,47.416666666666664,0.04142008384705155
E01000920,22,12.333333333333334,0.0
E01000921,8,17.75,0.0
E01000922,20,13.666666666666666,0.062109111520664964
E01000923,3,4.833333333333333,0.0
E01000924,2,3.8333333333333335,0.128234718131439
E01000925,5,3.25,0.1040786117286087
E01000926,8,4.583333333333333,0.0
E01000927,16,11.75,0.0
E01000928,16,22.916666666666668,0.026280142500078006
E01000929,4,3.8333333333333335,0.037521687562788876
E01000930,27,19.916666666666668,0.0
E01000931,13,21.166666666666668,0.09485410760082777
E01000932,4,2.1666666666666665,0.0
E01000933,14,13.75,0.05303760628553283
E01000934,4,11.0,0.010776720364546018
E01000935,7,9.583333333333334,0.0
E01000936,0,0.0,0.134535992088647
E01000937,8,5.916666666666667,0.09518516306081098
E01000938,10,11.583333333333334,0.0
E01000939,13,26.166666666666668,0.1817583560263482
E01000940,0,0.0,0.0
E01000941,4,5.333333333333333,0.13288143127984003
E01000942,11,9.75,0.11649320640542385
E01000943,6,5.75,0.0
E01000944,2,3.0,0.0
E01000945,0,0.0,0.0
E01000946,12,16.0,0.056037554033097896
E01000947,32,33.0,0.1298597508196972
E01000948,7,5.666666666666667,0.0
E01000949,2,2.25,0.0
E01000950,0,0.0,0.10047907103978973
E01000951,1,1.9166666666666667,0.15053725661523892
E01000952,21,10.833333333333334,0.03719219871439385
E01000953,0,0.0,0.0
E01000954,2,0.5833333333333334,0.0
E01000955,21,12.166666666666666,0.0
E01000956,11,10.166666666666666,0.15196031559028625
E01000957,1,5.583333333333333,0.0
E01000958,19,17.25,0.0699043642918356
E01000959,8,6.416666666666667,0.0
E01000960,22,18.583333333333332,0.0668317631952007
E01000961,12,16.083333333333332,0.08920021494057856
E01000962,4,5.0,0.1125310691230473
E01000963,14,13.583333333333334,0.0
E01000964,3,5.583333333333333,0.0
E01000965,8,6.5,0.0
E01000966,0,2.0833333333333335,0.1256758125589677
E01000967,1,3.4166666666666665,0.1214661840761939
E01000968,4,6.833333333333333,0.04782225226597115
E01000969,6,8.75,0.053969982149147944
E01000970,7,5.5,0.06448038317585215
E01000971,4,0.9166666666666666,0.0
E01000972,26,25.333333333333332,0.19327345903264784
E01000973,17,19.0,0.027343563908991862
E01000974,6,6.166666666666667,0.0
E01000975,17,11.083333333333334,0.03584088200898372
E01000976,19,30.583333333333332,0.0
E01000977,13,13.5,0.0
E01000978,3,3.75,0.08161648093607624
E01000979,6,6.5,0.0
E01000980,3,5.916666666666667,0.04704905765279921
E01000981,5,4.75,0.0
E01000982,5,3.8333333333333335,0.0
E01000983,5,3.9166666666666665,0.0
E01000984,8,7.416666666666667,0.0
E01000985,2,2.9166666666666665,0.07365207956162428
E01000986,10,12.416666666666666,0.0
E01000987,2,3.0833333333333335,0.028313317695782693
E01000989,0,4.083333333333333,0.003928751868620808
E01000990,3,6.25,0.06611200962240298
E01000991,5,3.9166666666666665,0.14170893540595542
E01000992,8,10.25,0.09766911158539307
E01000993,8,7.416666666666667,0.0
E01000994,4,3.3333333333333335,0.0
E01000995,23,10.916666666666666,0.0
E01000996,4,3.25,0.03736892241715288
E01000997,12,8.0,0.0
E01000998,7,7.666666666666667,0.01977628377706404
E01000999,3,3.3333333333333335,0.03812520668232465
E01001000,9,7.833333333333333,0.0
E01001001,5,4.416666666666667,0.09329452753336326
E01001002,4,3.9166666666666665,0.0
E01001003,2,3.0,0.0
E01001004,9,7.75,0.08954984527795558
E01001005,2,4.5,0.01089507007165769
E01001006,12,14.083333333333334,0.09485140615898535
E01001007,3,6.25,0.0
E01001008,8,9.083333333333334,0.0
E01001009,10,10.416666666666666,0.12408179532494079
E01001010,19,18.916666666666668,0.14131036133188227
E01001011,14,17.666666666666668,0.1064924068947948
E01001012,13,12.0,0.0
E01001013,54,52.583333333333336,0.17018555297521923
E01001014,0,0.0,0.0
E01001015,2,5.333333333333333,0.0
E01001016,9,5.916666666666667,0.1412974974515556
E01001017,3,2.1666666666666665,0.0
E01001018,1,1.5,0.13915376454950676
E01001019,0,1.75,0.0
E01001020,5,3.4166666666666665,0.0
E01001021,3,4.166666666666667,0.023910724222579803
E01001022,3,2.3333333333333335,0.11823439716800299
E01001023,32,20.5,0.12546243076750432
E01001024,4,1.75,0.09673132916224529
E01001025,3,2.8333333333333335,0.05534650921938441
E01001026,4,3.3333333333333335,0.06675532136261363
E01001027,11,4.75,0.11768679707993827
E01001028,8,4.416666666666667,0.0
E01001029,6,6.333333333333333,0.014064957906732109
E01001030,2,4.166666666666667,0.0
E01001031,3,4.0,0.15718722480770353
E01001032,4,1.9166666666666667,0.13843440431015724
E01001033,7,7.25,0.0
E01001034,11,6.75,0.08004406456940374
E01001035,3,5.916666666666667,0.14367792003758248
E01001036,7,4.666666666666667,0.0
E01001037,14,13.416666666666666,0.05689978599500182
E01001038,9,5.416666666666667,0.1393890612882066
E01001039,2,2.3333333333333335,0.0
E01001040,6,5.75,0.07487588738657183
E01001041,9,6.083333333333333,0.0
E01001042,27,23.25,0.19059851386358284
E01001043,0,0.0,0.1413174735496103
E01001044,5,3.6666666666666665,0.14325953394201385
E01001045,0,0.0,0.0
E01001046,2,3.0,0.11677791210332614
E01001047,9,7.583333333333333,0.12400442037703277
E01001048,0,0.0,0.0
E01001049,7,3.0,0.10683975905173529
E01001050,7,4.25,0.0
E01001051,3,11.083333333333334,0.05904653396874837
E01001053,0,2.8333333333333335,0.0
E01001054,9,5.333333333333333,0.0
E01001055,3,5.25,0.0
E01001056,7,9.666666666666666,0.08519645358448977
E01001057,9,7.583333333333333,0.0
E01001058,1,1.75,0.07219301626243883
E01001059,2,2.4166666666666665,0.0
E01001060,2,3.75,0.0
E01001061,2,5.666666666666667,0.02727038612493956
E01001062,12,13.666666666666666,0.12441359268144637
E01001063,3,4.416666666666667,0.0
E01001064,5,5.166666666666667,0.05182955854235244
E01001065,5,8.5,0.13892782208936372
E01001066,4,4.166666666666667,0.04609939646376373
E01001067,3,3.1666666666666665,0.0
E01001068,2,3.25,0.0
E01001069,6,1.9166666666666667,0.11624626457445224
E01001070,4,4.166666666666667,0.0
E01001071,8,4.5,0.12465817701505796
E01001072,2,1.9166666666666667,0.013897742612336884
E01001073,2,3.3333333333333335,0.14079266156112674
E01001074,11,7.916666666666667,0.11118180674933709
E01001075,7,10.666666666666666,0.17841175958322644
E01001076,14,16.166666666666668,0.0
E01001077,2,2.0,0.08559989788369278
E01001078,3,8.083333333333334,0.0
E01001079,3,7.0,0.013014625306414215
E01001080,6,6.583333333333333,0.056169534179845354
E01001081,2,6.666666666666667,0.13024783827041736
E01001082,3,6.083333333333333,0.16178208317303414
E01001083,1,3.8333333333333335,0.09091522896770202
E01001084,9,5.916666666666667,0.0
E01001085,6,11.416666666666666,0.0074799063079793
E01001086,16,7.583333333333333,0.09191429129317913
E01001087,10,12.666666666666666,0.0
E01001088,6,3.5,0.0
E01001089,14,34.583333333333336,0.050512299367533486
E01001090,14,6.25,0.0
E01001091,10,6.916666666666667,0.0
E01001092,5,5.25,0.0
E01001093,2,3.75,0.0
E01001094,17,4.0,0.0
E01001095,8,7.916666666666667,0.16786355293804694
E01001096,1,3.0833333333333335,0.0
E01001097,45,29.0,0.04422745661104807
E01001098,6,1.8333333333333333,0.0588839784119128
E01001099,11,4.75,0.0
E01001100,7,3.5,0.1445143247926884
E01001101,5,2.25,0.09202734192956469
E01001102,0,3.1666666666666665,0.0
E01001103,3,2.3333333333333335,0.0
E01001104,2,2.5833333333333335,0.12076656507427426
E01001105,3,2.6666666666666665,0.14067748829322937
E01001106,10,3.6666666666666665,0.0002000405829445922
E01001107,4,2.6666666666666665,0.0412812983690186
E01001108,2,2.4166666666666665,0.0
E01001109,9,12.916666666666666,0.18250595186921725
E01001110,6,12.833333333333334,0.0
E01001111,18,14.583333333333334,0.17251107227229093
E01001112,5,5.583333333333333,0.0600901843098675
E01001113,2,10.333333333333334,0.06044532968615718
E01001114,8,9.083333333333334,0.02852871252473031
E01001115,6,7.666666666666667,0.0
E01001116,10,11.666666666666666,0.0
E01001117,0,0.0,0.0
E01001118,13,19.333333333333332,0.0
E01001119,2,1.25,0.08727747407274768
E01001120,5,5.166666666666667,0.0
E01001121,2,1.5833333333333333,0.0
E01001122,5,3.3333333333333335,0.14980314104950126
E01001123,3,2.3333333333333335,0.12148641189410819
E01001124,4,2.9166666666666665,0.1362639929649145
E01001125,9,8.75,0.17228727081298253
E01001126,4,2.3333333333333335,0.0
E01001127,0,2.75,0.0
E01001128,6,6.5,0.09516262912538026
E01001129,2,2.4166666666666665,0.06538364062139962
E01001130,11,4.166666666666667,0.0
E01001131,3,2.75,0.10223462790317307
E01001132,25,14.666666666666666,0.0
E01001133,3,3.5,0.0
E01001134,1,1.8333333333333333,0.016082120472015918
E01001135,4,7.333333333333333,0.047841154868478286
E01001136,26,22.25,0.0845838119997897
E01001137,9,10.583333333333334,0.0
E01001138,6,3.5833333333333335,0.12299103719691634
E01001139,4,7.333333333333333,0.0
E01001140,8,4.0,0.0
E01001141,5,2.1666666666666665,0.12252145276541077
E01001142,4,7.083333333333333,0.15597419748434901
E01001143,5,8.416666666666666,0.1315459739979613
E01001144,6,6.833333333333333,0.11145314403234208
E01001145,6,7.5,0.06698538620803673
E01001146,2,5.0,0.028865739193628608
E01001147,3,6.5,0.0
E01001148,6,6.833333333333333,0.0
E01001149,5,3.4166666666666665,0.0
E01001150,6,4.25,0.0
E01001151,13,8.333333333333334,0.08970691412472019
E01001152,7,8.583333333333334,0.02212402694232029
E01001153,7,6.25,0.0
E01001154,5,7.916666666666667,0.0
E01001155,32,26.5,0.12710282755557895
E01001156,4,4.75,0.0
E01001157,6,5.666666666666667,0.12078507262696898
E01001158,4,4.0,0.00943078051290176
E01001159,6,6.083333333333333,0.010733015611240022
E01001160,7,8.083333333333334,0.049722789015455654
E01001161,9,7.166666666666667,0.11690984659314921
E01001162,8,7.0,0.0
E01001163,5,3.0,0.06156996257425115
E01001164,15,13.75,0.05714304122867608
E01001165,6,6.5,0.0
E01001166,8,10.0,0.14080605192832102
E01001167,7,14.0,0.12733168491256153
E01001168,7,8.5,0.07067004801603526
E01001169,9,5.5,0.12014389954024808
E01001170,8,5.416666666666667,0.12493083229973474
E01001171,9,5.833333333333333,0.07838550902721172
E01001172,14,19.416666666666668,0.15395044895137877
E01001173,8,8.166666666666666,0.0814687009185669
E01001174,11,4.916666666666667,0.0674239507387955
E01001175,17,6.583333333333333,0.05350130867888961
E01001176,7,10.583333333333334,0.10461970949033615
E01001177,15,10.25,0.0
E01001178,29,28.583333333333332,0.19205664622191487
E01001179,5,6.166666666666667,0.12833690953699664
E01001180,11,7.0,0.0
E01001181,5,12.416666666666666,0.1315395363964644
E01001182,7,2.75,0.0
E01001183,21,20.916666666666668,0.00746466512328578
E01001184,9,4.25,0.08461972569673615
E01001185,12,5.333333333333333,0.0
E01001186,3,5.666666666666667,0.11081310564805703
E01001187,4,5.833333333333333,0.11551686940002387
E01001188,5,7.583333333333333,0.02287992094476255
E01001189,2,4.833333333333333,0.0
E01001190,6,3.0833333333333335,0.0
E01001191,15,10.666666666666666,0.06410960193594788
E01001192,9,11.416666666666666,0.17542865903308524
E01001193,2,5.583333333333333,0.05474024771715745
E01001194,4,8.166666666666666,0.0
E01001195,8,6.75,0.0585732237445806
E01001196,12,12.0,0.04465608114088502
E01001197,4,3.6666666666666665,0.09393320575332675
E01001198,1,2.3333333333333335,0.0
E01001199,6,6.0,0.09463860436367258
E01001200,4,5.833333333333333,0.02825658961553437
E01001201,3,3.1666666666666665,0.14751633556459334
E01001202,30,19.833333333333332,0.006542144254790223
E01001203,6,7.916666666666667,0.06133340395742189
E01001204,2,3.6666666666666665,0.13958801886098893
E01001205,6,4.5,0.0
E01001206,13,6.5,0.14885963258508822
E01001207,1,5.083333333333333,0.07020105350131228
E01001208,7,6.5,0.0
E01001209,8,7.333333333333333,0.0
E01001210,8,7.25,0.08218399220937037
E01001211,1,3.1666666666666665,0.0
E01001212,3,3.25,0.03349668125995843
E01001213,11,7.25,0.0
E01001214,13,4.583333333333333,0.048749139340222715
E01001215,23,10.916666666666666,0.0
E01001216,4,5.833333333333333,0.1273376578584142
E01001217,5,3.25,0.15089223396029547
E01001218,4,9.0,0.1651587070053037
E01001219,11,7.833333333333333,0.09621557673993343
E01001220,8,6.916666666666667,0.0
E01001221,0,0.0,0.07747895877870678
E01001222,0,0.0,0.0
E01001223,3,5.083333333333333,0.0
E01001224,1,2.5,0.0
E01001225,15,13.25,0.032655556350249804
E01001226,4,3.3333333333333335,0.09019457734959584
E01001227,1,2.5,0.06179287698739498
E01001228,4,8.0,0.005544456730443428
E01001229,5,5.916666666666667,0.0
E01001230,7,4.583333333333333,0.16161183405729293
E01001231,14,10.0,0.005071446692565526
E01001232,5,3.5,0.0
E01001233,11,8.5,0.0
E01001234,10,10.666666666666666,0.11747439104820402
E01001235,11,9.0,0.08260001815404286
E01001236,3,2.5833333333333335,0.0
E01001237,6,5.25,0.0
E01001238,0,0.0,0.05414979062241393
E01001239,7,8.583333333333334,0.06971467070302961
E01001240,7,8.083333333333334,0.0
E01001241,3,9.416666666666666,0.1608884630956266
E01001242,7,4.583333333333333,0.0
E01001243,19,12.5,0.01372176033999764
E01001244,5,5.75,0.1487345832627995
E01001245,32,17.416666666666668,0.02332123431575913
E01001246,17,18.416666666666668,0.09168252913932545
E01001247,56,47.75,0.09923976189280743
E01001248,4,2.75,0.0
E01001249,39,28.916666666666668,0.22389594805091056
E01001250,7,10.666666666666666,0.0018317283177381287
E01001251,5,6.333333333333333,0.1354672299175303
E01001252,12,18.666666666666668,0.0
E01001253,7,7.416666666666667,0.0
E01001254,0,5.0,0.0
E01001255,7,3.4166666666666665,0.054799208420204845
E01001257,7,11.416666666666666,0.0
E01001258,14,5.916666666666667,0.12541089976477385
E01001259,6,4.166666666666667,0.003303412016539489
E01001260,7,8.333333333333334,0.16313890839256123
E01001261,17,33.833333333333336,0.0
E01001262,9,4.75,0.12351505199702571
E01001263,6,6.583333333333333,0.10089695105185684
E01001264,6,4.833333333333333,0.09443146380373953
E01001265,5,7.916666666666667,0.12498180445230378
E01001266,13,12.333333333333334,0.11187489970975384
E01001267,17,9.833333333333334,0.06462953491083538
E01001268,6,5.583333333333333,0.0
E01001269,11,8.416666666666666,0.0
E01001270,7,4.166666666666667,0.1375947943537784
E01001271,6,6.083333333333333,0.05155213676946705
E01001272,6,9.666666666666666,0.11527100811390073
E01001273,8,5.333333333333333,0.00897246866537763
E01001274,2,2.5833333333333335,0.0
E01001275,8,5.0,0.0
E01001276,16,12.25,0.08901047979536413
E01001277,17,9.25,0.004267545289979427
E01001278,17,15.833333333333334,0.0
E01001279,2,3.5833333333333335,0.007231142430233286
E01001280,6,5.25,0.0
E01001281,0,3.4166666666666665,0.03389058138175895
E01001282,9,4.25,0.0
E01001283,10,7.666666666666667,0.11013413980784957
E01001284,8,4.25,0.0
E01001285,7,8.833333333333334,0.010607777543773733
E01001286,4,5.166666666666667,0.0
E01001287,2,2.5833333333333335,0.0
E01001288,5,3.8333333333333335,0.0
E01001289,2,3.9166666666666665,0.004641664023665068
E01001290,4,5.25,0.04429511884722229
E01001291,4,4.416666666666667,0.0
E01001292,1,5.5,0.07346394664993826
E01001293,3,7.166666666666667,0.1275422759723658
E01001294,3,7.0,0.10300723588324649
E01001295,3,4.416666666666667,0.0
E01001296,3,5.083333333333333,0.007987420988416951
E01001297,12,5.75,0.0
E01001298,7,6.916666666666667,0.0
E01001299,5,4.583333333333333,0.1584732619901235
E01001300,1,2.5,0.0
E01001301,11,6.583333333333333,0.017584341249741144
E01001302,1,2.6666666666666665,0.04270460190124202
E01001303,7,5.083333333333333,0.07457482797429946
E01001304,8,1.5,0.02197716344934028
E01001305,5,4.75,0.0
E01001306,3,2.5833333333333335,0.0
E01001307,1,4.083333333333333,0.016427124224304326
E01001308,3,2.6666666666666665,0.0
E01001309,3,7.083333333333333,0.0
E01001310,10,6.333333333333333,0.0
E01001311,9,9.5,0.0
E01001312,7,6.166666666666667,0.0
E01001313,3,1.8333333333333333,0.0
E01001314,8,4.5,0.032509929688265576
E01001315,3,2.8333333333333335,0.06455098994734892
E01001316,8,5.75,0.1058258169452447
E01001317,11,8.083333333333334,0.0
E01001318,3,3.0833333333333335,0.0
E01001319,5,3.75,0.0
E01001320,9,8.416666666666666,0.06383676368141715
E01001321,5,5.75,0.07759252515859019
E01001322,22,11.25,0.0
E01001323,15,9.416666666666666,0.15649306829361048
E01001324,6,4.916666666666667,0.0
E01001325,2,4.666666666666667,0.02509019340048217
E01001326,7,7.666666666666667,0.08358456545196806
E01001327,15,13.5,0.14803376275322008
E01001328,14,9.666666666666666,0.0905359004607762
E01001329,6,5.416666666666667,0.1052609969327316
E01001330,9,9.333333333333334,0.0
E01001331,7,6.25,0.11145819413756218
E01001332,5,7.25,0.0
E01001333,30,22.333333333333332,0.17922975526678606
E01001334,6,8.666666666666666,0.03786582806499136
E01001335,4,6.25,0.11219999100235663
E01001336,6,6.75,0.004066998170187245
E01001337,27,18.666666666666668,0.09387847979960164
E01001338,5,7.75,0.029014016697708547
E01001339,15,8.166666666666666,0.09170411894438138
E01001340,15,19.916666666666668,0.0
E01001341,4,3.0833333333333335,0.0
E01001342,3,4.75,0.0
E01001343,2,5.75,0.0
E01001344,9,10.666666666666666,0.14056659640088573
E01001345,9,5.333333333333333,0.0
E01001346,6,4.666666666666667,0.1554608695559004
E01001347,17,15.75,0.0
E01001348,23,15.75,0.0
E01001349,6,4.666666666666667,0.09961084495290477
E01001350,3,3.1666666666666665,0.05623106705715781
E01001351,20,24.0,0.06477964938819843
E01001352,5,2.5833333333333335,0.023640138086914217
E01001353,7,3.4166666666666665,0.07505969428911848
E01001354,9,8.166666666666666,0.0
E01001355,4,7.25,0.16863254043280848
E01001356,4,4.583333333333333,0.15491243265401453
E01001357,7,6.75,0.06346921871877828
E01001358,8,8.583333333333334,0.0
E01001359,12,15.25,0.0955744831625922
E01001360,9,9.833333333333334,0.0
E01001361,57,55.833333333333336,0.011157646783311354
E01001362,20,21.666666666666668,0.0
E01001363,8,6.166666666666667,0.005570738235221983
E01001364,14,9.166666666666666,0.1354307196424733
E01001365,8,11.5,0.0994503353549321
E01001366,13,7.916666666666667,0.0943587923772318
E01001367,22,58.416666666666664,0.13664096926161698
E01001368,5,5.666666666666667,0.0
E01001369,4,9.75,0.0
E01001370,6,12.083333333333334,0.17918214514712716
E01001371,14,9.75,0.0
E01001372,5,9.583333333333334,0.13619246085760095
E01001373,3,10.416666666666666,0.0519537225943989
E01001374,8,3.0,0.0
E01001375,4,3.5,0.07710326773216172
E01001376,14,7.0,0.015052621642652406
E01001377,7,4.833333333333333,0.1251818818350221
E01001379,1,2.25,0.12633439680827663
E01001380,7,6.666666666666667,0.0
E01001381,12,13.416666666666666,0.0
E01001382,4,2.5,0.034509362583452094
E01001383,4,2.9166666666666665,0.13164731169135793
E01001384,2,2.0,0.0
E01001385,1,2.6666666666666665,0.044147856674851146
E01001386,5,6.916666666666667,0.05829319644281626
E01001387,16,11.5,0.10123352114962399
E01001388,17,13.916666666666666,0.0
E01001389,18,23.25,0.12802714465525028
E01001390,1,4.25,0.1342770050089461
E01001391,9,6.916666666666667,0.0
E01001392,7,5.083333333333333,0.0
E01001393,1,2.4166666666666665,0.14799598341775383
E01001394,3,6.5,0.0
E01001395,4,5.416666666666667,0.12105810002266777
E01001396,5,5.75,0.013333164146930275
E01001397,12,6.833333333333333,0.0
E01001398,4,1.8333333333333333,0.11621476398574525
E01001399,6,3.4166666666666665,0.0
E01001400,4,3.0833333333333335,0.012837131785620603
E01001401,5,3.6666666666666665,0.0
E01001402,5,4.916666666666667,0.04126697464118361
E01001403,10,5.25,0.0
E01001404,6,2.9166666666666665,0.0
E01001405,3,2.0,0.14626710790494096
E01001406,10,19.583333333333332,0.0
E01001407,1,2.1666666666666665,0.05291802816710528
E01001408,5,4.666666666666667,0.0
E01001409,8,8.166666666666666,0.10426920012376201
E01001410,8,9.75,0.0
E01001411,5,9.916666666666666,0.16793656074515562
E01001412,14,10.416666666666666,0.014487962437772648
E01001413,6,5.916666666666667,0.0
E01001414,0,3.75,0.0
E01001415,3,11.416666666666666,0.0
E01001416,6,4.916666666666667,0.01931390377751068
E01001417,9,5.0,0.0
E01001418,21,10.25,0.12656249218710083
E01001419,6,6.0,0.0
E01001420,5,4.583333333333333,0.0
E01001421,9,8.833333333333334,0.05918522880044241
E01001422,1,3.25,0.07087870827271019
E01001423,7,8.0,0.0
E01001424,3,3.75,0.0
E01001425,16,15.666666666666666,0.0
E01001426,6,6.75,0.08929211733438935
E01001427,20,13.5,0.08588438391593595
E01001428,5,6.833333333333333,0.01098758433982281
E01001429,78,50.583333333333336,0.24092407640089747
E01001430,5,8.916666666666666,0.11596958750443079
E01001431,8,7.25,0.04533867493481153
E01001432,12,13.0,0.14586355698228334
E01001433,9,8.416666666666666,0.0
E01001434,5,3.75,0.0
E01001435,3,3.75,0.0
E01001436,8,7.666666666666667,0.0
E01001437,8,13.583333333333334,0.046320692829885476
E01001438,7,7.75,0.15207492610536305
E01001439,13,15.75,0.0
E01001440,12,9.25,0.0
E01001441,14,8.666666666666666,0.009247823703901085
E01001442,14,6.666666666666667,0.1483072092728872
E01001444,5,7.166666666666667,0.0
E01001445,22,13.083333333333334,0.0377794242350049
E01001446,4,4.666666666666667,0.0
E01001447,7,6.75,0.0
E01001448,5,8.583333333333334,0.1693503433063431
E01001449,9,6.333333333333333,0.15677307774460364
E01001450,25,16.333333333333332,0.0
E01001451,13,11.916666666666666,0.16797719405291858
E01001452,0,2.1666666666666665,0.047633010149367744
E01001453,9,2.8333333333333335,0.11808698756217581
E01001454,7,3.1666666666666665,0.0
E01001455,1,3.75,0.014885204581940177
E01001456,5,2.1666666666666665,0.0025510028817936885
E01001457,2,3.5,0.05958524687145208
E01001458,4,12.583333333333334,0.0
E01001459,5,4.75,0.0
E01001460,11,10.333333333333334,0.0
E01001461,3,9.416666666666666,0.08703362324149752
E01001462,6,6.416666666666667,0.0
E01001463,3,4.5,0.06427740520727332
E01001464,8,6.0,0.1573038474452453
E01001465,17,7.666666666666667,0.0
E01001466,2,1.75,0.05654362027134828
E01001467,10,4.833333333333333,0.0
E01001468,27,21.583333333333332,0.16918615556024635
E01001469,5,4.0,0.0
E01001470,4,4.0,0.06867460807655883
E01001471,5,3.75,0.11164098290259816
E01001472,7,4.416666666666667,0.14540513225182364
E01001473,5,4.416666666666667,0.06699527489651044
E01001474,3,3.6666666666666665,0.009132016410511866
E01001475,5,3.5833333333333335,0.045106950468166374
E01001476,9,5.833333333333333,0.12654811135631674
E01001477,10,8.083333333333334,0.04318337760924926
E01001478,2,4.583333333333333,0.0
E01001479,8,11.166666666666666,0.15967698787640722
E01001480,4,5.416666666666667,0.07160059732126241
E01001481,8,6.166666666666667,0.06973786694660104
E01001482,6,7.166666666666667,0.0
E01001483,11,8.0,0.06943928588721607
E01001484,6,3.3333333333333335,0.0
E01001485,10,12.166666666666666,0.0784839779389389
E01001486,10,9.166666666666666,0.0
E01001487,13,9.5,0.07320979460159577
E01001488,17,9.416666666666666,0.17545351215170346
E01001489,5,8.25,0.0
E01001491,8,7.083333333333333,0.16243100328181817
E01001492,12,10.583333333333334,0.0008771058399049507
E01001493,7,6.916666666666667,0.13005116551623785
E01001494,4,5.083333333333333,0.09855098202855031
E01001495,5,5.75,0.03575468550852017
E01001496,4,6.0,0.08786499638846212
E01001497,9,2.5833333333333335,0.12058574119602923
E01001498,9,12.5,0.005263416522526945
E01001499,5,4.833333333333333,0.0
E01001500,6,6.0,0.0666082492821396
E01001501,15,20.0,0.14678789462592484
E01001502,18,11.666666666666666,0.11043877245838732
E01001503,5,7.083333333333333,0.10862284267301332
E01001504,8,12.083333333333334,0.013562270470189722
E01001505,5,6.666666666666667,0.11349496886702223
E01001506,0,0.0,0.0
E01001507,34,31.666666666666668,0.09953407345720475
E01001508,11,12.333333333333334,0.0
E01001509,4,7.083333333333333,0.0
E01001510,0,0.0,0.0
E01001511,19,28.583333333333332,0.04664722594501294
E01001512,15,19.0,0.11035256844832858
E01001513,72,57.416666666666664,0.12283869370612073
E01001514,6,6.666666666666667,0.0027527908012749715
E01001515,2,6.416666666666667,0.0
E01001516,15,12.916666666666666,0.0
E01001517,2,10.583333333333334,0.0
E01001518,16,11.833333333333334,0.0
E01001519,0,0.0,0.031034578014413366
E01001520,10,5.0,0.06407236757739171
E01001521,4,3.25,0.0446926470099608
E01001522,12,7.166666666666667,0.008553769955776162
E01001523,1,2.5,0.0
E01001524,2,3.3333333333333335,0.11807244687880546
E01001525,5,3.6666666666666665,0.01570412274884908
E01001526,3,2.0833333333333335,0.0
E01001527,9,7.0,0.0
E01001528,38,46.416666666666664,0.0787068499889129
E01001529,9,10.916666666666666,0.0
E01001530,7,4.666666666666667,0.0
E01001531,5,2.75,0.03153640117418743
E01001532,4,5.166666666666667,0.02414290962931326
E01001533,6,3.3333333333333335,0.04144387984529126
E01001534,9,8.0,0.1012386232800574
E01001535,3,5.5,0.10886510242680354
E01001536,9,16.0,0.10898421250278617
E01001537,7,5.416666666666667,0.15139968079827443
E01001538,3,3.0833333333333335,0.0
E01001539,5,4.25,0.0
E01001540,5,5.25,0.0
E01001541,2,3.6666666666666665,0.054222001454364566
E01001542,2,6.0,0.13573939829806023
E01001543,2,2.9166666666666665,0.0
E01001544,14,5.583333333333333,0.14330655305104897
E01001545,13,8.25,0.0
E01001546,3,4.666666666666667,0.1430321008518153
E01001547,9,9.25,0.0
E01001548,7,9.416666666666666,0.0
E01001549,6,10.666666666666666,0.024793054179122902
E01001550,14,7.666666666666667,0.0
E01001551,9,8.583333333333334,0.0
E01001552,4,6.083333333333333,0.0
E01001553,7,4.0,0.10179459175850848
E01001554,18,10.166666666666666,0.03941905662471289
E01001555,10,12.0,0.0
E01001556,4,3.75,0.043306531001440635
E01001557,6,5.5,0.07981458307893356
E01001558,26,19.25,0.0
E01001559,65,27.166666666666668,0.04800439931675719
E01001560,14,6.75,0.0
E01001562,8,6.25,0.0
E01001563,9,6.75,0.07270686900419204
E01001564,5,7.333333333333333,0.0
E01001565,5,6.083333333333333,0.024106057513363678
E01001566,1,4.75,0.07564198012707228
E01001567,6,2.3333333333333335,0.0
E01001568,0,3.4166666666666665,0.02949282669611038
E01001569,6,6.75,0.0
E01001570,5,7.833333333333333,0.16019808978832994
E01001571,4,2.8333333333333335,0.0027751932221466115
E01001572,1,4.916666666666667,0.1051794841432528
E01001573,11,6.0,0.03139819625994272
E01001574,3,5.583333333333333,0.0
E01001575,6,10.333333333333334,0.06806970390070613
E01001576,7,10.916666666666666,0.16513295548576667
E01001577,6,7.666666666666667,0.051349955660592486
E01001578,30,22.166666666666668,0.15608779867630196
E01001579,9,9.666666666666666,0.1415717598255702
E01001580,8,5.75,0.0
E01001581,6,5.083333333333333,0.0
E01001582,6,7.166666666666667,0.05279985347090196
E01001583,2,3.4166666666666665,0.0
E01001584,1,4.666666666666667,0.11465968367017713
E01001585,12,3.8333333333333335,0.13044014182774988
E01001586,2,2.6666666666666665,0.0
E01001587,9,6.75,0.0
E01001588,8,5.416666666666667,0.09890022658495261
E01001589,25,16.416666666666668,0.0
E01001590,11,7.083333333333333,0.1160630435695265
E01001591,15,12.916666666666666,0.012276840122753138
E01001592,2,3.25,0.05911051299451757
E01001593,3,3.8333333333333335,0.0
E01001594,7,6.916666666666667,0.055982927818032005
E01001595,9,6.833333333333333,0.00412862523604738
E01001596,2,3.6666666666666665,0.03596212616062591
E01001597,4,4.083333333333333,0.0
E01001598,4,5.166666666666667,0.08512426909450435
E01001599,7,6.583333333333333,0.12675701847730286
E01001600,8,3.25,0.0
E01001601,3,3.5,0.0
E01001602,6,7.416666666666667,0.0
E01001603,4,6.416666666666667,0.06005572774695122
E01001604,31,19.416666666666668,0.08497466126891139
E01001605,2,3.0833333333333335,0.022401149420934553
E01001606,3,2.6666666666666665,0.0
E01001607,3,5.666666666666667,0.0
E01001608,0,2.0,0.033786311760206654
E01001609,27,29.916666666666668,0.0804544169228903
E01001610,4,3.0833333333333335,0.1547275816711797
E01001611,7,5.416666666666667,0.0
E01001613,10,7.416666666666667,0.07872934943042692
E01001614,7,6.333333333333333,0.0
E01001615,11,12.666666666666666,0.012934822105264365
E01001617,28,15.416666666666666,0.10723895773102057
E01001618,5,7.666666666666667,0.07859725501400401
E01001619,5,3.8333333333333335,0.15781000291900305
E01001620,14,8.333333333333334,0.0
E01001621,6,4.333333333333333,0.0
E01001623,6,6.0,0.08363187875168654
E01001624,5,4.916666666666667,0.036897794312628095
E01001625,4,6.916666666666667,0.0
E01001629,4,9.25,0.0
E01001631,7,11.833333333333334,0.0
E01001632,2,5.666666666666667,0.1336802608115739
E01001633,10,7.083333333333333,0.0
E01001634,5,9.5,0.0
E01001635,8,4.75,0.0
E01001636,4,10.166666666666666,0.0
E01001637,9,6.833333333333333,0.0
E01001638,4,8.083333333333334,0.027718390890081462
E01001640,0,0.0,0.0
E01001641,22,19.0,0.1418193587880784
E01001642,19,9.5,0.0
E01001644,14,16.75,0.05759214321782404
E01001645,5,6.333333333333333,0.13126119508222744
E01001646,11,18.333333333333332,0.09516114675407661
E01001647,3,5.333333333333333,0.0244030991770132
E01001648,5,4.583333333333333,0.0
E01001649,6,7.0,0.0
E01001650,4,7.083333333333333,0.07012483457488004
E01001651,15,9.333333333333334,0.1736443939866723
E01001652,5,5.666666666666667,0.06397475536715198
E01001653,3,5.166666666666667,0.03139717082225718
E01001654,5,6.083333333333333,0.08575219548501944
E01001655,4,8.833333333333334,0.01360341650434882
E01001656,0,2.75,0.0
E01001657,7,7.0,0.03774098397861449
E01001658,2,5.0,0.15089611336250086
E01001659,7,7.166666666666667,0.0
E01001660,3,3.75,0.06720786325436484
E01001661,1,6.166666666666667,0.0
E01001662,0,0.0,0.010748305341924391
E01001664,19,11.0,0.0
E01001665,4,4.583333333333333,0.0
E01001666,28,23.416666666666668,0.14058227151956043
E01001667,0,0.0,0.0
E01001668,0,0.0,0.0494735173461654
E01001669,12,10.0,0.1158520442586924
E01001671,7,9.5,0.15400954906452075
E01001672,11,11.083333333333334,0.0
E01001673,15,13.333333333333334,0.006084182771823966
E01001674,9,8.166666666666666,0.0
E01001675,17,15.166666666666666,0.18902425228053593
E01001676,14,15.083333333333334,0.1691526832101305
E01001677,13,10.333333333333334,0.040111430306667306
E01001678,7,8.916666666666666,0.1268785299323412
E01001679,5,3.6666666666666665,0.016266980389596314
E01001680,2,4.666666666666667,0.04977699921098895
E01001681,4,3.5833333333333335,0.0
E01001682,4,5.416666666666667,0.09132369816083642
E01001683,11,7.916666666666667,0.0
E01001684,6,5.833333333333333,0.11369690508845981
E01001685,9,5.25,0.09889738071254692
E01001686,4,7.333333333333333,0.08258258373886027
E01001687,8,11.75,0.0
E01001688,25,19.25,0.0
E01001690,5,7.75,0.0
E01001692,8,4.833333333333333,0.0
E01001693,6,7.833333333333333,0.0
E01001694,7,6.75,0.149458859724016
E01001695,7,6.75,0.03451218502841008
E01001696,19,15.666666666666666,0.0
E01001697,10,6.666666666666667,0.0
E01001698,10,9.25,0.009336538971591327
E01001699,7,4.666666666666667,0.04287959281834623
E01001700,17,15.166666666666666,0.04598302994197269
E01001701,33,27.083333333333332,0.1995304520232955
E01001702,4,6.0,0.015419278484813257
E01001703,10,8.25,0.17010147566495704
E01001704,3,5.083333333333333,0.11926282413459699
E01001705,8,11.416666666666666,0.0
E01001706,0,0.0,0.12917856439317485
E01001708,2,2.75,0.0
E01001709,0,0.0,0.09523491254735747
E01001710,4,4.916666666666667,0.0
E01001711,0,0.0,0.11339229613352084
E01001712,16,9.333333333333334,0.13581959265255716
E01001713,0,0.0,0.09177762003528633
E01001714,16,15.583333333333334,0.129422376526049
E01001715,8,5.75,0.0
E01001716,8,12.25,0.0
E01001717,3,3.6666666666666665,0.0
E01001718,1,2.5833333333333335,0.0
E01001719,16,7.416666666666667,0.07867130988688731
E01001720,0,3.0,0.0
E01001722,12,13.416666666666666,0.17919927708718744
E01001723,3,2.9166666666666665,0.05022993120995026
E01001724,9,8.083333333333334,0.11874462270790864
E01001725,0,2.3333333333333335,0.0
E01001726,1,0.8333333333333334,0.11087243268360125
E01001727,6,2.1666666666666665,0.13272418595873592
E01001728,4,2.8333333333333335,0.003830074851849964
E01001729,40,37.666666666666664,0.1343934590073073
E01001730,15,12.5,0.11346426029811568
E01001731,22,25.833333333333332,0.0
E01001732,5,7.25,0.02050218855481861
E01001733,19,16.25,0.013826624367076101
E01001734,22,18.583333333333332,0.0
E01001735,8,5.166666666666667,0.0
E01001736,6,6.083333333333333,0.0
E01001737,7,6.25,0.0
E01001738,3,4.5,0.0
E01001739,3,8.25,0.1613886046947154
E01001740,10,7.833333333333333,0.03617888798556111
E01001741,2,4.083333333333333,0.15086027955485687
E01001742,10,7.833333333333333,0.0010693907160956202
E01001744,6,6.166666666666667,0.0
E01001745,6,9.833333333333334,0.02860599727348399
E01001746,5,6.25,0.0
E01001747,34,29.583333333333332,0.0
E01001748,0,0.0,0.042247894407061864
E01001749,10,5.833333333333333,0.0
E01001750,7,13.583333333333334,0.07284622089892474
E01001751,6,6.833333333333333,0.06365864933432466
E01001752,0,0.0,0.0
E01001753,4,7.0,0.0
E01001754,0,0.0,0.08422847582053195
E01001755,7,5.916666666666667,0.00404355194367878
E01001756,9,6.583333333333333,0.0
E01001757,4,4.583333333333333,0.16093437916090972
E01001758,15,14.333333333333334,0.0
E01001759,8,10.666666666666666,0.08754209508079118
E01001760,53,44.416666666666664,0.26599276807573535
E01001761,10,11.583333333333334,0.0
E01001762,8,12.0,0.0
E01001763,9,11.333333333333334,0.0
E01001764,8,5.333333333333333,0.0
E01001765,7,4.916666666666667,0.0
E01001767,1,3.1666666666666665,0.06626713691513456
E01001768,6,4.25,0.0
E01001769,5,7.583333333333333,0.023466239261448592
E01001770,9,9.166666666666666,0.17395802417585218
E01001772,6,4.75,0.10711918246214812
E01001773,3,4.0,0.045452653878012714
E01001774,7,11.0,0.0
E01001775,2,4.583333333333333,0.04964323489747114
E01001776,4,8.833333333333334,0.03215417199272888
E01001777,20,17.5,0.025454863205215332
E01001779,0,0.0,0.0
E01001780,25,12.25,0.14932215819881273
E01001781,8,6.916666666666667,0.0037605250614568646
E01001782,0,0.0,0.0
E01001783,5,5.333333333333333,0.0
E01001784,10,7.5,0.0
E01001785,5,7.083333333333333,0.11754011668548527
E01001786,8,5.166666666666667,0.08414645977967034
E01001787,13,4.833333333333333,0.09394637850292585
E01001788,4,5.5,0.0
E01001789,6,5.333333333333333,0.0
E01001790,7,4.5,0.006650920700395222
E01001791,1,5.416666666666667,0.0
E01001792,10,9.166666666666666,0.0
E01001793,4,6.0,0.09441718054970469
E01001794,4,8.083333333333334,0.0
E01001795,4,3.4166666666666665,0.019892200243216824
E01001796,3,6.583333333333333,0.0
E01001798,8,9.166666666666666,0.0
E01001799,4,4.0,0.0
E01001800,7,17.583333333333332,0.19061878331130147
E01001801,2,3.0833333333333335,0.09885305917161041
E01001802,5,2.3333333333333335,0.14422363970139052
E01001803,3,2.5,0.0031604771833521443
E01001804,1,1.25,0.0
E01001805,7,3.6666666666666665,0.02436743390009155
E01001806,6,6.166666666666667,0.0030970515814153325
E01001807,8,4.833333333333333,0.11646203523240871
E01001808,25,20.0,0.0
E01001809,4,2.6666666666666665,0.0037302227123397645
E01001811,2,5.083333333333333,0.0
E01001812,10,8.666666666666666,0.0
E01001813,11,15.916666666666666,0.11452760405099628
E01001814,3,4.166666666666667,0.004145878819702317
E01001815,1,5.916666666666667,0.0
E01001816,4,5.75,0.0
E01001819,2,6.833333333333333,0.006432352136674653
E01001820,9,4.666666666666667,0.09820625596127809
E01001821,4,3.25,0.12647094988914673
E01001822,10,9.416666666666666,0.162229800371682
E01001823,2,3.0833333333333335,0.09446294148330206
E01001824,6,4.916666666666667,0.0
E01001825,0,3.4166666666666665,0.06573957263340198
E01001826,2,2.0833333333333335,0.0
E01001827,5,6.916666666666667,0.0
E01001828,5,4.5,0.11450914903757489
E01001829,4,6.583333333333333,0.0
E01001830,21,24.083333333333332,0.18607634089306524
E01001831,4,6.916666666666667,0.007268369802480339
E01001832,4,4.666666666666667,0.05386173585264516
E01001833,4,8.583333333333334,0.07116748308042387
E01001834,8,6.0,0.1348655558250251
E01001835,1,2.8333333333333335,0.0487124038563314
E01001836,13,11.5,0.06547968985305823
E01001837,5,4.833333333333333,0.0
E01001838,8,7.416666666666667,0.025708389799710022
E01001839,20,18.416666666666668,0.0
E01001840,3,4.583333333333333,0.08370461462642526
E01001841,1,3.25,0.012512119450878779
E01001842,8,6.083333333333333,0.07062537617575163
E01001843,9,4.583333333333333,0.0
E01001844,16,28.916666666666668,0.0
E01001845,3,6.583333333333333,0.082814911633139
E01001846,21,14.166666666666666,0.0
E01001847,9,6.333333333333333,0.0
E01001848,15,8.416666666666666,0.0
E01001849,31,23.416666666666668,0.20068369234083064
E01001850,3,4.583333333333333,0.08372699184768168
E01001851,6,7.583333333333333,0.0
E01001852,1,3.3333333333333335,0.0
E01001853,7,5.333333333333333,0.0
E01001854,7,9.583333333333334,0.10847907137522095
E01001855,2,3.5833333333333335,0.058163961728926544
E01001856,1,10.333333333333334,0.0
E01001857,13,28.166666666666668,0.0
E01001858,7,10.5,0.0
E01001859,3,1.9166666666666667,0.05330741831457471
E01001860,14,18.833333333333332,0.1305705875075278
E01001861,5,5.083333333333333,0.0
E01001862,7,8.0,0.0
E01001863,2,3.75,0.0
E01001864,5,4.916666666666667,0.1537397296642145
E01001865,5,3.6666666666666665,0.0
E01001866,5,8.166666666666666,0.10299420676922189
E01001867,0,1.3333333333333333,0.04102801145918227
E01001868,6,4.416666666666667,0.0
E01001869,1,7.166666666666667,0.0
E01001870,4,3.8333333333333335,0.0
E01001871,0,4.583333333333333,0.04697837442163958
E01001872,8,6.416666666666667,0.09985441180530782
E01001873,3,5.333333333333333,0.05768703927395181
E01001874,0,0.0,0.009090639974747489
E01001875,10,5.416666666666667,0.0
E01001876,13,17.083333333333332,0.1870424373155118
E01001877,13,12.583333333333334,0.12386238632377086
E01001878,5,6.333333333333333,0.0
E01001879,2,6.75,0.16236261162235238
E01001880,4,6.0,0.046894710503960824
E01001881,23,14.5,0.06419152869374573
E01001882,5,3.5,0.08394792343648041
E01001883,13,4.0,0.10441775883575073
E01001884,13,9.416666666666666,0.07257297661995432
E01001885,3,5.333333333333333,0.0
E01001886,13,10.333333333333334,0.0
E01001887,2,2.9166666666666665,0.13636340010416556
E01001888,7,5.416666666666667,0.0
E01001889,11,6.666666666666667,0.0
E01001890,17,27.666666666666668,0.0549235865434992
E01001891,23,15.75,0.02468836014262913
E01001892,5,2.9166666666666665,0.04182018275470831
E01001893,6,6.416666666666667,0.1503870289373837
E01001894,12,18.75,0.0
E01001895,5,4.583333333333333,0.0
E01001896,4,7.5,0.0
E01001897,4,3.75,0.12628386607094594
E01001898,56,62.666666666666664,0.21430346153300997
E01001899,29,30.833333333333332,0.019691292838883434
E01001900,18,17.0,0.14105307692760036
E01001901,2,3.0833333333333335,0.11680292451574434
E01001902,4,5.916666666666667,0.12005772641996612
E01001903,6,3.9166666666666665,0.13633797370039435
E01001904,6,4.25,0.0
E01001905,7,3.25,0.08535812183095991
E01001906,1,1.9166666666666667,0.0
E01001907,5,3.8333333333333335,0.11303277067536499
E01001908,3,7.166666666666667,0.0880527599640884
E01001909,4,3.5,0.09246020355753817
E01001910,2,3.5,0.05637452091194222
E01001911,4,6.25,0.0
E01001912,12,9.333333333333334,0.03891066128940356
E01001913,6,3.75,0.15560731786551757
E01001914,3,7.166666666666667,0.1507219767647401
E01001915,2,7.333333333333333,0.0
E01001916,3,4.416666666666667,0.0
E01001917,6,5.333333333333333,0.0
E01001918,5,3.3333333333333335,0.07686632500284653
E01001919,2,2.5,0.10213986296252693
E01001920,11,18.25,0.0
E01001921,5,4.583333333333333,0.014230291895528274
E01001922,5,10.666666666666666,0.13124243482658518
E01001923,2,4.5,0.08208813863967332
E01001924,5,2.0833333333333335,0.018341381652090673
E01001925,4,9.25,0.05228008395777249
E01001926,4,3.3333333333333335,0.011580516082141877
E01001927,3,2.5833333333333335,0.0
E01001928,6,6.416666666666667,0.03697087547167626
E01001929,3,2.8333333333333335,0.06437708982119641
E01001930,7,7.083333333333333,0.1312756227736653
E01001931,2,1.9166666666666667,0.04610400859794771
E01001932,80,16.166666666666668,0.12233736834814812
E01001933,14,8.75,0.0
E01001934,2,6.416666666666667,0.00593151993990839
E01001935,2,2.4166666666666665,0.0
E01001937,3,4.416666666666667,0.0
E01001938,5,2.3333333333333335,0.07428916093898197
E01001939,0,0.0,0.147542985404809
E01001940,6,6.416666666666667,0.0
E01001941,22,24.166666666666668,0.036222846811006126
E01001942,15,8.0,0.11179493542716676
E01001943,115,132.41666666666666,0.2716098738769889
E01001944,5,7.25,0.03625785040647178
E01001945,7,8.666666666666666,0.09350950402777294
E01001946,6,10.25,0.06269311750037171
E01001947,2,3.25,0.0
E01001948,11,9.5,0.0
E01001949,7,3.5833333333333335,0.09489031375342138
E01001950,9,5.083333333333333,0.030103291050673244
E01001951,6,6.75,0.0
E01001952,9,6.75,0.09666874082312535
E01001953,21,16.583333333333332,0.0
E01001954,2,2.5833333333333335,0.0807512076249945
E01001955,5,6.0,0.0
E01001956,3,5.083333333333333,0.15125738084688234
E01001957,0,1.3333333333333333,0.0
E01001958,16,8.75,0.0
E01001959,8,9.0,0.0
E01001960,5,4.083333333333333,0.0
E01001961,3,5.0,0.12660375655934697
E01001962,3,5.5,0.16386968210014968
E01001963,7,6.0,0.0
E01001964,4,4.833333333333333,0.0
E01001965,4,2.5,0.07342554546626452
E01001966,9,7.916666666666667,0.1374055701567598
E01001967,2,3.25,0.03675884346311169
E01001968,3,3.4166666666666665,0.0
E01001969,8,4.75,0.0
E01001970,11,11.0,0.08862420557299308
E01001971,11,12.75,0.0
E01001972,7,4.0,0.04676362364666166
E01001973,8,7.416666666666667,0.0
E01001974,7,4.833333333333333,0.10141410979364919
E01001975,8,8.666666666666666,0.0
E01001976,6,6.166666666666667,0.04324453129794424
E01001977,4,6.916666666666667,0.013116997380897232
E01001978,6,6.0,0.05902789138463241
E01001979,17,14.916666666666666,0.0
E01001980,11,6.75,0.042366649043136584
E01001981,2,5.25,0.03273433079928828
E01001982,9,5.666666666666667,0.03362102673718969
E01001983,2,4.5,0.04329397518873457
E01001984,5,7.416666666666667,0.07312636438405745
E01001985,9,4.083333333333333,0.10261033111312183
E01001986,6,6.583333333333333,0.0
E01001987,4,5.083333333333333,0.1113501598650869
E01001988,8,3.9166666666666665,0.010136718287564109
E01001989,10,9.0,0.0
E01001990,21,23.5,0.0
E01001991,8,6.75,0.0
E01001992,2,5.25,0.09975804754487141
E01001993,1,3.4166666666666665,0.07160344122971406
E01001994,5,4.416666666666667,0.09860535581133861
E01001995,11,7.25,0.024913082548268708
E01001996,4,2.8333333333333335,0.0
E01001997,13,17.75,0.0
E01001998,2,5.25,0.0
E01001999,17,9.25,0.005381586672303193
E01002000,3,3.8333333333333335,0.0
E01002001,3,5.416666666666667,0.0
E01002002,14,24.083333333333332,0.09501533147155984
E01002003,17,16.25,0.11492665030713911
E01002004,2,4.916666666666667,0.16288597262859028
E01002005,5,8.083333333333334,0.15193445302066766
E01002006,0,3.5,0.052295529468178246
E01002007,2,4.75,0.0
E01002008,5,8.5,0.0639877070309774
E01002009,5,16.666666666666668,0.13105724546035902
E01002010,3,6.666666666666667,0.0
E01002011,9,9.5,0.0
E01002013,6,2.0833333333333335,0.10761090569522136
E01002014,9,11.833333333333334,0.0
E01002015,6,5.916666666666667,0.03766510618103869
E01002016,7,4.0,0.037217630667368926
E01002017,1,4.083333333333333,0.0
E01002018,5,6.583333333333333,0.0
E01002019,4,6.166666666666667,0.0
E01002020,1,3.75,0.0
E01002021,1,4.25,0.0
E01002022,31,20.833333333333332,0.15621131314809378
E01002023,3,3.9166666666666665,0.0
E01002024,0,4.75,0.018351731481987113
E01002025,2,1.75,0.0
E01002026,42,51.416666666666664,0.27214480324655493
E01002027,4,4.666666666666667,0.0
E01002028,8,5.666666666666667,0.0
E01002029,41,63.416666666666664,0.2844205720834617
E01002030,13,9.333333333333334,0.12798265565786465
E01002031,40,40.666666666666664,0.01651311984242934
E01002032,6,5.833333333333333,0.10666960895141442
E01002033,11,9.583333333333334,0.013539078042234198
E01002034,35,41.916666666666664,0.10897548811687442
E01002036,12,11.416666666666666,0.0
E01002037,22,15.083333333333334,0.0
E01002038,31,15.416666666666666,0.11034142012569725
E01002039,2,7.75,0.020031564123464504
E01002040,17,12.916666666666666,0.016210574812678166
E01002041,12,10.583333333333334,0.0976571862187628
E01002042,13,10.666666666666666,0.10868539612055815
E01002043,2,9.833333333333334,0.0
E01002044,5,8.833333333333334,0.05710927766252577
E01002045,7,6.333333333333333,0.0
E01002046,8,7.25,0.09514489142449958
E01002047,6,3.9166666666666665,0.057746560488669864
E01002048,9,7.333333333333333,0.1569435607410047
E01002049,7,7.5,0.0
E01002050,3,2.0833333333333335,0.0
E01002051,9,11.333333333333334,0.0
E01002052,2,4.25,0.0
E01002053,13,6.25,0.0
E01002054,7,9.166666666666666,0.14682534217627016
E01002055,2,5.75,0.0
E01002056,16,13.75,0.0
E01002057,4,6.0,0.09414971233845329
E01002058,34,18.833333333333332,0.03618074157616903
E01002059,3,4.166666666666667,0.0943536070956267
E01002060,2,4.25,0.0
E01002061,5,4.75,0.009199459712357761
E01002062,3,5.75,0.0
E01002063,1,3.8333333333333335,0.0
E01002064,7,5.833333333333333,0.13780785201602455
E01002065,17,9.0,0.0
E01002066,15,18.083333333333332,0.058943714321939136
E01002067,9,9.583333333333334,0.0
E01002068,26,20.0,0.008637109921200092
E01002069,48,72.5,0.31727365986404066
E01002070,12,10.083333333333334,0.0
E01002071,9,7.416666666666667,0.0693228890688255
E01002072,15,15.25,0.1805243406972699
E01002073,15,12.833333333333334,0.052979010266495416
E01002074,11,9.583333333333334,0.15712975063079393
E01002075,6,8.916666666666666,0.0
E01002076,6,7.75,0.0
E01002077,19,20.166666666666668,0.0
E01002078,25,10.5,0.09782419831708125
E01002079,5,4.083333333333333,0.15550275835806487
E01002080,0,0.0,0.0
E01002081,36,21.916666666666668,0.10590309488994293
E01002082,4,6.083333333333333,0.0
E01002083,4,3.1666666666666665,0.028217810778377962
E01002084,8,9.833333333333334,0.015943184427911605
E01002085,11,5.416666666666667,0.1563441709012552
E01002086,8,6.666666666666667,0.05070288582345572
E01002087,6,6.25,0.0
E01002088,2,4.5,0.0
E01002089,1,1.4166666666666667,0.0
E01002090,9,9.0,0.0
E01002091,10,6.666666666666667,0.0
E01002092,6,5.25,0.1194737717637725
E01002093,8,10.0,0.04558389250653112
E01002094,3,4.916666666666667,0.020398992623015304
E01002095,10,9.0,0.0
E01002096,6,4.666666666666667,0.1207432008149915
E01002097,5,8.5,0.08997878858105272
E01002098,4,6.25,0.0
E01002099,5,8.833333333333334,0.08639226198816399
E01002100,12,10.916666666666666,0.04277341802656339
E01002101,13,7.916666666666667,0.0
E01002102,8,6.75,0.005861705273294136
E01002103,8,6.916666666666667,0.014234016554074202
E01002104,3,5.833333333333333,0.0
E01002105,16,18.5,0.18406099774036594
E01002106,4,3.75,0.11519900745236367
E01002107,2,4.666666666666667,0.06340799400889353
E01002108,6,2.5833333333333335,0.0
E01002109,5,4.666666666666667,0.0
E01002110,3,3.0833333333333335,0.0536839657519998
E01002111,7,9.333333333333334,0.039032146442393716
E01002112,4,9.5,0.0
E01002113,2,3.3333333333333335,0.01282314663835739
E01002114,11,5.25,0.106210039581283
E01002115,1,3.25,0.0
E01002116,0,1.5,0.0
E01002117,0,0.0,0.08588345981520992
E01002118,13,11.833333333333334,0.0
E01002119,11,11.666666666666666,0.0
E01002120,9,5.833333333333333,0.0
E01002121,7,4.916666666666667,0.0
E01002122,2,5.416666666666667,0.09176802371838456
E01002123,3,8.75,0.029630681870233152
E01002124,8,3.8333333333333335,0.0
E01002125,11,5.833333333333333,0.12922563945831353
E01002126,0,0.0,0.11387455648545877
E01002127,3,5.666666666666667,0.12659652592614049
E01002128,14,5.583333333333333,0.0
E01002129,82,60.166666666666664,0.14912775698530117
E01002130,28,31.583333333333332,0.23145743211103093
E01002131,9,5.333333333333333,0.0961195061046097
E01002132,6,4.916666666666667,0.0
E01002133,16,12.916666666666666,0.0
E01002134,11,7.0,0.00823135225894138
E01002135,11,10.416666666666666,0.1511171617811489
E01002136,8,4.916666666666667,0.02499225859651965
E01002137,6,2.6666666666666665,0.0066016340160933605
E01002138,2,3.0,0.0
E01002139,6,5.25,0.06132298582871937
E01002140,5,5.166666666666667,0.11069309379131737
E01002141,3,2.3333333333333335,0.0
E01002142,4,17.416666666666668,0.13008659451552068
E01002143,8,4.416666666666667,0.15136386257986015
E01002144,10,4.75,0.0
E01002145,4,2.9166666666666665,0.014937197364773029
E01002146,0,1.75,0.0
E01002147,3,1.25,0.09125845771287351
E01002148,5,3.25,0.03212355297142368
E01002149,1,2.0,0.045818136469445846
E01002150,11,16.416666666666668,0.13405558152051328
E01002151,4,6.583333333333333,0.0
E01002152,3,2.8333333333333335,0.13223851972828218
E01002153,2,2.8333333333333335,0.017620159380011182
E01002154,0,0.0,0.0
E01002155,2,1.5,0.06285229385390678
E01002156,2,2.1666666666666665,0.09387543393619394
E01002157,8,10.166666666666666,0.0
E01002158,6,2.0,0.11259718830398062
E01002159,6,6.833333333333333,0.1404412980446086
E01002160,18,19.25,0.0
E01002161,6,8.25,0.16751051303252984
E01002162,5,5.25,0.0
E01002163,7,2.1666666666666665,0.0
E01002164,2,5.583333333333333,0.0
E01002165,4,2.4166666666666665,0.12477436820762305
E01002166,2,3.3333333333333335,0.05536011770474643
E01002167,2,4.166666666666667,0.0
E01002168,3,3.8333333333333335,0.0
E01002169,3,4.0,0.04547622992965007
E01002170,1,2.5833333333333335,0.0
E01002171,3,6.5,0.13241599693635447
E01002172,3,3.25,0.09992660383953698
E01002173,1,2.5833333333333335,0.008593104878616323
E01002174,3,2.0833333333333335,0.14580820458228733
E01002175,3,3.1666666666666665,0.0
E01002176,1,4.833333333333333,0.1583880061214733
E01002177,3,2.5833333333333335,0.05740707244671299
E01002178,5,3.9166666666666665,0.051061395584710435
E01002179,31,29.0,0.0
E01002180,0,0.0,0.11457832749139321
E01002181,8,10.0,0.005463962397958197
E01002182,3,3.25,0.0
E01002183,7,4.833333333333333,0.0
E01002184,4,5.0,0.031535233102401604
E01002185,7,5.333333333333333,0.022735649848415508
E01002186,4,8.583333333333334,0.08916739312943661
E01002187,5,2.75,0.12456210631132837
E01002188,3,1.6666666666666667,0.0
E01002189,25,12.166666666666666,0.10256303192859996
E01002190,4,3.25,0.0
E01002191,3,2.25,0.11357695355204828
E01002192,3,3.6666666666666665,0.1056986413664805
E01002193,5,5.083333333333333,0.026073463306731572
E01002194,2,1.75,0.06783582439080384
E01002195,11,6.0,0.0
E01002196,3,3.1666666666666665,0.0
E01002197,12,3.5833333333333335,0.10624384772094372
E01002198,4,4.083333333333333,0.0
E01002199,1,2.1666666666666665,0.0
E01002200,1,3.9166666666666665,0.008923747783617967
E01002201,3,2.5,0.10527903973660892
E01002202,11,9.833333333333334,0.0
E01002203,2,3.0833333333333335,0.0
E01002204,10,5.0,0.07721273411012106
E01002206,4,4.666666666666667,0.11049475662258558
E01002207,5,3.5833333333333335,0.0
E01002208,4,2.6666666666666665,0.0
E01002209,18,10.583333333333334,0.0
E01002210,5,2.5,0.0
E01002211,4,5.0,0.0
E01002212,7,8.333333333333334,0.09732878110713665
E01002213,0,0.0,0.04534427546450223
E01002214,5,7.5,0.05669136225985957
E01002215,5,5.916666666666667,0.0
E01002216,3,3.8333333333333335,0.11286747073377451
E01002217,4,5.833333333333333,0.00726276623215066
E01002218,16,10.25,0.17162896382686435
E01002219,15,14.916666666666666,0.08084141672120007
E01002220,4,4.0,0.0
E01002221,2,7.916666666666667,0.07440010463986768
E01002222,4,5.416666666666667,0.0
E01002223,5,4.25,0.06746540781508303
E01002224,2,2.0833333333333335,0.0
E01002225,1,2.9166666666666665,0.0
E01002226,15,18.0,0.1557118785109285
E01002227,6,4.0,0.0
E01002228,6,4.583333333333333,0.11358682158286157
E01002229,6,6.5,0.0
E01002230,3,2.9166666666666665,0.05080288102396294
E01002231,5,5.083333333333333,0.07208050886401757
E01002232,2,8.333333333333334,0.026477305961660574
E01002233,11,7.5,0.0
E01002234,9,4.416666666666667,0.0
E01002235,9,7.916666666666667,0.0
E01002236,12,13.416666666666666,0.0
E01002237,3,3.1666666666666665,0.0545675715662799
E01002238,7,4.333333333333333,0.14328550314398006
E01002239,4,3.3333333333333335,0.12043369668617347
E01002240,3,4.916666666666667,0.09320115217129614
E01002241,7,8.0,0.10830784779340852
E01002242,4,2.25,0.05561930864769765
E01002243,9,9.0,0.0
E01002244,7,8.666666666666666,0.14574662443061945
E01002245,12,9.75,0.07775632319297951
E01002246,3,5.083333333333333,0.03196752610520026
E01002247,6,9.75,0.0
E01002248,19,15.416666666666666,0.026076291175495335
E01002249,0,0.0,0.0
E01002250,2,7.75,0.13046230127367558
E01002251,5,5.916666666666667,0.030097890869219268
E01002252,0,1.5833333333333333,0.0
E01002253,0,1.5,0.14712265695646384
E01002254,3,5.333333333333333,0.0
E01002255,1,1.5833333333333333,0.0
E01002256,3,1.5,0.0
E01002257,1,2.1666666666666665,0.07786826503479674
E01002258,4,5.25,0.13971192007117633
E01002259,2,1.4166666666666667,0.0
E01002260,6,6.583333333333333,0.1254203982540706
E01002261,35,16.916666666666668,0.0
E01002262,5,4.333333333333333,0.1350251061026098
E01002263,6,3.3333333333333335,0.08526092308629306
E01002264,3,5.0,0.10508056106331842
E01002265,3,3.0833333333333335,0.0
E01002266,8,14.333333333333334,0.17785422075341667
E01002267,2,3.3333333333333335,0.07707364962835485
E01002268,4,2.1666666666666665,0.0
E01002269,8,5.083333333333333,0.11265373626872235
E01002270,1,3.4166666666666665,0.0
E01002271,0,2.3333333333333335,0.11817679827491889
E01002272,3,1.6666666666666667,0.0
E01002273,2,3.8333333333333335,0.07153899804658528
E01002274,5,9.75,0.0387461726147024
E01002275,3,2.1666666666666665,0.0
E01002276,10,8.666666666666666,0.0
E01002277,2,5.083333333333333,0.0
E01002278,5,5.0,0.004238917650238559
E01002279,5,6.166666666666667,0.0
E01002280,5,4.166666666666667,0.04084768529839999
E01002281,10,10.5,0.0
E01002282,35,27.916666666666668,0.01595668151288017
E01002283,5,3.6666666666666665,0.08293754682746468
E01002284,3,6.25,0.0
E01002285,7,5.083333333333333,0.13470383536866443
E01002286,2,2.8333333333333335,0.11339066152352364
E01002287,2,3.1666666666666665,0.05896013937481693
E01002288,2,1.9166666666666667,0.03318307343638856
E01002289,6,10.666666666666666,0.14672227586512085
E01002290,4,2.9166666666666665,0.0
E01002291,1,5.166666666666667,0.0
E01002292,3,2.4166666666666665,0.0
E01002293,0,0.0,0.08837348361005706
E01002294,2,2.25,0.0
E01002295,6,4.166666666666667,0.036182490534119253
E01002296,4,4.416666666666667,0.16065212126700965
E01002297,5,7.416666666666667,0.12689481136741063
E01002298,4,4.333333333333333,0.018227764322512077
E01002299,6,4.583333333333333,0.0
E01002300,3,3.25,0.10825759752278939
E01002301,2,3.1666666666666665,0.038312286860058144
E01002302,8,5.083333333333333,0.0
E01002303,6,7.916666666666667,0.0
E01002304,2,3.75,0.13309444183914282
E01002305,1,2.9166666666666665,0.05869838688777418
E01002306,5,5.833333333333333,0.11466265580772794
E01002307,2,4.416666666666667,0.1257145364942969
E01002308,7,4.5,0.0337793808242948
E01002309,4,5.25,0.019522859937943535
E01002310,14,13.916666666666666,0.017005292726598696
E01002311,6,6.666666666666667,0.0
E01002312,4,6.75,0.0
E01002313,10,9.666666666666666,0.10847371754009477
E01002314,6,5.666666666666667,0.04600002771687788
E01002315,7,4.333333333333333,0.1295510445958891
E01002316,2,11.833333333333334,0.0152208539395218
E01002317,2,2.4166666666666665,0.03870432882088818
E01002318,1,0.9166666666666666,0.04188716272959254
E01002319,7,12.25,0.06085004231857037
E01002320,2,2.8333333333333335,0.06850163113182411
E01002321,4,5.25,0.0
E01002322,7,2.4166666666666665,0.010286588468999165
E01002323,1,4.25,0.0
E01002324,2,2.6666666666666665,0.0
E01002325,10,10.166666666666666,0.023970794208515854
E01002326,1,6.583333333333333,0.06358517307797606
E01002327,3,2.5833333333333335,0.14219038858148594
E01002328,7,4.25,0.04176256877376055
E01002329,7,10.416666666666666,0.10142927487564882
E01002330,1,4.5,0.014127493058358979
E01002331,13,7.5,0.06064400142922963
E01002332,16,15.0,0.0
E01002333,2,2.5833333333333335,0.0
E01002334,7,4.5,0.0
E01002335,2,3.1666666666666665,0.0003667409088490628
E01002336,5,4.333333333333333,0.0
E01002337,2,2.5833333333333335,0.0
E01002338,1,3.8333333333333335,0.0
E01002339,0,3.0833333333333335,0.14985173287702871
E01002340,5,3.5,0.0
E01002341,0,3.3333333333333335,0.003684669440882653
E01002342,10,6.083333333333333,0.0
E01002343,5,4.25,0.04480127013198428
E01002344,18,14.25,0.0
E01002345,63,30.25,0.0
E01002346,0,3.9166666666666665,0.015631802142321717
E01002347,2,3.25,0.0
E01002348,7,3.9166666666666665,0.0
E01002349,4,3.5,0.0
E01002350,15,16.333333333333332,0.0
E01002351,9,4.833333333333333,0.0
E01002352,5,4.916666666666667,0.0
E01002353,33,25.166666666666668,0.15927196152874085
E01002354,4,3.1666666666666665,0.03023332741768523
E01002355,3,1.8333333333333333,0.008790111390916747
E01002356,63,50.583333333333336,0.07571958867257485
E01002358,7,7.666666666666667,0.150392525446538
E01002359,1,0.9166666666666666,0.0
E01002360,3,3.0,0.0
E01002361,31,25.75,0.10520387409140752
E01002362,4,3.5,0.0
E01002363,4,4.166666666666667,0.0
E01002364,2,2.1666666666666665,0.00812061042006029
E01002365,4,5.416666666666667,0.12700932941734677
E01002366,11,5.833333333333333,0.013940590114736886
E01002367,9,3.6666666666666665,0.07065721701748295
E01002368,21,20.5,0.20364001654435707
E01002369,10,6.916666666666667,0.0
E01002370,25,21.25,0.0
E01002371,8,5.833333333333333,0.0
E01002372,5,2.9166666666666665,0.0
E01002373,9,4.5,0.0
E01002374,15,8.583333333333334,0.1456446071856555
E01002375,12,7.333333333333333,0.08416896775602428
E01002376,0,1.0833333333333333,0.03532007862956994
E01002377,7,5.583333333333333,0.0
E01002378,2,1.9166666666666667,0.10235371767056169
E01002379,17,15.083333333333334,0.17757054627833863
E01002380,4,7.583333333333333,0.11699908558157962
E01002381,4,4.916666666666667,0.0
E01002382,5,3.8333333333333335,0.05135361586336868
E01002383,1,3.5,0.0
E01002384,6,6.916666666666667,0.0
E01002385,1,2.9166666666666665,0.0
E01002386,23,18.666666666666668,0.08194380712546047
E01002387,3,4.166666666666667,0.06731741405685439
E01002388,1,1.75,0.0
E01002389,0,3.5,0.0
E01002390,4,2.0833333333333335,0.0
E01002391,1,3.1666666666666665,0.0
E01002392,5,7.333333333333333,0.0
E01002393,19,10.25,0.003581819478560618
E01002394,2,4.333333333333333,0.08714747195196068
E01002395,4,4.333333333333333,0.0
E01002396,10,9.916666666666666,0.0
E01002397,19,17.0,0.002700382787810457
E01002398,3,5.916666666666667,0.14862113829856025
E01002399,5,5.25,0.06486074842830539
E01002400,10,10.0,0.08081804302354308
E01002401,15,11.666666666666666,0.0
E01002402,11,5.083333333333333,0.041933574173629806
E01002403,11,7.75,0.0
E01002404,8,5.25,0.055117768334293826
E01002405,16,12.583333333333334,0.15823421310026953
E01002406,0,0.0,0.03377204050344576
E01002407,0,0.0,0.11210957803990348
E01002408,2,5.666666666666667,0.08261491505216655
E01002409,5,6.5,0.0
E01002410,4,11.166666666666666,0.1511283714100664
E01002411,6,5.583333333333333,0.0
E01002412,28,39.416666666666664,0.11747080425015358
E01002413,12,7.666666666666667,0.0
E01002414,6,7.416666666666667,0.0
E01002415,1,1.5833333333333333,0.0
E01002416,2,1.0,0.0
E01002417,8,5.083333333333333,0.009635484950349184
E01002418,1,2.8333333333333335,0.03087146522653444
E01002419,2,1.5833333333333333,0.0
E01002420,5,2.6666666666666665,0.0
E01002421,7,3.5833333333333335,0.027345497342929816
E01002422,8,9.083333333333334,0.0
E01002423,11,8.5,0.09188654388334198
E01002424,4,3.0,0.053852611384113985
E01002425,3,4.083333333333333,0.11479494010586296
E01002426,8,5.25,0.07203680241219876
E01002427,3,3.1666666666666665,0.0
E01002428,4,4.75,0.06481808832867221
E01002429,2,5.0,0.0
E01002430,0,1.9166666666666667,0.0
E01002431,0,1.6666666666666667,0.09123172397986694
E01002432,21,15.166666666666666,0.025205056553498015
E01002433,10,7.25,0.10924646777129163
E01002434,5,2.5833333333333335,0.10375778490610839
E01002435,2,2.5,0.11407296530382856
E01002436,3,4.5,0.1372382459621603
E01002437,4,2.25,0.0
E01002438,2,3.0,0.0
E01002439,6,7.666666666666667,0.04552603359492728
E01002440,5,5.25,0.0
E01002441,2,4.333333333333333,0.042116307649505136
E01002442,4,4.25,0.07324300760240118
E01002443,19,16.75,0.10211007438411193
E01002444,109,125.83333333333333,0.3048471543800214
E01002445,2,7.166666666666667,0.0
E01002446,9,20.083333333333332,0.033819722382390977
E01002447,24,18.833333333333332,0.0
E01002448,10,10.0,0.14424616657691613
E01002449,12,9.0,0.0
E01002450,5,5.25,0.0
E01002451,4,4.583333333333333,0.0
E01002452,3,4.5,0.05599439109574342
E01002453,3,2.75,0.048555385642410735
E01002454,2,4.25,0.0
E01002455,13,8.5,0.0
E01002456,7,12.083333333333334,0.005775944494879434
E01002457,7,5.5,0.0
E01002458,3,1.4166666666666667,0.056991941523587414
E01002459,2,1.5,0.035816333239073156
E01002460,3,3.4166666666666665,0.0
E01002461,1,2.8333333333333335,0.0
E01002462,1,1.4166666666666667,0.15026653944976218
E01002463,1,1.9166666666666667,0.0
E01002464,7,1.5833333333333333,0.0607916379375186
E01002465,10,3.75,0.0
E01002466,9,2.9166666666666665,0.003615217904169991
E01002467,4,2.25,0.0
E01002468,1,2.3333333333333335,0.007987181778215507
E01002469,3,4.583333333333333,0.15167970614529028
E01002470,8,7.583333333333333,0.0
E01002471,3,3.5833333333333335,0.0
E01002472,21,22.166666666666668,0.0
E01002473,1,3.5833333333333335,0.0
E01002474,4,4.166666666666667,0.0
E01002475,6,4.833333333333333,0.0
E01002476,2,2.25,0.08298792178995212
E01002477,3,3.8333333333333335,0.0
E01002478,6,3.4166666666666665,0.0
E01002479,8,7.0,0.13907689412018576
E01002480,2,2.8333333333333335,0.0
E01002481,1,5.916666666666667,0.15287907349947852
E01002482,2,2.1666666666666665,0.0
E01002483,16,12.583333333333334,0.15076923052000285
E01002484,4,4.0,0.04176968535254792
E01002485,4,9.583333333333334,0.12409521994331263
E01002486,9,7.583333333333333,0.16584354977965096
E01002487,6,8.583333333333334,0.0
E01002488,2,6.25,0.15535130563588645
E01002489,5,11.583333333333334,0.0
E01002490,16,15.083333333333334,0.006705964253918603
E01002491,11,10.0,0.0
E01002492,2,6.333333333333333,0.02965975101806552
E01002493,4,9.916666666666666,0.0
E01002494,9,1.75,0.02087643041121374
E01002495,2,4.5,0.024759118932799338
E01002496,18,25.166666666666668,0.147066801436258
E01002497,39,29.833333333333332,0.1812925390462337
E01002498,0,3.25,0.0
E01002499,4,5.0,0.0
E01002501,7,8.25,0.0
E01002502,4,6.083333333333333,0.0
E01002503,4,10.333333333333334,0.0
E01002504,0,0.0,0.0
E01002505,61,57.5,0.08757237976443343
E01002506,23,29.833333333333332,0.22112276622488025
E01002507,6,10.0,0.04452970389678683
E01002508,5,14.166666666666666,0.0
E01002509,10,3.1666666666666665,0.03275901470500379
E01002511,8,6.166666666666667,0.0
E01002512,13,8.25,0.005667195978624116
E01002513,6,2.8333333333333335,0.04558179563248834
E01002514,16,16.833333333333332,0.04248472717438772
E01002515,0,0.0,0.0
E01002516,5,2.0833333333333335,0.15382473667444563
E01002518,6,5.916666666666667,0.13019785345756082
E01002519,4,7.083333333333333,0.056300535463255016
E01002520,7,9.166666666666666,0.04576217637464401
E01002521,54,55.333333333333336,0.18679918726785605
E01002523,6,7.0,0.0
E01002525,8,4.833333333333333,0.0
E01002526,17,15.166666666666666,0.0
E01002527,12,6.5,0.010354897660200865
E01002528,10,9.333333333333334,0.03830996080762102
E01002529,18,12.25,0.0
E01002530,11,11.333333333333334,0.17005465097433092
E01002531,3,6.166666666666667,0.13962023449459968
E01002532,0,0.0,0.06664297063677177
E01002533,3,4.083333333333333,0.02112961983849969
E01002534,8,7.416666666666667,0.13117673111045428
E01002535,19,14.583333333333334,0.0
E01002536,3,2.6666666666666665,0.09441081988827178
E01002537,4,5.583333333333333,0.0
E01002538,8,6.25,0.10527385877843014
E01002539,2,1.4166666666666667,0.0
E01002540,17,14.583333333333334,0.15281871433720992
E01002541,5,7.25,0.15294499376340523
E01002542,9,9.0,0.0
E01002543,5,7.583333333333333,0.009442282336129738
E01002544,7,6.5,0.1619872998629584
E01002545,12,12.666666666666666,0.029497168419523934
E01002546,6,4.333333333333333,0.12085831436379876
E01002547,9,8.25,0.04907352785735922
E01002548,8,9.25,0.0
E01002549,1,5.75,0.0
E01002550,8,8.333333333333334,0.0
E01002551,7,6.333333333333333,0.09577692622709914
E01002552,5,6.75,0.0
E01002553,5,5.583333333333333,0.01857882827238229
E01002554,0,0.0,0.0
E01002555,5,8.0,0.04495735358735828
E01002556,1,4.916666666666667,0.12305486289807104
E01002557,10,7.583333333333333,0.1648614038915405
E01002558,11,11.166666666666666,0.002667641796458984
E01002559,16,12.083333333333334,0.13114295265820075
E01002560,5,7.583333333333333,0.09999793921292696
E01002561,4,4.666666666666667,0.03475997824683301
E01002562,5,6.083333333333333,0.15337118549682557
E01002563,11,5.583333333333333,0.0
E01002564,11,8.75,0.0
E01002565,10,14.5,0.14565332131819844
E01002566,0,0.0,0.0
E01002567,17,8.333333333333334,0.12677153628026283
E01002568,0,0.0,0.11792706155862445
E01002569,6,4.916666666666667,0.0
E01002570,18,12.083333333333334,0.14792670492212806
E01002571,3,4.583333333333333,0.0
E01002572,6,6.5,0.02082083311542254
E01002573,4,6.833333333333333,0.05657607494284173
E01002574,4,5.416666666666667,0.14265735403082008
E01002575,4,4.333333333333333,0.0
E01002576,5,5.583333333333333,0.008249230107502075
E01002577,5,6.0,0.0726468463422324
E01002578,17,7.083333333333333,0.08609083532489152
E01002579,4,4.916666666666667,0.07114144867183776
E01002580,12,6.583333333333333,0.0
E01002581,5,5.166666666666667,0.0
E01002582,10,3.0833333333333335,0.0
E01002583,3,3.0833333333333335,0.09972308791056503
E01002584,15,10.833333333333334,0.0
E01002585,5,9.5,0.0
E01002586,8,8.75,0.16104932973048078
E01002587,9,9.75,0.0
E01002588,5,6.75,0.16771776951929068
E01002589,12,14.416666666666666,0.09228431208860903
E01002590,13,10.833333333333334,0.12802593385832323
E01002591,2,5.0,0.0
E01002592,12,14.166666666666666,0.0
E01002593,16,12.083333333333334,0.10424813159476883
E01002594,15,8.833333333333334,0.12428511191943611
E01002595,8,11.0,0.10208160121000676
E01002596,1,6.166666666666667,0.0
E01002598,43,19.583333333333332,0.12932844471973076
E01002599,7,4.75,0.09360493624263476
E01002600,2,4.5,0.0598098299108146
E01002601,11,14.25,0.11861908466970328
E01002602,4,3.9166666666666665,0.11443644551184763
E01002603,5,6.666666666666667,0.05222593828575328
E01002604,8,7.916666666666667,0.0
E01002605,9,7.416666666666667,0.016474326116312058
E01002606,5,5.5,0.0
E01002607,11,10.166666666666666,0.0
E01002608,9,12.333333333333334,0.005699649164542457
E01002609,4,3.3333333333333335,0.0
E01002610,8,6.0,0.0
E01002611,9,6.25,0.0
E01002612,11,21.833333333333332,0.15189446865030576
E01002613,8,6.333333333333333,0.15154387660313123
E01002614,8,6.5,0.0
E01002615,11,9.0,0.16102991260710667
E01002616,5,5.0,0.02038150781191036
E01002617,5,3.75,0.0
E01002618,7,12.5,0.0
E01002619,7,8.0,0.021960925238544256
E01002620,11,11.75,0.12033470417280864
E01002621,5,6.0,0.07845617679307362
E01002622,7,8.5,0.0
E01002623,4,6.0,0.0
E01002624,8,9.166666666666666,0.0
E01002625,9,4.75,0.0
E01002626,13,9.666666666666666,0.0
E01002627,12,5.583333333333333,0.0
E01002628,10,7.833333333333333,0.1123648502061214
E01002629,19,13.916666666666666,0.16664548571985782
E01002630,19,9.416666666666666,0.0
E01002631,4,5.833333333333333,0.1377099166524504
E01002632,11,9.916666666666666,0.0
E01002633,9,9.5,0.018787299123822456
E01002634,16,11.0,0.0
E01002635,7,7.416666666666667,0.06232879586890197
E01002636,1,4.666666666666667,0.15639562736260368
E01002637,24,28.0,0.1072556856739798
E01002638,20,10.333333333333334,0.0
E01002639,4,3.5833333333333335,0.054098012204960744
E01002640,8,10.083333333333334,0.0
E01002641,21,23.25,0.17987737933024328
E01002642,0,0.0,0.0009251852339509092
E01002643,9,8.083333333333334,0.006805376229492982
E01002645,15,9.916666666666666,0.05274968375764795
E01002646,3,6.5,0.05512624525097362
E01002647,8,7.75,0.0
E01002648,0,0.0,0.054785166367020716
E01002649,14,8.5,0.0
E01002650,9,9.583333333333334,0.09026880177284335
E01002651,10,7.833333333333333,0.11808046553231503
E01002652,6,11.0,0.1211263138897071
E01002653,4,5.083333333333333,0.029585627033435005
E01002654,1,3.3333333333333335,0.015123319700483239
E01002655,5,4.5,0.0
E01002656,3,4.083333333333333,0.09371747632983159
E01002657,1,3.5,0.0
E01002658,1,3.0833333333333335,0.007400552452097508
E01002659,3,3.3333333333333335,0.0
E01002660,4,8.5,0.0
E01002661,13,12.25,0.07220820269419369
E01002662,8,5.5,0.0
E01002663,11,8.25,0.09704764145582326
E01002664,0,0.0,0.0
E01002665,7,8.916666666666666,0.0
E01002666,2,4.416666666666667,0.015359608180785633
E01002667,2,5.833333333333333,0.0
E01002668,8,9.416666666666666,0.0
E01002669,6,5.916666666666667,0.07819637104959759
E01002670,9,6.666666666666667,0.0
E01002671,4,3.25,0.11064709091387713
E01002672,23,11.833333333333334,0.0
E01002673,6,4.0,0.0
E01002674,1,3.6666666666666665,0.0822508040536051
E01002675,8,5.083333333333333,0.0
E01002676,4,5.75,0.0
E01002677,7,7.916666666666667,0.0
E01002678,21,15.5,0.0
E01002679,6,4.25,0.11438081945742026
E01002680,10,5.666666666666667,0.0
E01002681,39,38.75,0.19214583361717502
E01002682,9,9.583333333333334,0.14364465546408683
E01002683,0,0.0,0.0
E01002684,0,0.0,0.12298294315631761
E01002686,11,13.75,0.0006188682188966108
E01002687,8,6.75,0.15759503776172967
E01002689,6,4.75,0.0
E01002690,6,2.9166666666666665,0.06404408795732347
E01002691,7,7.166666666666667,0.017649768952683047
E01002692,20,14.833333333333334,0.006666608068991699
E01002693,36,19.083333333333332,0.09175277886613165
E01002694,7,7.833333333333333,0.08247715470735538
E01002695,17,20.25,0.0
E01002696,34,27.75,0.0
E01002697,5,5.0,0.07752234320118243
E01002698,7,6.333333333333333,0.06715309288725192
E01002699,8,3.1666666666666665,0.1484329859454981
E01002700,3,4.416666666666667,0.09033220348485158
E01002701,32,12.083333333333334,0.16811908834571127
E01002702,11,18.25,0.110433277700179
E01002703,2,6.166666666666667,0.0
E01002704,116,72.41666666666667,0.07870632403293443
E01002706,8,11.833333333333334,0.11675400862924615
E01002707,10,10.75,0.07250310166618144
E01002708,13,13.25,0.0
E01002709,5,6.0,0.0
E01002710,8,8.666666666666666,0.16062805986415632
E01002711,36,35.833333333333336,0.09764812779108259
E01002712,1,4.916666666666667,0.0
E01002713,31,20.416666666666668,0.04287803759224273
E01002714,17,8.0,0.0
E01002715,34,12.916666666666666,0.0
E01002716,6,7.416666666666667,0.0
E01002717,1,2.5,0.0
E01002718,3,4.5,0.0925179637651736
E01002719,4,8.083333333333334,0.0
E01002720,16,13.583333333333334,0.13362380047450284
E01002721,1,6.333333333333333,0.12234186914975857
E01002722,5,4.916666666666667,0.0
E01002723,33,12.166666666666666,0.08032012947752983
E01002724,33,31.5,0.07741826771748149
E01002725,9,4.916666666666667,0.12742874058715092
E01002726,12,13.166666666666666,0.0
E01002727,2,3.5833333333333335,0.06309673850081549
E01002728,6,9.416666666666666,0.057955031096320296
E01002729,8,6.666666666666667,0.0
E01002730,8,4.25,0.0
E01002731,0,0.0,0.04549192814318298
E01002732,12,12.333333333333334,0.10514693986655338
E01002733,9,8.833333333333334,0.0
E01002734,33,40.25,0.15299843169433303
E01002735,31,18.666666666666668,0.019344443524095117
E01002736,11,6.583333333333333,0.08187996019911964
E01002737,7,4.666666666666667,0.0
E01002738,4,7.333333333333333,0.13702367520681966
E01002739,11,7.75,0.0
E01002740,13,11.5,0.0
E01002741,6,9.916666666666666,0.0
E01002742,1,4.75,0.0
E01002743,2,1.1666666666666667,0.007933894016238691
E01002744,8,3.5,0.0
E01002745,2,3.9166666666666665,0.11130408133118631
E01002747,3,7.75,0.0
E01002748,12,16.333333333333332,0.008182739437144468
E01002749,5,7.583333333333333,0.0
E01002751,4,4.5,0.0
E01002752,4,4.5,0.0
E01002753,1,2.8333333333333335,0.0
E01002754,8,4.416666666666667,0.009880241743850687
E01002755,6,5.333333333333333,0.0
E01002756,3,6.916666666666667,0.028106433938688263
E01002757,0,1.6666666666666667,0.03307567847533339
E01002758,11,11.166666666666666,0.0
E01002759,12,4.916666666666667,0.002610267046756534
E01002760,7,6.5,0.15674085868042936
E01002762,5,10.25,0.033607166461182614
E01002763,36,21.166666666666668,0.11087211548377351
E01002764,10,8.25,0.0
E01002765,8,13.583333333333334,0.11916724787540463
E01002766,8,12.416666666666666,0.11567095578987013
E01002767,10,12.333333333333334,0.03995651672309585
E01002768,5,6.083333333333333,0.1593611893970097
E01002769,5,6.083333333333333,0.0
E01002770,97,85.5,0.08779012845303896
E01002771,7,7.5,0.10146025554345903
E01002772,10,11.416666666666666,0.12321946683432301
E01002773,5,5.333333333333333,0.0
E01002774,17,15.5,0.0
E01002775,2,7.416666666666667,0.0
E01002776,3,6.416666666666667,0.0
E01002777,6,7.5,0.10235535419193167
E01002778,4,6.5,0.023079244727926548
E01002779,2,3.8333333333333335,0.0
E01002780,5,7.833333333333333,0.0
E01002781,2,3.5,0.0
E01002782,3,2.25,0.0
E01002783,7,10.916666666666666,0.07364957531514871
E01002784,3,4.083333333333333,0.15337196435379802
E01002785,8,8.583333333333334,0.12747955451385892
E01002786,5,8.833333333333334,0.0
E01002787,3,3.75,0.12977457741061693
E01002788,4,4.25,0.09652677279884159
E01002789,4,9.75,0.1106494666925234
E01002790,15,13.5,0.024141753330465872
E01002791,20,22.083333333333332,0.029505919934434306
E01002792,6,9.833333333333334,0.0
E01002793,13,10.083333333333334,0.0
E01002794,59,61.666666666666664,0.08630912118238052
E01002795,18,23.25,0.0
E01002796,2,5.25,0.00951207532449164
E01002797,9,11.166666666666666,0.1046257012033221
E01002798,6,6.0,0.008473182132448163
E01002799,8,4.75,0.0
E01002800,5,9.25,0.1625127171166018
E01002801,3,6.583333333333333,0.150735190942568
E01002802,3,4.0,0.09644368535323196
E01002803,0,0.0,0.14739837046926615
E01002804,13,7.916666666666667,0.03489153585731635
E01002805,13,11.583333333333334,0.17035692830118296
E01002806,9,4.25,0.0
E01002807,2,6.083333333333333,0.0
E01002808,21,11.333333333333334,0.0
E01002809,9,9.166666666666666,0.0
E01002810,5,6.583333333333333,0.0
E01002811,3,2.8333333333333335,0.04443559167596819
E01002812,5,4.5,0.09664423193398966
E01002813,6,6.333333333333333,0.04072698863989817
E01002814,9,11.75,0.0
E01002815,3,3.1666666666666665,0.10195586538693624
E01002816,3,10.416666666666666,0.06913751217179942
E01002817,15,12.916666666666666,0.001605075866222952
E01002818,31,36.583333333333336,0.15180815194047415
E01002819,12,23.75,0.0
E01002820,0,0.0,0.0
E01002821,12,11.75,0.15722579376518112
E01002822,0,0.0,0.0
E01002823,11,6.0,0.007326714060445164
E01002824,1,2.5,0.1238466052242478
E01002825,12,8.416666666666666,0.08522409389858439
E01002826,14,19.583333333333332,0.0
E01002827,9,8.083333333333334,0.0
E01002828,7,8.75,0.0
E01002829,11,7.583333333333333,0.059916137885260685
E01002830,14,16.25,0.02852974365850766
E01002831,15,21.583333333333332,0.0
E01002832,6,10.916666666666666,0.1670921891408007
E01002833,11,13.0,0.0442800900119917
E01002834,4,1.75,0.0
E01002835,17,14.5,0.03964580257798405
E01002836,6,3.8333333333333335,0.06431930462887889
E01002837,3,4.916666666666667,0.0
E01002838,0,0.0,0.0
E01002839,11,7.916666666666667,0.11363648328243556
E01002840,7,10.25,0.01579694354311636
E01002841,14,11.333333333333334,0.04481913943436526
E01002842,2,1.0833333333333333,0.0
E01002843,8,11.666666666666666,0.0
E01002844,5,7.0,0.0
E01002845,3,7.083333333333333,0.0029412396379902735
E01002846,7,3.5833333333333335,0.0
E01002847,13,16.75,0.0
E01002848,5,6.75,0.12146641203024433
E01002849,4,3.6666666666666665,0.15433734595721843
E01002850,8,18.916666666666668,0.13942845984021032
E01002851,15,15.416666666666666,0.14809510454496783
E01002852,19,18.0,0.0
E01002853,4,7.166666666666667,0.15769364946956435
E01002854,8,7.0,0.0
E01002855,15,10.75,0.16468727833195634
E01002856,5,8.25,0.17089985940774854
E01002857,4,6.666666666666667,0.08166154573833037
E01002858,4,6.416666666666667,0.16180739715151798
E01002859,26,27.0,0.09434798512891994
E01002860,2,6.083333333333333,0.0
E01002861,6,6.5,0.0
E01002862,3,4.916666666666667,0.04144999982434116
E01002863,2,6.666666666666667,0.0
E01002864,4,4.166666666666667,0.04804341939424619
E01002865,1,7.0,0.1634052902439299
E01002866,7,5.416666666666667,0.0
E01002867,11,9.333333333333334,0.11318112050683707
E01002868,4,2.25,0.1284934757387849
E01002869,5,5.833333333333333,0.14898709385876754
E01002870,104,87.75,0.37687034791269786
E01002871,5,13.833333333333334,0.0440881524465618
E01002872,9,8.416666666666666,0.16610006121577725
E01002873,5,4.75,0.09012116375067412
E01002874,3,7.916666666666667,0.0
E01002875,1,3.0,0.0012351487469231
E01002876,7,14.416666666666666,0.10473727504299153
E01002877,12,10.833333333333334,0.0
E01002878,15,25.666666666666668,0.11204166552055189
E01002879,2,3.6666666666666665,0.059959730921969434
E01002880,0,4.333333333333333,0.0
E01002881,1,6.166666666666667,0.03630944494925396
E01002882,3,3.9166666666666665,0.09214808690211031
E01002883,10,11.916666666666666,0.032102357786729485
E01002884,18,20.0,0.0
E01002885,3,4.0,0.0
E01002886,14,13.916666666666666,0.0
E01002887,5,4.416666666666667,0.13987908693915127
E01002888,5,3.5833333333333335,0.0
E01002889,14,15.25,0.08181511709471095
E01002890,8,8.0,0.0
E01002891,4,3.1666666666666665,0.0
E01002892,6,4.166666666666667,0.11575306688951754
E01002893,2,4.25,0.08022568149023787
E01002894,3,5.916666666666667,0.0
E01002895,0,0.0,0.0
E01002896,16,10.666666666666666,0.0
E01002897,3,19.0,0.04597945042227263
E01002898,3,3.25,0.05757574671739686
E01002899,0,3.4166666666666665,0.0
E01002900,4,4.0,0.0
E01002901,5,4.75,0.0
E01002902,15,12.833333333333334,0.16078786262475775
E01002903,14,11.25,0.17859569265138453
E01002904,5,3.5833333333333335,0.0
E01002905,11,12.333333333333334,0.11187007947547178
E01002906,25,25.333333333333332,0.030467095175862866
E01002907,3,2.8333333333333335,0.0
E01002908,5,5.5,0.09124887281608231
E01002909,5,7.25,0.1452602952594085
E01002910,10,6.583333333333333,0.15319647356509886
E01002911,9,14.416666666666666,0.062374698242886564
E01002912,21,19.916666666666668,0.011343651033516686
E01002913,3,5.666666666666667,0.10168772416997217
E01002914,18,22.333333333333332,0.0
E01002915,3,2.4166666666666665,0.025799663855317297
E01002916,0,2.0833333333333335,0.0
E01002917,3,2.5,0.053793586117806255
E01002918,6,4.5,0.0
E01002919,14,9.583333333333334,0.0
E01002920,1,3.3333333333333335,0.134544078009889
E01002921,2,6.916666666666667,0.0
E01002922,3,1.75,0.006550357124289873
E01002923,4,7.666666666666667,0.0
E01002924,3,2.8333333333333335,0.0
E01002925,3,6.666666666666667,0.0
E01002926,5,3.6666666666666665,0.0
E01002927,6,4.333333333333333,0.1218251639612353
E01002928,6,3.9166666666666665,0.0
E01002929,3,4.583333333333333,0.1476122351825683
E01002930,25,15.083333333333334,0.06553908072959998
E01002931,4,4.5,0.0
E01002932,10,5.25,0.038315604812267534
E01002933,4,4.666666666666667,0.017710808378041353
E01002934,7,6.25,0.09464353614080608
E01002935,4,5.666666666666667,0.0
E01002937,0,1.3333333333333333,0.0
E01002938,5,3.5833333333333335,0.12798106916777746
E01002939,6,7.916666666666667,0.15548378996235912
E01002940,2,2.1666666666666665,0.12366449705065996
E01002941,4,4.5,0.0
E01002942,3,1.8333333333333333,0.08909944450605632
E01002943,0,3.4166666666666665,0.0021998807977689668
E01002944,2,4.666666666666667,0.011963248453991698
E01002945,0,2.6666666666666665,0.0
E01002946,5,2.6666666666666665,0.03459697258336124
E01002947,2,2.6666666666666665,0.0
E01002948,8,8.583333333333334,0.0
E01002949,2,2.3333333333333335,0.11285970689106106
E01002950,5,3.8333333333333335,0.0
E01002951,1,3.5833333333333335,0.0
E01002952,1,2.4166666666666665,0.0
E01002953,7,1.5833333333333333,0.13654472335437987
E01002954,14,10.75,0.03133446661195706
E01002955,7,4.833333333333333,0.0
E01002956,6,2.5833333333333335,0.10029464710800039
E01002957,6,4.833333333333333,0.11390268878367875
E01002958,2,1.75,0.0
E01002959,2,1.9166666666666667,0.06330201964631184
E01002960,6,3.9166666666666665,0.09199685836409398
E01002961,8,2.6666666666666665,0.053653087665592666
E01002962,3,3.6666666666666665,0.0
E01002963,0,2.0833333333333335,0.1184351450596533
E01002964,27,17.416666666666668,0.059131405058725044
E01002965,9,11.75,0.0
E01002966,2,6.25,0.0
E01002967,2,5.666666666666667,0.0
E01002968,179,152.58333333333334,0.3036469534989548
E01002969,7,6.083333333333333,0.09622106756800389
E01002970,4,7.583333333333333,0.0
E01002971,1,5.75,0.0
E01002972,3,5.75,0.022402861538196366
E01002973,11,8.416666666666666,0.0
E01002974,2,4.166666666666667,0.15326388890077222
E01002975,8,5.666666666666667,0.0
E01002976,0,1.8333333333333333,0.0
E01002977,5,2.8333333333333335,0.0
E01002978,3,3.5,0.0
E01002979,0,0.9166666666666666,0.0
E01002980,3,1.3333333333333333,0.07243237902930205
E01002981,4,4.083333333333333,0.1511672811486765
E01002982,1,3.5,0.0
E01002983,2,3.6666666666666665,0.05889374474901041
E01002984,7,3.1666666666666665,0.0811876324945095
E01002985,5,3.8333333333333335,0.114960818535504
E01002986,3,1.6666666666666667,0.0
E01002987,34,20.0,0.0
E01002988,2,4.083333333333333,0.0
E01002989,4,4.916666666666667,0.07716811914025921
E01002990,2,3.0833333333333335,0.10342576555840435
E01002991,1,3.0,0.0
E01002992,3,2.4166666666666665,0.0
E01002993,2,3.0,0.12874717583127712
E01002994,5,1.9166666666666667,0.09722465831259504
E01002995,5,2.75,0.15294221123473048
E01002996,6,6.666666666666667,0.09441918191913998
E01002997,8,4.916666666666667,0.0
E01002998,5,3.9166666666666665,0.03785136380691934
E01002999,6,5.666666666666667,0.06372727468653448
E01003000,4,6.166666666666667,0.0
E01003001,15,11.5,0.04464870215619922
E01003002,9,7.916666666666667,0.08434308455902034
E01003003,7,16.583333333333332,0.0
E01003004,8,5.083333333333333,0.0980248520387354
E01003005,6,4.5,0.037379509364031616
E01003006,5,1.5,0.1397490941125444
E01003007,1,1.8333333333333333,0.0
E01003008,2,2.0833333333333335,0.0
E01003009,3,3.4166666666666665,0.039765324597386534
E01003010,1,0.8333333333333334,0.0
E01003011,1,3.6666666666666665,0.07430683642935634
E01003013,71,66.66666666666667,0.25914862490173696
E01003014,10,13.333333333333334,0.0
E01003015,5,2.3333333333333335,0.01050698566711084
E01003016,9,11.416666666666666,0.033739972302175
E01003017,19,13.333333333333334,0.0
E01003018,8,10.583333333333334,0.1586821763939454
E01003019,5,5.25,0.1125408503733975
E01003020,22,17.75,0.10747308901153924
E01003021,19,11.75,0.0962780315460833
E01003022,6,2.9166666666666665,0.0
E01003023,9,10.083333333333334,0.15374222115092787
E01003024,6,7.25,0.0781109937917715
E01003025,7,9.25,0.09387009531688555
E01003026,16,10.25,0.13640475355852158
E01003027,1,3.5833333333333335,0.0
E01003028,5,2.1666666666666665,0.09801829996472852
E01003029,8,6.416666666666667,0.0
E01003030,6,6.0,0.0
E01003031,4,5.25,0.0
E01003032,17,12.0,0.17621810774287053
E01003033,10,7.5,0.1273739591407083
E01003034,5,5.5,0.07532033928905342
E01003035,30,25.583333333333332,0.13774733014032126
E01003036,10,3.8333333333333335,0.029055043129117893
E01003037,14,12.75,0.1688289465603171
E01003038,4,5.75,0.014527433077228306
E01003039,27,22.5,0.02539368900995906
E01003040,9,2.8333333333333335,0.0
E01003041,28,38.916666666666664,0.19178140536305316
E01003042,3,4.25,0.08190042843193124
E01003043,9,5.583333333333333,0.0
E01003044,2,3.25,0.0
E01003045,10,7.5,0.12211199033173345
E01003046,5,5.5,0.0
E01003047,124,83.91666666666667,0.28950639567143244
E01003048,8,10.75,0.1703354681412238
E01003049,3,2.25,0.0
E01003050,4,3.9166666666666665,0.0
E01003051,8,9.0,0.08595665343261077
E01003052,17,9.666666666666666,0.1214482634257234
E01003053,29,15.25,0.055435105256559
E01003054,23,17.666666666666668,0.18819404821531063
E01003055,27,28.5,0.0
E01003056,6,3.0,0.009603796297890545
E01003057,2,5.5,0.08050556500874052
E01003058,11,6.25,0.12580280135836225
E01003059,10,5.833333333333333,0.0
E01003060,5,5.833333333333333,0.10587766054180572
E01003061,16,14.083333333333334,0.054142809946228145
E01003062,10,6.833333333333333,0.0
E01003063,8,6.0,0.0
E01003064,3,3.9166666666666665,0.12024874128120173
E01003065,6,5.5,0.0
E01003066,8,7.416666666666667,0.0
E01003067,2,5.333333333333333,0.0
E01003068,6,4.25,0.12299145906651007
E01003069,6,4.25,0.06337814707192321
E01003070,7,6.416666666666667,0.10646869677138313
E01003071,7,7.25,0.0
E01003072,3,2.9166666666666665,0.04540053788845033
E01003073,17,14.333333333333334,0.06053490857433351
E01003074,16,17.0,0.14611810827349653
E01003075,1,2.0833333333333335,0.1274963381489143
E01003076,34,38.833333333333336,0.0
E01003077,9,5.666666666666667,0.06762897412997619
E01003078,4,4.916666666666667,0.0
E01003079,3,7.916666666666667,0.036204435540444245
E01003080,9,4.25,0.0
E01003081,10,10.083333333333334,0.0
E01003082,8,5.5,0.0
E01003083,3,2.6666666666666665,0.04364561632068935
E01003084,6,3.6666666666666665,0.0
E01003085,4,5.166666666666667,0.08387186078833384
E01003086,7,7.083333333333333,0.0
E01003087,7,13.083333333333334,0.0
E01003088,9,5.916666666666667,0.1012313775581149
E01003089,7,9.25,0.0
E01003090,26,20.833333333333332,0.036532263925140536
E01003091,2,4.916666666666667,0.06901488417727582
E01003092,6,8.666666666666666,0.0
E01003093,10,9.0,0.0
E01003094,6,3.9166666666666665,0.0
E01003095,7,4.666666666666667,0.14603586761845203
E01003096,22,22.0,0.10239784243746947
E01003097,6,4.5,0.06369141980996021
E01003098,3,3.1666666666666665,0.04830338049818695
E01003099,9,10.916666666666666,0.0
E01003100,3,4.75,0.0
E01003101,14,8.666666666666666,0.09887005472786597
E01003102,26,28.25,0.0
E01003104,2,4.083333333333333,0.0
E01003105,6,4.0,0.0
E01003106,12,5.333333333333333,0.0
E01003107,7,9.25,0.16928639910279614
E01003108,7,8.416666666666666,0.0
E01003109,0,0.0,0.005610298314178502
E01003110,7,5.5,0.0
E01003111,2,5.583333333333333,0.15639915323508022
E01003112,11,6.416666666666667,0.0
E01003113,10,11.75,0.0030603415340614004
E01003114,24,14.583333333333334,0.11105703548213508
E01003115,3,5.0,0.07497485641912041
E01003116,1,3.8333333333333335,0.0
E01003117,9,14.5,0.0
E01003118,29,36.75,0.06930639444587931
E01003119,11,5.916666666666667,0.0
E01003120,10,12.666666666666666,0.0
E01003121,6,2.75,0.0023965996736547346
E01003122,11,9.25,0.0
E01003123,5,4.666666666666667,0.0
E01003124,2,5.083333333333333,0.06086215585343538
E01003125,4,3.9166666666666665,0.15122121311849568
E01003126,6,5.583333333333333,0.04628734977996947
E01003127,3,5.083333333333333,0.0
E01003128,13,13.583333333333334,0.0
E01003129,52,23.333333333333332,0.1989334303044749
E01003130,5,6.0,0.0
E01003131,18,18.333333333333332,0.0
E01003132,9,5.5,0.04468275695708997
E01003133,14,14.083333333333334,0.07542532071774438
E01003134,2,4.916666666666667,0.057933165246311834
E01003135,3,4.666666666666667,0.0
E01003136,3,2.5,0.0
E01003137,7,7.083333333333333,0.15878335885176456
E01003138,1,2.8333333333333335,0.0
E01003139,6,12.333333333333334,0.08637558884261842
E01003140,1,4.416666666666667,0.07400982737322956
E01003141,10,7.416666666666667,0.05318820833999449
E01003142,3,4.333333333333333,0.0
E01003143,7,8.5,0.0
E01003144,6,15.25,0.07080649524401575
E01003145,9,6.583333333333333,0.12774658529784177
E01003146,4,7.166666666666667,0.1535256754926231
E01003147,2,3.1666666666666665,0.0
E01003148,1,3.5,0.0
E01003149,1,2.9166666666666665,0.14135918564127456
E01003150,12,6.75,0.08933208131513498
E01003151,10,6.5,0.1325892338630848
E01003152,5,5.833333333333333,0.0
E01003153,7,8.916666666666666,0.05054430295223539
E01003154,5,5.666666666666667,0.07576487673758049
E01003155,3,5.083333333333333,0.06786890244516006
E01003156,2,1.75,0.0
E01003157,3,5.416666666666667,0.0
E01003158,6,3.5833333333333335,0.034630595449081175
E01003159,8,6.666666666666667,0.0
E01003160,5,3.25,0.0
E01003161,4,3.4166666666666665,0.14657346533258453
E01003162,5,3.8333333333333335,0.0
E01003163,5,3.8333333333333335,0.11237368680767457
E01003164,13,10.583333333333334,0.0
E01003165,5,4.0,0.06262497181621811
E01003166,14,14.583333333333334,0.1827936263634363
E01003167,4,8.583333333333334,0.0
E01003168,3,3.75,0.0
E01003169,5,8.333333333333334,0.0027557178079290028
E01003170,8,8.166666666666666,0.0
E01003171,5,6.083333333333333,0.09107234731611502
E01003172,8,5.083333333333333,0.13819993596563596
E01003173,5,2.8333333333333335,0.0
E01003174,8,7.166666666666667,0.0
E01003175,11,5.583333333333333,0.0
E01003176,9,5.833333333333333,0.0829109613677016
E01003177,9,6.5,0.0
E01003178,5,2.9166666666666665,0.03477450485175981
E01003179,2,4.333333333333333,0.04578156307564896
E01003180,11,6.0,0.05763670768184484
E01003181,5,4.25,0.0
E01003182,2,3.9166666666666665,0.07487583062196605
E01003183,9,6.833333333333333,0.0
E01003184,2,1.8333333333333333,0.0
E01003185,12,4.083333333333333,0.1243546452052355
E01003186,10,11.833333333333334,0.10382379484373538
E01003187,3,7.666666666666667,0.0
E01003188,5,4.0,0.0
E01003189,7,7.5,0.0
E01003190,12,11.333333333333334,0.0
E01003191,10,4.333333333333333,0.0
E01003192,13,11.25,0.0
E01003193,23,17.25,0.03463157661660564
E01003194,14,9.833333333333334,0.0965834808572603
E01003195,2,3.0833333333333335,0.04041144302194447
E01003196,24,20.916666666666668,0.10879050942496714
E01003197,4,11.916666666666666,0.0
E01003198,4,5.416666666666667,0.15018978506483022
E01003199,24,26.916666666666668,0.17480679261151483
E01003200,26,19.416666666666668,0.14437354599097596
E01003201,3,5.333333333333333,0.11141090472414283
E01003202,3,3.5833333333333335,0.13956593084763064
E01003203,36,15.083333333333334,0.05432858266695122
E01003204,8,4.583333333333333,0.0
E01003205,5,7.583333333333333,0.05567468317227404
E01003206,3,3.5,0.08239041770800248
E01003207,13,14.083333333333334,0.10970590523687215
E01003209,0,3.1666666666666665,0.015053441656959023
E01003210,7,8.333333333333334,0.0
E01003211,4,4.083333333333333,0.0
E01003212,6,7.25,0.14596234815479311
E01003213,9,10.083333333333334,0.05277853774918289
E01003214,6,8.416666666666666,0.034407271795040176
E01003215,14,20.333333333333332,0.0
E01003216,10,8.333333333333334,0.0
E01003217,4,3.8333333333333335,0.12903703155429735
E01003218,3,3.4166666666666665,0.059238075065490045
E01003219,5,7.333333333333333,0.10617528244166718
E01003220,2,4.0,0.0
E01003221,8,12.25,0.07241505946352007
E01003222,5,3.8333333333333335,0.0
E01003223,6,6.666666666666667,0.07978295309956165
E01003224,14,7.416666666666667,0.0
E01003225,5,5.166666666666667,0.0
E01003226,14,14.333333333333334,0.08380781100427338
E01003227,4,6.333333333333333,0.14812165525446797
E01003228,3,4.0,0.0
E01003229,17,9.916666666666666,0.12441321842569449
E01003230,4,4.75,0.0
E01003231,12,8.166666666666666,0.005403098769695164
E01003232,6,4.083333333333333,0.0
E01003233,4,2.25,0.0
E01003235,12,9.0,0.02528472320863543
E01003236,6,8.083333333333334,0.0
E01003237,1,3.4166666666666665,0.006627879622388883
E01003238,13,10.75,0.15739152388093486
E01003239,6,5.083333333333333,0.0
E01003240,2,6.333333333333333,0.09656968723644126
E01003241,5,6.75,0.0
E01003243,10,12.0,0.07921258158342978
E01003244,9,8.166666666666666,0.0
E01003245,7,6.916666666666667,0.0
E01003246,8,11.083333333333334,0.0
E01003247,8,10.666666666666666,0.0
E01003248,9,7.166666666666667,0.0
E01003249,6,5.416666666666667,0.06400838750848455
E01003250,0,0.0,0.11450718355305242
E01003251,2,4.083333333333333,0.10535133688623945
E01003252,12,6.0,0.0718705265754094
E01003253,8,11.0,0.0
E01003254,5,5.333333333333333,0.0
E01003255,11,14.416666666666666,0.0
E01003256,6,8.333333333333334,0.0
E01003257,1,5.25,0.0187906523243481
E01003258,4,1.8333333333333333,0.0156559380678936
E01003259,7,6.416666666666667,0.0
E01003260,8,5.5,0.0
E01003261,2,4.0,0.10945350178053385
E01003262,5,5.416666666666667,0.10153042650769974
E01003263,12,12.416666666666666,0.0
E01003264,6,6.25,0.14114719317558633
E01003265,8,10.916666666666666,0.1655564579245214
E01003266,5,6.666666666666667,0.0
E01003267,4,4.833333333333333,0.0
E01003268,4,5.5,0.01665962683856316
E01003269,3,2.5,0.13914050776554543
E01003270,6,5.083333333333333,0.12673116675376173
E01003271,1,3.1666666666666665,0.0
E01003272,6,4.833333333333333,0.0
E01003273,1,3.9166666666666665,0.02667137053345956
E01003274,4,5.333333333333333,0.01545550497707463
E01003275,8,5.916666666666667,0.0
E01003276,5,6.166666666666667,0.12442888256387351
E01003277,0,3.25,0.06192777810612764
E01003278,9,8.333333333333334,0.12405339247368576
E01003279,4,2.9166666666666665,0.11556759181119228
E01003280,3,3.4166666666666665,0.08380591690716126
E01003281,4,4.666666666666667,0.0
E01003282,9,6.666666666666667,0.051308730519143114
E01003283,5,5.666666666666667,0.0
E01003284,12,8.0,0.07386727005989122
E01003285,9,9.25,0.0
E01003286,10,8.666666666666666,0.08177299237191754
E01003287,6,3.25,0.0
E01003288,31,19.583333333333332,0.0
E01003290,13,9.25,0.0
E01003291,42,38.416666666666664,0.0
E01003292,9,13.416666666666666,0.10213810218527203
E01003293,7,8.916666666666666,0.09398885633692855
E01003295,6,4.583333333333333,0.016954488983957412
E01003296,0,0.0,0.0
E01003297,5,11.416666666666666,0.0
E01003298,4,5.25,0.0
E01003299,14,17.166666666666668,0.0
E01003300,8,7.833333333333333,0.13857668771200005
E01003301,5,8.083333333333334,0.0
E01003302,9,6.75,0.0
E01003303,21,20.083333333333332,0.0
E01003304,20,24.916666666666668,0.0
E01003305,9,6.333333333333333,0.023004840047851513
E01003307,0,3.1666666666666665,0.04094453933559076
E01003308,7,5.666666666666667,0.0
E01003309,2,5.333333333333333,0.0
E01003310,4,6.833333333333333,0.0
E01003311,4,6.0,0.0
E01003312,8,4.833333333333333,0.0
E01003313,12,10.833333333333334,0.16744398483762468
E01003314,2,4.666666666666667,0.047591438587878246
E01003315,6,3.8333333333333335,0.027496737759975333
E01003316,5,5.333333333333333,0.0
E01003317,0,0.0,0.0
E01003318,40,40.5,0.12250057803960751
E01003319,14,13.333333333333334,0.09521835013986368
E01003320,10,12.333333333333334,0.094211531281403
E01003321,6,8.0,0.0
E01003322,4,5.75,0.015683632835507937
E01003323,5,5.666666666666667,0.0
E01003324,26,21.166666666666668,0.1687675251269028
E01003325,6,8.583333333333334,0.06278698278420197
E01003326,2,6.416666666666667,0.027215497538765974
E01003327,4,9.333333333333334,0.0
E01003328,7,5.0,0.04529989480791027
E01003329,7,4.916666666666667,0.0
E01003330,4,6.833333333333333,0.0
E01003331,5,6.25,0.0
E01003332,3,4.75,0.07055019571765316
E01003333,8,7.166666666666667,0.0
E01003334,18,23.083333333333332,0.030383849606668623
E01003335,3,5.333333333333333,0.1332181964972462
E01003336,8,7.333333333333333,0.0
E01003337,8,7.25,0.02207388480341962
E01003338,8,7.333333333333333,0.0
E01003339,5,4.5,0.0
E01003340,3,3.1666666666666665,0.0964461684787388
E01003341,4,3.9166666666666665,0.0
E01003342,9,3.4166666666666665,0.0015756671005254137
E01003343,3,5.416666666666667,0.03294606049347905
E01003344,6,3.9166666666666665,0.04918795059290413
E01003345,9,6.0,0.07291972240542685
E01003346,9,10.75,0.0
E01003347,11,10.75,0.0
E01003348,2,3.0,0.07519821551300568
E01003349,9,7.583333333333333,0.031336580620785266
E01003350,9,6.583333333333333,0.11875320617650892
E01003351,8,6.583333333333333,0.1143344040845426
E01003352,5,12.333333333333334,0.13656555276321913
E01003353,76,29.0,0.07445786045700563
E01003354,7,6.75,0.0
E01003355,12,5.666666666666667,0.10289045918974939
E01003356,5,3.9166666666666665,0.0
E01003357,9,5.583333333333333,0.0
E01003358,6,9.916666666666666,0.13348245309003448
E01003359,9,8.75,0.13858288705075614
E01003360,9,4.833333333333333,0.0030478372525749725
E01003361,3,1.75,0.0
E01003362,2,1.4166666666666667,0.0
E01003363,2,2.25,0.09718513544368007
E01003364,1,1.5833333333333333,0.12484157576731611
E01003365,3,1.75,0.0
E01003366,8,6.166666666666667,0.0
E01003367,0,0.0,0.11320513593985157
E01003368,3,4.5,0.0
E01003369,0,1.9166666666666667,0.017744891684442255
E01003370,12,13.583333333333334,0.17738957804480354
E01003371,3,3.1666666666666665,0.0
E01003372,5,7.666666666666667,0.0653618118523218
E01003373,14,6.666666666666667,0.0
E01003374,5,11.0,0.0
E01003375,6,10.916666666666666,0.12085631638180358
E01003376,2,5.833333333333333,0.0
E01003377,6,5.916666666666667,0.16525813098376788
E01003378,4,7.75,0.03881100390085522
E01003379,5,6.75,0.0
E01003380,3,2.0,0.0
E01003381,4,3.0833333333333335,0.0
E01003382,2,1.75,0.0
E01003383,18,25.5,0.0
E01003384,1,2.5833333333333335,0.0
E01003385,5,3.0833333333333335,0.0
E01003386,9,13.333333333333334,0.10311073370067292
E01003387,3,4.416666666666667,0.05903971182609907
E01003388,7,9.166666666666666,0.08757866458870546
E01003389,18,10.166666666666666,0.0
E01003390,6,9.25,0.0
E01003391,2,3.5,0.05803125612757772
E01003392,4,6.083333333333333,0.011753852867169769
E01003393,6,6.5,0.0
E01003394,3,7.75,0.11244161114642127
E01003395,10,7.916666666666667,0.10338970800433869
E01003396,2,2.5,0.0213300129035122
E01003397,3,3.0,0.0
E01003398,0,5.5,0.0949238956717509
E01003399,1,3.3333333333333335,0.03418642832666706
E01003400,10,7.583333333333333,0.10522759396389941
E01003401,15,7.333333333333333,0.09548327213471947
E01003402,2,3.0833333333333335,0.09929254719406466
E01003403,4,3.8333333333333335,0.015835624729734023
E01003404,2,1.9166666666666667,0.0
E01003405,8,8.5,0.07448173963241421
E01003406,0,5.416666666666667,0.050884707527385234
E01003407,5,6.0,0.08900618977279035
E01003408,5,5.333333333333333,0.0
E01003409,7,6.5,0.0
E01003410,0,4.333333333333333,0.1289169127752338
E01003411,3,5.416666666666667,0.0897359115474153
E01003412,5,8.75,0.1462834706291488
E01003413,11,8.833333333333334,0.10165632916840958
E01003414,6,4.083333333333333,0.04026022300598146
E01003415,7,7.583333333333333,0.06687942192487378
E01003416,3,4.416666666666667,0.1287592435916197
E01003417,3,3.5833333333333335,0.03339480476138437
E01003418,1,1.3333333333333333,0.04334633810141938
E01003419,3,2.8333333333333335,0.0
E01003420,0,1.4166666666666667,0.0
E01003421,1,1.9166666666666667,0.07013573599160296
E01003422,5,4.833333333333333,0.0
E01003423,3,4.666666666666667,0.0
E01003424,3,2.0833333333333335,0.0
E01003425,1,1.3333333333333333,0.0
E01003426,0,3.3333333333333335,0.0
E01003427,21,27.583333333333332,0.05252896572048506
E01003428,1,2.4166666666666665,0.1289290093703222
E01003429,1,2.8333333333333335,0.009829393227784696
E01003430,9,7.25,0.0
E01003431,6,5.083333333333333,0.0
E01003432,3,5.583333333333333,0.07404303315353451
E01003433,6,7.333333333333333,0.0
E01003434,2,5.416666666666667,0.11129185598740184
E01003435,4,7.666666666666667,0.0687196402089242
E01003436,4,5.25,0.10316138957384172
E01003437,5,4.25,0.0
E01003438,7,7.916666666666667,0.07925451275555492
E01003439,7,4.916666666666667,0.0
E01003440,3,6.666666666666667,0.14986524784960326
E01003441,5,7.333333333333333,0.06087145887597967
E01003442,4,3.0833333333333335,0.0
E01003443,2,1.6666666666666667,0.0
E01003444,2,3.25,0.0
E01003445,5,2.8333333333333335,0.06610378687428753
E01003446,23,12.333333333333334,0.0
E01003447,9,7.333333333333333,0.048550154194214046
E01003448,3,5.25,0.0
E01003449,10,6.0,0.06492091705122477
E01003450,9,3.8333333333333335,0.10491512337050832
E01003451,3,3.4166666666666665,0.09270673375083525
E01003452,10,7.083333333333333,0.0975341472946575
E01003453,3,8.583333333333334,0.0
E01003454,2,0.75,0.0
E01003455,8,4.0,0.07057147095492515
E01003456,5,23.416666666666668,0.024237436989292024
E01003457,3,2.25,0.0
E01003458,10,4.416666666666667,0.0
E01003459,2,5.083333333333333,0.0
E01003460,8,6.583333333333333,0.0
E01003461,7,2.5,0.12055999578581768
E01003462,1,1.9166666666666667,0.0
E01003463,4,2.6666666666666665,0.024459032477708715
E01003464,3,3.25,0.0
E01003465,0,2.0,0.05549762859605214
E01003466,1,2.1666666666666665,0.0
E01003467,5,1.75,0.12413874089111014
E01003468,2,2.75,0.12392014708619849
E01003469,12,7.916666666666667,0.0
E01003470,8,8.5,0.14342276632564793
E01003471,17,9.583333333333334,0.17493031407050003
E01003472,4,4.666666666666667,0.11032599204734546
E01003473,2,3.9166666666666665,0.11412141793509668
E01003474,1,2.0,0.0
E01003475,0,0.0,0.0230107196573269
E01003476,0,2.3333333333333335,0.0
E01003477,2,4.083333333333333,0.0
E01003478,3,4.5,0.16191545881978534
E01003479,7,4.083333333333333,0.0
E01003480,8,7.416666666666667,0.09464115683080271
E01003481,16,9.75,0.11853614552927422
E01003482,0,0.0,0.10740698130216877
E01003483,2,7.0,0.16834042843588848
E01003484,4,2.9166666666666665,0.0
E01003485,4,3.8333333333333335,0.0
E01003486,24,15.416666666666666,0.015317083431943483
E01003487,16,14.0,0.0
E01003488,13,9.583333333333334,0.0
E01003489,14,13.75,0.0
E01003490,15,5.75,0.10077128253509077
E01003491,10,7.333333333333333,0.03981338178348859
E01003492,3,3.0,0.0
E01003493,0,0.0,0.04630260164781591
E01003494,6,5.333333333333333,0.0
E01003495,2,6.5,0.0
E01003496,12,7.0,0.09835795514616975
E01003497,17,18.583333333333332,0.08770128789966541
E01003498,3,6.916666666666667,0.09751591776534808
E01003499,22,13.916666666666666,0.0
E01003500,17,13.083333333333334,0.13674486997768284
E01003501,7,7.75,0.056951078427765575
E01003502,26,16.416666666666668,0.06369993884953709
E01003503,16,22.75,0.09930301688389451
E01003506,14,7.166666666666667,0.12883553087611369
E01003507,13,7.083333333333333,0.04535969998309512
E01003508,9,8.333333333333334,0.04696599398459851
E01003509,4,4.833333333333333,0.1603586575302537
E01003511,3,5.583333333333333,0.09221523973272734
E01003512,20,8.5,0.005822639253848169
E01003513,24,16.416666666666668,0.10690043364562338
E01003514,4,7.75,0.0
E01003515,12,19.083333333333332,0.0
E01003516,6,8.416666666666666,0.05196325188465399
E01003517,20,33.666666666666664,0.22008538470749
E01003518,7,6.75,0.147113368819336
E01003519,4,2.9166666666666665,0.0
E01003520,12,17.583333333333332,0.056159896704793814
E01003521,52,41.0,0.025080699260230294
E01003522,10,5.25,0.1629782872610962
E01003523,13,12.0,0.17699583958650908
E01003524,8,4.25,0.05641992772148801
E01003525,22,18.083333333333332,0.140541727542616
E01003526,9,11.333333333333334,0.0953760452097868
E01003527,7,7.5,0.04836025772817068
E01003528,8,2.8333333333333335,0.0
E01003529,17,8.0,0.008202947583217237
E01003530,1,3.6666666666666665,0.062415477858206836
E01003531,13,9.0,0.07775483458470167
E01003532,2,5.25,0.0
E01003533,3,7.833333333333333,0.1538276232144652
E01003534,5,3.4166666666666665,0.0
E01003535,17,21.083333333333332,0.05749046031057427
E01003536,3,5.75,0.0729150001777667
E01003537,4,2.9166666666666665,0.06707904977389342
E01003538,8,7.083333333333333,0.06387043504606767
E01003539,7,11.333333333333334,0.0
E01003540,16,19.583333333333332,0.0
E01003541,5,8.0,0.06255574286543217
E01003542,9,9.083333333333334,0.05451279406160904
E01003543,8,8.0,0.0
E01003544,6,7.666666666666667,0.08240815328786212
E01003545,9,5.0,0.00016012553098373322
E01003546,9,5.666666666666667,0.06575117589328426
E01003547,5,5.166666666666667,0.11527226954229491
E01003548,10,7.166666666666667,0.0
E01003549,17,10.333333333333334,0.0
E01003550,8,7.25,0.10346314153452194
E01003551,9,6.916666666666667,0.0517343579608449
E01003552,10,4.75,0.07281997249697898
E01003553,11,16.0,0.14499378213143058
E01003554,4,7.333333333333333,0.1108024548633175
E01003555,4,4.833333333333333,0.15143095448917132
E01003556,19,23.75,0.07542103170734787
E01003557,20,19.416666666666668,0.04939514024024878
E01003558,14,15.166666666666666,0.011845361600242382
E01003559,15,19.583333333333332,0.0
E01003560,4,3.4166666666666665,0.031081330672046065
E01003561,9,5.833333333333333,0.0
E01003562,14,14.416666666666666,0.16563017609528297
E01003563,4,3.8333333333333335,0.035390446091475826
E01003564,11,10.5,0.05642996297529538
E01003565,7,6.083333333333333,0.0
E01003566,15,14.0,0.0
E01003567,7,5.75,0.0
E01003568,4,5.666666666666667,0.0
E01003569,26,18.0,0.0
E01003570,18,18.0,0.0810447875012343
E01003571,9,7.916666666666667,0.13583873770913468
E01003572,4,6.333333333333333,0.13211191376940662
E01003573,6,5.75,0.06336343025218957
E01003574,17,12.5,0.0
E01003575,7,9.583333333333334,0.13498206142852803
E01003576,8,8.666666666666666,0.13941614581283293
E01003577,5,6.75,0.0
E01003578,22,18.416666666666668,0.12135257057130297
E01003579,9,3.25,0.0
E01003580,8,5.666666666666667,0.1062150921182173
E01003581,8,5.666666666666667,0.1645943683834192
E01003582,8,5.5,0.0
E01003583,3,3.25,0.128055302944356
E01003584,8,5.833333333333333,0.05266577609229872
E01003585,2,2.0,0.14745819695380108
E01003586,5,6.75,0.007874368072625485
E01003587,19,16.666666666666668,0.14957813920770152
E01003589,12,10.416666666666666,0.0
E01003590,9,6.5,0.0
E01003591,12,10.666666666666666,0.0
E01003592,9,11.583333333333334,0.17412936326894232
E01003593,17,22.333333333333332,0.1558769306301788
E01003594,8,6.416666666666667,0.12322850398776258
E01003595,3,4.583333333333333,0.14386405344014783
E01003596,14,13.0,0.0
E01003597,2,2.5,0.0
E01003598,12,7.916666666666667,0.0
E01003599,6,8.5,0.0
E01003600,8,19.166666666666668,0.0
E01003601,35,29.916666666666668,0.07215652257941309
E01003602,7,5.75,0.0
E01003603,19,27.0,0.0
E01003604,10,7.0,0.0
E01003605,9,9.666666666666666,0.0
E01003606,0,0.0,0.14192303937368947
E01003607,7,9.333333333333334,0.10319033769586416
E01003608,3,4.416666666666667,0.15234930599048527
E01003609,0,0.0,0.0
E01003611,11,7.166666666666667,0.0
E01003615,16,7.916666666666667,0.11103479517999348
E01003616,5,12.666666666666666,0.0
E01003617,0,0.0,0.0
E01003618,18,54.416666666666664,0.06785794418083428
E01003619,27,25.333333333333332,0.0
E01003621,6,6.333333333333333,0.0
E01003622,2,7.0,0.0
E01003623,5,6.333333333333333,0.06943573125750908
E01003624,3,5.333333333333333,0.0
E01003625,9,8.166666666666666,0.0
E01003626,7,5.916666666666667,0.10881051690038565
E01003627,3,4.333333333333333,0.0
E01003628,3,4.333333333333333,0.0
E01003630,8,9.083333333333334,0.13411983577721973
E01003631,3,4.166666666666667,0.0
E01003632,7,7.333333333333333,0.0
E01003633,8,7.916666666666667,0.016908234541240706
E01003634,6,8.0,0.0
E01003635,1,7.75,0.0401157277620308
E01003636,7,9.0,0.11563681756463881
E01003637,1,1.6666666666666667,0.0
E01003638,13,10.5,0.052787634189147815
E01003639,10,8.5,0.024787125735466778
E01003640,7,6.166666666666667,0.0
E01003641,2,6.583333333333333,0.05511744087302903
E01003642,6,5.666666666666667,0.0
E01003643,2,2.8333333333333335,0.004061794769372957
E01003644,5,4.833333333333333,0.0
E01003645,30,21.583333333333332,0.04661869641108169
E01003646,16,8.166666666666666,0.0
E01003647,2,3.25,0.10555990656268273
E01003648,6,3.0833333333333335,0.0
E01003649,3,1.5,0.0
E01003650,3,6.666666666666667,0.005674131253947171
E01003651,1,2.0833333333333335,0.07317204289427179
E01003652,2,1.8333333333333333,0.02727606613105514
E01003653,16,9.0,0.07465905157785058
E01003654,7,4.333333333333333,0.09490884330496208
E01003655,6,7.0,0.12771283131269817
E01003656,8,3.4166666666666665,0.0
E01003657,7,10.166666666666666,0.039077485231307434
E01003658,2,2.6666666666666665,0.10929030513756628
E01003659,7,3.5833333333333335,0.15658811769731917
E01003660,3,3.6666666666666665,0.1268353805211126
E01003661,6,7.083333333333333,0.0
E01003662,11,9.583333333333334,0.0
E01003663,8,6.25,0.013828421235585156
E01003664,1,5.0,0.0861009635616995
E01003665,4,3.4166666666666665,0.00706988203342861
E01003666,28,22.666666666666668,0.05664625264345415
E01003668,2,5.5,0.11643850713651567
E01003669,2,4.5,0.0
E01003670,2,2.5,0.11474266644893712
E01003671,3,3.3333333333333335,0.0
E01003672,2,4.083333333333333,0.0
E01003673,6,5.5,0.0011663541718851932
E01003674,17,27.166666666666668,0.15267375646161227
E01003675,3,8.666666666666666,0.0
E01003676,3,3.0833333333333335,0.0
E01003677,8,9.916666666666666,0.16242369492051978
E01003678,4,3.0,0.0
E01003679,3,4.083333333333333,0.03143182658820727
E01003680,9,22.583333333333332,0.0852595248477535
E01003681,7,5.25,0.011176293026504611
E01003682,1,4.0,0.054310396981755035
E01003683,7,2.4166666666666665,0.0
E01003684,8,4.916666666666667,0.029180399543729828
E01003685,4,8.583333333333334,0.0
E01003686,8,9.0,0.07299552830835299
E01003688,5,7.666666666666667,0.0
E01003689,49,55.583333333333336,0.17254469477286805
E01003690,17,18.833333333333332,0.0
E01003691,7,5.166666666666667,0.0
E01003692,3,5.0,0.0
E01003693,9,3.9166666666666665,0.0
E01003694,5,5.75,0.11336309268071995
E01003695,3,3.1666666666666665,0.0
E01003696,7,2.8333333333333335,0.13584863376550402
E01003697,6,7.666666666666667,0.1618443672202504
E01003698,5,3.75,0.03158453698929431
E01003699,1,3.3333333333333335,0.0
E01003700,4,3.75,0.0
E01003701,17,22.25,0.14987762865291054
E01003702,13,7.583333333333333,0.0
E01003703,8,4.833333333333333,0.0
E01003704,11,15.25,0.0585414837116612
E01003705,5,8.25,0.12599032666677368
E01003706,3,4.666666666666667,0.10147920895321176
E01003707,8,5.083333333333333,0.0
E01003708,10,8.0,0.07360302914115893
E01003709,6,3.6666666666666665,0.0
E01003710,4,3.5,0.0
E01003711,8,8.916666666666666,0.13649007361097035
E01003712,5,3.0,0.0
E01003713,7,8.0,0.0
E01003714,16,13.833333333333334,0.0
E01003715,9,6.833333333333333,0.12979903185253394
E01003716,13,10.166666666666666,0.11544911758487694
E01003718,2,4.5,0.05044635573700154
E01003719,16,11.75,0.10705977000723671
E01003720,5,9.166666666666666,0.0
E01003721,8,7.083333333333333,0.0067758263916956225
E01003722,14,7.916666666666667,0.0
E01003723,4,6.5,0.0
E01003724,1,3.1666666666666665,0.00445787997137221
E01003725,1,3.5,0.1357478647104114
E01003726,13,9.833333333333334,0.0
E01003727,5,3.5833333333333335,0.0
E01003728,0,0.0,0.0
E01003729,18,16.083333333333332,0.0
E01003731,8,10.083333333333334,0.14997423038576765
E01003732,3,5.5,0.005390097082262553
E01003733,14,6.5,0.0075809102960985
E01003734,9,9.333333333333334,0.10357527835690677
E01003735,11,7.666666666666667,0.0
E01003736,6,5.583333333333333,0.011375795842172175
E01003737,5,3.1666666666666665,0.0
E01003738,7,4.5,0.04132088237379497
E01003739,5,4.416666666666667,0.16188817738474828
E01003740,11,7.0,0.09988660743985568
E01003741,6,7.5,0.0
E01003742,3,6.25,0.1152765756958226
E01003743,4,5.083333333333333,0.0
E01003744,6,2.8333333333333335,0.0
E01003745,2,3.6666666666666665,0.0
E01003746,4,4.333333333333333,0.0
E01003747,4,0.6666666666666666,0.004988697639319553
E01003748,2,6.666666666666667,0.0526834461768757
E01003749,2,2.5833333333333335,0.13021278796995137
E01003750,8,6.5,0.020647289279290184
E01003751,4,6.333333333333333,0.01762016220150879
E01003752,5,4.166666666666667,0.0
E01003753,8,4.916666666666667,0.0
E01003754,2,3.6666666666666665,0.025327575782895295
E01003755,13,10.5,0.010031492797365683
E01003756,4,4.916666666666667,0.11513583770479495
E01003757,10,8.5,0.0
E01003758,0,0.0,0.0
E01003759,3,2.6666666666666665,0.0
E01003760,11,4.833333333333333,0.0
E01003761,3,5.583333333333333,0.0
E01003762,9,7.25,0.08711185167007457
E01003763,8,7.75,0.0
E01003764,6,5.666666666666667,0.047918848414669916
E01003765,4,8.75,0.0
E01003766,2,5.666666666666667,0.0
E01003767,17,13.916666666666666,0.0018025265060968923
E01003768,12,11.333333333333334,0.12127972969156288
E01003769,49,41.583333333333336,0.08080566436191387
E01003770,62,66.16666666666667,0.2553170821073857
E01003771,8,12.333333333333334,0.0
E01003772,4,4.833333333333333,0.09498633631004764
E01003773,2,2.3333333333333335,0.0
E01003774,2,4.5,0.06546561417645996
E01003775,5,2.5,0.02653873045774231
E01003776,5,4.333333333333333,0.14053747277294146
E01003777,24,24.083333333333332,0.0317444986450324
E01003778,11,12.833333333333334,0.0
E01003779,2,2.75,0.0
E01003780,7,2.8333333333333335,0.10576906749799514
E01003781,18,16.833333333333332,0.05323606893508195
E01003782,0,2.6666666666666665,0.08983109715629108
E01003783,35,43.916666666666664,0.039855917699076995
E01003784,7,9.083333333333334,0.0
E01003785,4,3.5833333333333335,0.0
E01003786,6,3.1666666666666665,0.14706643177912862
E01003787,4,3.0833333333333335,0.058752297616957556
E01003788,10,13.583333333333334,0.16693136075736775
E01003789,0,5.416666666666667,0.0
E01003790,3,3.5833333333333335,0.04319186177550047
E01003791,3,3.25,0.06239553369486779
E01003792,10,3.1666666666666665,0.0
E01003793,10,4.916666666666667,0.11781448971539436
E01003794,2,3.3333333333333335,0.14322079087733225
E01003795,6,5.666666666666667,0.13087953372113972
E01003796,0,4.5,0.0839677679916099
E01003797,7,5.666666666666667,0.0
E01003798,4,4.666666666666667,0.0
E01003799,3,4.416666666666667,0.15102896254342804
E01003800,1,2.9166666666666665,0.0
E01003801,6,4.666666666666667,0.07751628478280438
E01003802,2,1.6666666666666667,0.06641002477020759
E01003803,1,3.75,0.04701325829310435
E01003804,6,3.25,0.15587819703313613
E01003805,1,3.4166666666666665,0.0
E01003806,3,3.6666666666666665,0.0
E01003807,13,12.666666666666666,0.0
E01003808,11,5.583333333333333,0.0
E01003809,6,3.75,0.0
E01003810,3,3.3333333333333335,0.0
E01003811,1,2.4166666666666665,0.10694899228195026
E01003812,7,5.333333333333333,0.1451611172698613
E01003813,0,2.4166666666666665,0.0
E01003814,4,2.1666666666666665,0.0
E01003815,8,14.833333333333334,0.16896113506691576
E01003816,5,4.666666666666667,0.0
E01003817,7,7.833333333333333,0.0
E01003818,1,4.833333333333333,0.0
E01003819,5,4.333333333333333,0.04035790784749768
E01003820,2,4.166666666666667,0.0
E01003821,7,4.083333333333333,0.15153654564411095
E01003822,1,1.25,0.0
E01003823,5,5.5,0.015424768917025418
E01003824,0,1.4166666666666667,0.0
E01003825,1,2.0833333333333335,0.0
E01003826,6,4.916666666666667,0.061955809001808824
E01003827,3,7.166666666666667,0.09485869790181728
E01003828,4,1.75,0.08092340961678428
E01003829,13,11.833333333333334,0.05557418343399198
E01003830,11,3.75,0.13151432850632228
E01003831,4,3.1666666666666665,0.10384108859872779
E01003832,2,4.833333333333333,0.09026934482011155
E01003833,8,5.333333333333333,0.0
E01003834,6,3.25,0.0
E01003835,1,2.9166666666666665,0.0
E01003836,3,1.8333333333333333,0.054046871778027514
E01003837,8,4.666666666666667,0.0
E01003838,4,4.333333333333333,0.0
E01003839,3,4.666666666666667,0.12807735927904515
E01003840,4,4.583333333333333,0.13114333844953122
E01003841,12,14.25,0.16153688404710315
E01003842,5,5.666666666666667,0.0
E01003843,5,6.75,0.07568825663647574
E01003844,4,5.666666666666667,0.0
E01003845,4,4.166666666666667,0.0
E01003846,4,3.8333333333333335,0.0
E01003847,10,5.833333333333333,0.0
E01003848,6,3.9166666666666665,0.0
E01003849,2,3.5,0.10881072092414129
E01003851,5,4.583333333333333,0.0
E01003852,4,5.583333333333333,0.0856739438306252
E01003853,3,3.8333333333333335,0.01986967906513818
E01003854,9,9.0,0.0
E01003855,7,8.25,0.02029994657781062
E01003856,8,4.916666666666667,0.0
E01003857,5,2.75,0.036309276977479536
E01003858,4,4.083333333333333,0.0
E01003859,9,2.9166666666666665,0.0
E01003860,4,8.0,0.0
E01003861,6,3.6666666666666665,0.023988291829622727
E01003862,9,7.25,0.14045627560161691
E01003863,5,3.5833333333333335,0.0
E01003864,3,2.75,0.07738472257277472
E01003865,4,7.333333333333333,0.06755758089789743
E01003866,3,2.5,0.13627073829828767
E01003867,5,6.916666666666667,0.11511943560480235
E01003868,3,2.5833333333333335,0.02701265047726374
E01003869,5,4.333333333333333,0.05890320707966745
E01003870,5,5.5,0.13448532078718595
E01003871,7,3.1666666666666665,0.0
E01003872,4,3.25,0.0
E01003873,5,10.75,0.0
E01003874,4,2.25,0.10408915986233833
E01003875,6,3.9166666666666665,0.10095422372953748
E01003876,42,44.5,0.0024522547269381356
E01003877,3,1.9166666666666667,0.028273816743983344
E01003878,8,3.25,0.0
E01003879,2,2.75,0.0
E01003880,2,2.6666666666666665,0.1514283497240234
E01003881,2,2.1666666666666665,0.0
E01003882,3,5.166666666666667,0.0
E01003883,2,3.25,0.037299757057649305
E01003884,3,7.0,0.09071194235515136
E01003885,2,1.6666666666666667,0.0
E01003886,4,2.1666666666666665,0.05351232042282428
E01003887,4,3.9166666666666665,0.020347576393964346
E01003888,9,13.916666666666666,0.0
E01003889,3,3.5,0.0
E01003890,4,2.4166666666666665,0.026969744400086128
E01003891,2,5.666666666666667,0.0
E01003892,3,4.416666666666667,0.14351558500501152
E01003893,7,4.916666666666667,0.1090037880559206
E01003894,6,2.5,0.15187442595954231
E01003895,3,3.4166666666666665,0.0
E01003896,20,24.25,0.20691845069219417
E01003897,10,9.75,0.005906790558696674
E01003898,2,1.75,0.0
E01003899,4,2.4166666666666665,0.0
E01003900,8,8.416666666666666,0.0
E01003901,0,2.3333333333333335,0.06395402318907692
E01003902,0,1.5833333333333333,0.0
E01003903,7,7.416666666666667,0.0
E01003904,3,2.0,0.03963450310192453
E01003905,3,1.6666666666666667,0.0
E01003906,5,3.8333333333333335,0.03372273111167335
E01003907,3,4.333333333333333,0.0
E01003908,5,5.5,0.11203504879552122
E01003909,10,10.25,0.12410633065235177
E01003910,2,3.9166666666666665,0.0038651330452484176
E01003911,8,5.5,0.0
E01003912,3,4.166666666666667,0.0
E01003913,20,18.833333333333332,0.14297314654147236
E01003914,12,9.833333333333334,0.0
E01003915,9,7.416666666666667,0.0
E01003916,10,8.666666666666666,0.0
E01003917,3,8.75,0.013822860284374457
E01003918,5,7.166666666666667,0.014145186491557014
E01003919,9,9.416666666666666,0.12790200754137565
E01003920,5,9.083333333333334,0.0
E01003921,18,35.583333333333336,0.061144739777997864
E01003922,12,12.583333333333334,0.12676985049550576
E01003923,3,4.333333333333333,0.10888114083412728
E01003924,12,8.25,0.0
E01003925,0,4.833333333333333,0.0008921173965281831
E01003926,28,23.166666666666668,0.004038613705227151
E01003927,0,0.0,0.1297664635257936
E01003929,41,38.333333333333336,0.0
E01003930,2,7.5,0.15053761891677123
E01003932,11,8.083333333333334,0.07716038916820334
E01003933,10,18.583333333333332,0.060050008246482045
E01003934,20,23.333333333333332,0.0
E01003935,7,6.75,0.011050370361299692
E01003936,2,5.416666666666667,0.0
E01003937,20,18.333333333333332,0.0
E01003938,4,4.25,0.058490129859450866
E01003939,14,16.333333333333332,0.18579979704604935
E01003940,9,17.833333333333332,0.0671937265581872
E01003941,22,13.166666666666666,0.10026177336185238
E01003942,2,7.833333333333333,0.0
E01003943,8,8.25,0.0
E01003945,4,5.083333333333333,0.0
E01003946,5,4.75,0.04676685227129561
E01003947,7,5.583333333333333,0.1467408370764033
E01003948,6,4.166666666666667,0.05987375975056391
E01003949,3,6.583333333333333,0.0
E01003950,3,8.75,0.0
E01003951,7,9.333333333333334,0.04060159945257754
E01003952,18,15.083333333333334,0.012014719672817573
E01003953,10,9.416666666666666,0.1257225975630552
E01003954,2,2.4166666666666665,0.10097875661825872
E01003955,6,5.5,0.04851868684294193
E01003956,7,3.4166666666666665,0.0
E01003957,5,3.0833333333333335,0.0
E01003958,11,11.583333333333334,0.0
E01003960,12,8.083333333333334,0.0
E01003961,13,12.583333333333334,0.008199883989714357
E01003963,7,4.5,0.06499455274102023
E01003964,0,0.0,0.04744794728927204
E01003966,2,9.916666666666666,0.0
E01003967,0,0.0,0.0
E01003968,0,0.0,0.0
E01003969,13,17.416666666666668,0.0
E01003970,0,0.0,0.09819064492117377
E01003971,4,5.666666666666667,0.0
E01003972,2,6.0,0.0
E01003973,84,33.0,0.0
E01003975,7,6.666666666666667,0.13194376871805796
E01003976,16,9.25,0.042287930802651155
E01003977,3,6.75,0.0
E01003978,0,0.0,0.000728186149912935
E01003979,21,20.916666666666668,0.12637491675647794
E01003980,13,11.166666666666666,0.16782778190014402
E01003981,30,21.416666666666668,0.0
E01003983,3,4.916666666666667,0.1292362508495089
E01003984,7,8.25,0.1527453054682103
E01003986,9,9.0,0.14942151377921611
E01003987,2,4.5,0.05287198226837109
E01003988,20,16.833333333333332,0.0847615739670646
E01003989,12,10.583333333333334,0.0
E01003990,9,10.166666666666666,0.1033900383132729
E01003991,3,3.0833333333333335,0.01778013111199312
E01003992,4,6.833333333333333,0.071829742983367
E01003993,3,4.083333333333333,0.0
E01003994,26,21.25,0.1272851832592107
E01003995,15,6.833333333333333,0.11593977689624335
E01003997,11,5.833333333333333,0.0
E01003998,2,4.916666666666667,0.11326063388297376
E01003999,5,4.916666666666667,0.025470678747797536
E01004000,14,4.75,0.11632787433740975
E01004001,6,7.25,0.0
E01004002,2,3.9166666666666665,0.0
E01004003,6,12.5,0.15853953978238378
E01004004,7,11.583333333333334,0.0
E01004005,13,15.75,0.14613056082013642
E01004006,6,5.166666666666667,0.00926831736407094
E01004007,6,7.583333333333333,0.02486823358188959
E01004008,17,6.666666666666667,0.0
E01004010,14,11.916666666666666,0.05434631861165162
E01004011,14,8.333333333333334,0.0
E01004012,13,8.333333333333334,0.0
E01004013,4,5.75,0.0
E01004014,7,8.666666666666666,0.0
E01004015,4,5.666666666666667,0.15892943452939537
E01004016,11,6.833333333333333,0.1583224845608029
E01004017,4,3.0,0.0
E01004018,14,7.416666666666667,0.08869723951804259
E01004019,5,4.333333333333333,0.0
E01004020,6,5.5,0.06629732793776831
E01004021,14,9.583333333333334,0.11771202493466013
E01004022,0,0.0,0.1340268734076722
E01004023,26,14.416666666666666,0.00930160518629193
E01004024,6,9.083333333333334,0.10971155410659204
E01004027,0,0.0,0.0
E01004028,6,7.166666666666667,0.16660524795369894
E01004029,3,2.8333333333333335,0.0
E01004030,5,5.5,0.046028022762311785
E01004031,17,18.333333333333332,0.09774973053531649
E01004032,4,4.25,0.06798091593149247
E01004033,14,12.583333333333334,0.0
E01004034,7,3.3333333333333335,0.14063128704919703
E01004035,4,10.166666666666666,0.0
E01004036,6,7.333333333333333,0.05678519538791965
E01004037,14,7.25,0.0
E01004038,9,7.833333333333333,0.0
E01004039,2,3.6666666666666665,0.023917149726420978
E01004040,17,12.333333333333334,0.00872572799622711
E01004041,8,6.5,0.0
E01004042,10,12.333333333333334,0.0
E01004043,6,8.583333333333334,0.0
E01004044,5,3.3333333333333335,0.08625724548990808
E01004045,6,6.166666666666667,0.13617324526776362
E01004046,4,3.4166666666666665,0.0
E01004047,3,2.25,0.0
E01004048,6,5.833333333333333,0.0
E01004049,3,4.166666666666667,0.0
E01004050,5,3.9166666666666665,0.05917561840171499
E01004051,1,2.9166666666666665,0.03867314059632698
E01004052,0,6.583333333333333,0.0
E01004053,5,4.75,0.0
E01004054,6,8.583333333333334,0.0
E01004055,1,2.4166666666666665,0.10706161691358307
E01004056,3,4.75,0.15533528042490788
E01004057,7,6.75,0.0
E01004058,6,3.5833333333333335,0.0
E01004059,3,4.166666666666667,0.12186329719315254
E01004060,4,6.333333333333333,0.14517660820064543
E01004061,11,5.666666666666667,0.0
E01004062,23,16.916666666666668,0.0
E01004063,8,12.333333333333334,0.0
E01004064,6,6.833333333333333,0.04078328143558178
E01004065,4,4.333333333333333,0.0
E01004066,9,11.166666666666666,0.0
E01004067,47,59.083333333333336,0.18578315702241296
E01004068,14,12.416666666666666,0.0
E01004069,4,5.916666666666667,0.10231501225766462
E01004070,9,6.083333333333333,0.0
E01004071,2,7.166666666666667,0.0
E01004072,4,3.1666666666666665,0.03512440070184098
E01004073,3,3.0,0.0
E01004074,7,5.583333333333333,0.1573363136193018
E01004075,5,7.583333333333333,0.033899199567622336
E01004076,7,13.333333333333334,0.0
E01004077,5,7.25,0.08256402500597831
E01004078,6,9.916666666666666,0.0
E01004079,1,2.8333333333333335,0.12898448662843873
E01004080,2,3.0833333333333335,0.0
E01004081,5,3.5833333333333335,0.024713347240663788
E01004082,3,3.9166666666666665,0.0
E01004083,3,6.083333333333333,0.0
E01004084,1,3.5,0.10923503150591926
E01004085,3,3.25,0.100540184816079
E01004086,10,5.416666666666667,0.0
E01004087,2,3.4166666666666665,0.0
E01004088,11,14.666666666666666,0.13510994249590572
E01004089,21,17.083333333333332,0.1756153300879943
E01004090,5,6.416666666666667,0.0
E01004091,4,2.4166666666666665,0.0
E01004092,1,2.75,0.0
E01004093,5,3.1666666666666665,0.1198252710441268
E01004094,5,5.166666666666667,0.0
E01004095,2,3.4166666666666665,0.0
E01004096,3,1.5833333333333333,0.0800498684793958
E01004097,3,2.8333333333333335,0.0
E01004098,2,3.5,0.007286583821907548
E01004099,10,11.166666666666666,0.013024489628229916
E01004100,4,6.333333333333333,0.0
E01004101,2,1.9166666666666667,0.0
E01004102,8,14.916666666666666,0.04958095131154889
E01004103,4,4.166666666666667,0.0
E01004104,2,5.916666666666667,0.03770218829796057
E01004105,6,4.583333333333333,0.10410418279997546
E01004106,4,2.8333333333333335,0.08575977814321692
E01004107,5,3.3333333333333335,0.0
E01004108,2,5.25,0.0
E01004109,4,4.75,0.0
E01004110,5,6.166666666666667,0.0
E01004111,7,7.166666666666667,0.0
E01004112,1,1.6666666666666667,0.058445341053632534
E01004114,4,2.75,0.0
E01004115,3,2.0833333333333335,0.0
E01004116,4,3.0,0.0
E01004117,0,0.8333333333333334,0.06141719564320861
E01004118,10,7.5,0.0
E01004119,11,5.333333333333333,0.056967107588488115
E01004120,3,2.6666666666666665,0.0
E01004121,19,9.0,0.14032118306365118
E01004122,1,1.75,0.12346996808379533
E01004123,12,13.083333333333334,0.0
E01004124,4,7.083333333333333,0.0
E01004125,6,9.416666666666666,0.0
E01004126,1,7.416666666666667,0.0
E01004127,7,5.25,0.06600410739894225
E01004128,7,11.833333333333334,0.13002625499025114
E01004129,6,5.25,0.06621659368479627
E01004130,11,8.5,0.12043963179331242
E01004131,0,2.8333333333333335,0.0
E01004132,4,0.8333333333333334,0.0
E01004133,2,2.0833333333333335,0.07705550422381383
E01004134,6,9.833333333333334,0.0
E01004135,2,2.6666666666666665,0.05863912917454604
E01004136,3,4.0,0.0
E01004137,13,15.166666666666666,0.0
E01004138,10,6.416666666666667,0.16523881626030046
E01004139,8,5.083333333333333,0.0
E01004140,12,9.75,0.1730629278102736
E01004141,3,3.9166666666666665,0.15384399337846216
E01004142,0,0.0,0.08814543117241189
E01004143,4,3.0833333333333335,0.056218814231312815
E01004144,2,4.666666666666667,0.03604340788548645
E01004145,6,6.833333333333333,0.12842878522822904
E01004146,3,4.666666666666667,0.0
E01004147,5,2.5,0.0
E01004148,13,8.416666666666666,0.058724679628276724
E01004149,5,3.9166666666666665,0.0
E01004150,2,6.583333333333333,0.0
E01004151,4,4.25,0.0
E01004152,10,10.583333333333334,0.0480742626284046
E01004153,2,6.416666666666667,0.12263663601850622
E01004154,0,1.5,0.0
E01004155,11,4.833333333333333,0.14348482203655638
E01004156,9,7.833333333333333,0.0780463233415249
E01004157,1,2.25,0.10310580140890813
E01004158,1,2.75,0.02434189819499124
E01004159,1,5.583333333333333,0.099051200039376
E01004160,7,4.0,0.0
E01004161,3,2.5833333333333335,0.10254520023948542
E01004162,4,4.583333333333333,0.0
E01004163,1,2.5833333333333335,0.12400508571448361
E01004164,53,16.583333333333332,0.19272377540770094
E01004165,14,9.75,0.0
E01004166,6,5.25,0.0
E01004167,10,6.166666666666667,0.09639286037083929
E01004168,7,4.333333333333333,0.0
E01004169,6,3.3333333333333335,0.11874106695891894
E01004170,18,7.666666666666667,0.0
E01004171,0,3.5,0.0
E01004172,6,6.083333333333333,0.16030250894343032
E01004173,4,4.25,0.0637189182902552
E01004174,4,4.333333333333333,0.11586022493812106
E01004175,3,2.75,0.0
E01004176,4,3.5833333333333335,0.06269790326398356
E01004177,6,7.25,0.04800491380836505
E01004178,14,20.416666666666668,0.08651319208133862
E01004179,7,4.0,0.06564656027002592
E01004180,6,3.75,0.03281414794689469
E01004181,1,3.5,0.0
E01004182,2,5.5,0.0
E01004183,2,4.833333333333333,0.09372930968448452
E01004184,6,5.5,0.0
E01004185,8,8.416666666666666,0.0806139806646504
E01004186,6,4.5,0.0
E01004187,2,5.0,0.051207578997222995
E01004188,0,0.0,0.07412348013870868
E01004189,14,7.25,0.0
E01004190,0,2.0,0.0
E01004191,3,4.583333333333333,0.0
E01004192,4,2.8333333333333335,0.039510589387476834
E01004193,6,4.916666666666667,0.11821564107842601
E01004194,5,3.3333333333333335,0.0
E01004195,8,8.833333333333334,0.09428711053172725
E01004196,4,4.333333333333333,0.0
E01004197,0,0.0,0.0
E01004198,4,5.25,0.14294681936510084
E01004199,2,5.333333333333333,0.0
E01004200,7,6.666666666666667,0.007745784196361575
E01004201,9,5.166666666666667,0.0
E01004202,15,10.166666666666666,0.0
E01004203,18,15.0,0.0
E01004204,7,7.666666666666667,0.0
E01004205,17,16.25,0.08364031384985746
E01004206,12,9.083333333333334,0.002641666260264474
E01004207,8,25.75,0.08452748007447375
E01004208,25,37.25,0.0037776894500056862
E01004209,10,5.666666666666667,0.0
E01004211,16,19.25,0.1015401752977318
E01004212,22,16.333333333333332,0.18404534192468355
E01004214,14,8.166666666666666,0.0
E01004215,0,0.0,0.11711529625657982
E01004216,1,1.5,0.02714691879662859
E01004217,9,9.5,0.04503207324737207
E01004218,7,7.0,0.01913549977756966
E01004219,18,21.0,0.0
E01004221,20,15.0,0.0
E01004222,14,12.916666666666666,0.06542896572585012
E01004223,4,11.166666666666666,0.0
E01004224,0,0.0,0.12518041997330417
E01004225,0,0.0,0.0
E01004226,10,10.5,0.0
E01004228,13,6.416666666666667,0.08187992766458224
E01004229,8,9.666666666666666,0.0
E01004230,7,5.583333333333333,0.0228372818189249
E01004231,13,10.75,0.08860817087495766
E01004232,16,22.166666666666668,0.18041037420888603
E01004233,7,4.333333333333333,0.09945141604993807
E01004234,13,11.5,0.08420793478685691
E01004235,6,5.666666666666667,0.06931295313088147
E01004236,9,9.5,0.15963359643031094
E01004237,7,8.583333333333334,0.0
E01004238,0,0.0,0.0
E01004239,12,10.25,0.0
E01004240,5,4.916666666666667,0.0
E01004241,8,6.25,0.06556103554780797
E01004242,0,0.0,0.04011347992965872
E01004243,6,7.583333333333333,0.04867801562792882
E01004244,22,21.25,0.0
E01004245,10,8.916666666666666,0.09290195795460907
E01004246,0,0.0,0.0
E01004247,21,16.583333333333332,0.09465174793809727
E01004248,15,9.916666666666666,0.04396377577223819
E01004249,25,13.75,0.0
E01004250,0,0.0,0.0
E01004251,38,19.916666666666668,0.0
E01004252,0,0.0,0.09945549993366706
E01004253,0,0.0,0.12551926262446741
E01004254,0,0.0,0.044936414029289884
E01004255,6,7.166666666666667,0.0
E01004256,17,14.333333333333334,0.009619278697681102
E01004257,13,9.333333333333334,0.09408434565186924
E01004258,9,7.166666666666667,0.10345182201862488
E01004259,20,19.75,0.0
E01004260,4,7.166666666666667,0.0
E01004261,0,0.0,0.0636411137641815
E01004262,0,0.0,0.0
E01004263,10,5.25,0.0
E01004264,4,3.5833333333333335,0.0
E01004266,1,3.6666666666666665,0.02206940923643358
E01004267,18,12.333333333333334,0.1389129230546487
E01004268,10,12.5,0.17131081390899344
E01004269,0,0.0,0.019723485183986755
E01004270,26,12.0,0.03699886554809662
E01004271,16,9.916666666666666,0.0
E01004272,6,7.5,0.03507463247911016
E01004273,0,0.0,0.0
E01004274,2,5.0,0.045749112275959895
E01004275,8,5.833333333333333,0.0
E01004276,1,3.1666666666666665,0.0
E01004277,32,22.833333333333332,0.0
E01004280,7,5.416666666666667,0.0
E01004281,9,3.8333333333333335,0.0
E01004283,18,9.25,0.0
E01004284,0,0.0,0.14620084757386378
E01004285,0,0.0,0.0
E01004286,22,11.0,0.03950029157545598
E01004287,4,6.5,0.1297766450353175
E01004288,8,7.0,0.16772260936244787
E01004289,11,7.416666666666667,0.04500031801955323
E01004290,16,13.583333333333334,0.13071198074282736
E01004291,6,14.5,0.0
E01004292,1,5.5,0.0
E01004293,17,19.666666666666668,0.024337993141189555
E01004294,0,0.0,0.051752178802094734
E01004295,16,12.166666666666666,0.08777159160302091
E01004296,6,9.583333333333334,0.0
E01004297,5,3.4166666666666665,0.0
E01004298,17,6.5,0.05740996335380544
E01004300,8,5.166666666666667,0.0
E01004301,5,4.666666666666667,0.03624904527896007
E01004302,8,6.0,0.07435687202995689
E01004303,11,11.083333333333334,0.09034901934246795
E01004304,25,13.583333333333334,0.11301146762745488
E01004305,8,8.583333333333334,0.1352191328883884
E01004306,13,18.333333333333332,0.04988563362935488
E01004307,25,41.333333333333336,0.1815719217488691
E01004308,11,7.333333333333333,0.05571099502571836
E01004309,18,20.083333333333332,0.0
E01004310,10,10.916666666666666,0.0
E01004311,5,6.666666666666667,0.0
E01004312,5,4.083333333333333,0.0
E01004313,8,10.666666666666666,0.06416330975182212
E01004314,0,0.0,0.1049877991509616
E01004315,6,6.25,0.0
E01004316,6,7.833333333333333,0.0
E01004317,0,0.0,0.13904398424229827
E01004318,0,0.0,0.0
E01004319,2,4.25,0.005114569841410559
E01004321,10,11.416666666666666,0.05674192426284881
E01004322,15,23.416666666666668,0.07614559912321811
E01004323,8,6.083333333333333,0.0
E01004324,4,4.583333333333333,0.0
E01004325,0,0.0,0.0
E01004326,17,14.916666666666666,0.06627508039426278
E01004327,4,2.6666666666666665,0.020561347896102634
E01004328,10,10.75,0.0
E01004329,3,4.416666666666667,0.05335310896329415
E01004330,8,7.833333333333333,0.11734027783375083
E01004331,6,5.666666666666667,0.0
E01004332,5,6.166666666666667,0.01622283427783981
E01004333,8,6.25,0.0738037836444156
E01004334,5,10.833333333333334,0.0
E01004335,5,4.25,0.0
E01004336,15,9.0,0.05858672131641141
E01004337,7,4.166666666666667,0.1307210280421934
E01004338,4,3.25,0.10182286929794625
E01004339,7,4.416666666666667,0.03695993213949175
E01004340,10,5.666666666666667,0.08448951373951315
E01004341,14,14.833333333333334,0.0
E01004342,11,10.166666666666666,0.06996033205176386
E01004343,2,8.416666666666666,0.01276216615659324
E01004344,10,7.416666666666667,0.0
E01004345,3,6.833333333333333,0.0791198037780558
E01004346,9,7.333333333333333,0.03689856562061394
E01004347,4,4.25,0.0
E01004348,18,12.166666666666666,0.1565158418500805
E01004349,3,4.916666666666667,0.0
E01004350,4,6.666666666666667,0.0
E01004351,11,6.166666666666667,0.0
E01004352,12,4.833333333333333,0.09311310527701207
E01004353,6,4.583333333333333,0.07310672024411735
E01004354,16,12.083333333333334,0.0
E01004355,2,5.666666666666667,0.06812186907446031
E01004356,5,4.333333333333333,0.0
E01004357,3,3.75,0.08708253343489541
E01004358,7,6.333333333333333,0.0034925676348017826
E01004359,3,3.1666666666666665,0.0
E01004360,8,3.0833333333333335,0.13881090025320383
E01004361,3,3.25,0.0
E01004362,3,2.75,0.0
E01004363,17,14.0,0.06346681240832056
E01004364,10,7.083333333333333,0.16007529170067666
E01004365,5,8.583333333333334,0.0
E01004366,9,7.75,0.0
E01004367,3,5.75,0.0
E01004368,4,7.0,0.020831435511109095
E01004369,7,5.5,0.0
E01004370,2,6.916666666666667,0.06625579583200773
E01004371,4,3.5833333333333335,0.1590775951108624
E01004372,4,4.666666666666667,0.0
E01004373,4,6.0,0.0
E01004374,1,2.5833333333333335,0.0
E01004375,4,6.333333333333333,0.0
E01004376,1,4.583333333333333,0.12745656443784673
E01004377,1,4.083333333333333,0.0
E01004378,1,5.25,0.0
E01004379,15,13.166666666666666,0.08374287230781094
E01004380,9,3.5,0.0
E01004381,5,6.166666666666667,0.06125389185578091
E01004382,3,2.4166666666666665,0.0
E01004383,2,4.333333333333333,0.10591106072610348
E01004384,2,8.666666666666666,0.15573930108269127
E01004385,7,5.416666666666667,0.059372187859609835
E01004386,3,3.25,0.14521532186471967
E01004387,0,1.5,0.0
E01004388,6,5.916666666666667,0.009328281656988846
E01004389,7,3.4166666666666665,0.03984118099107349
E01004390,4,5.333333333333333,0.03903675743796862
E01004391,6,6.916666666666667,0.0
E01004392,35,21.25,0.009261566856147409
E01004393,4,6.166666666666667,0.0
E01004394,5,4.833333333333333,0.0
E01004395,3,3.0,0.0
E01004396,7,6.083333333333333,0.08686674536091116
E01004397,42,41.333333333333336,0.025146445538374737
E01004398,3,4.583333333333333,0.0
E01004399,3,3.4166666666666665,0.02500900215260961
E01004400,8,6.5,0.046260006229973366
E01004401,11,10.0,0.13879097440592525
E01004402,4,4.0,0.033981306134014025
E01004403,10,14.083333333333334,0.0
E01004404,7,7.333333333333333,0.1108627388738635
E01004405,12,7.5,0.03249645997255654
E01004406,2,5.833333333333333,0.0
E01004407,17,9.333333333333334,0.045157753714296055
E01004408,3,4.833333333333333,0.13556047403702265
E01004409,8,12.583333333333334,0.0031419164768646674
E01004410,6,6.083333333333333,0.0
E01004411,11,9.5,0.0
E01004412,5,4.166666666666667,0.0
E01004413,5,6.083333333333333,0.0
E01004414,10,6.5,0.046395033662611745
E01004415,1,3.1666666666666665,0.0
E01004416,4,3.5833333333333335,0.14162335511535196
E01004417,2,3.9166666666666665,0.08720009884208678
E01004418,4,2.9166666666666665,0.03392548349144944
E01004419,6,6.583333333333333,0.11644949649603156
E01004420,15,22.583333333333332,0.0
E01004421,5,5.583333333333333,0.008247852932094278
E01004422,12,15.25,0.08053394849170384
E01004423,7,6.333333333333333,0.11583334064927674
E01004424,18,14.833333333333334,0.12541283444707788
E01004425,21,9.083333333333334,0.0
E01004426,8,5.416666666666667,0.14700662287955535
E01004427,4,5.083333333333333,0.0
E01004428,11,7.0,0.13159202480158716
E01004429,5,7.833333333333333,0.16260210209844161
E01004430,13,21.0,0.0
E01004432,7,4.083333333333333,0.07773345047002649
E01004434,5,8.666666666666666,0.0
E01004435,7,4.583333333333333,0.0
E01004436,9,11.333333333333334,0.03573098658397901
E01004437,4,5.416666666666667,0.038936139784684284
E01004438,49,78.75,0.3451154906460353
E01004439,4,5.5,0.06664458700023392
E01004440,18,13.166666666666666,0.030219175794439716
E01004441,4,3.8333333333333335,0.10333571568811334
E01004442,8,3.3333333333333335,0.14423219829358058
E01004443,8,7.5,0.0
E01004444,36,18.666666666666668,0.19556155291745575
E01004445,3,4.5,0.0
E01004446,3,3.4166666666666665,0.10361519458806771
E01004447,2,1.5833333333333333,0.0
E01004448,9,6.083333333333333,0.0
E01004449,8,7.25,0.001689057529936363
E01004450,3,3.0,0.05135209064081614
E01004451,8,5.0,0.0
E01004452,11,14.583333333333334,0.0
E01004453,10,17.25,0.07678776353517451
E01004454,5,7.916666666666667,0.14226781885043988
E01004455,29,37.25,0.06634814346528232
E01004456,20,11.666666666666666,0.0
E01004457,7,7.583333333333333,0.003412804596356296
E01004458,7,6.833333333333333,0.0
E01004459,5,4.916666666666667,0.1095279945547878
E01004460,11,12.333333333333334,0.13146994571191017
E01004461,0,0.0,0.02640013902888852
E01004462,4,4.583333333333333,0.0
E01004463,4,4.666666666666667,0.10263630214389603
E01004464,27,9.25,0.041581884256650783
E01004465,4,3.5,0.10730566217262563
E01004466,2,2.9166666666666665,0.04737594578125684
E01004467,6,7.666666666666667,0.10618805158053231
E01004468,2,3.25,0.03841444117240443
E01004469,4,8.666666666666666,0.0
E01004470,8,8.0,0.1591574027952602
E01004471,5,7.5,0.03274693947998364
E01004472,3,8.916666666666666,0.055795397181576334
E01004473,4,3.5,0.0
E01004474,60,51.666666666666664,0.1783166929406801
E01004475,3,2.5833333333333335,0.028513367650508006
E01004476,14,14.416666666666666,0.0
E01004477,5,5.583333333333333,0.0
E01004478,2,2.25,0.037431633519330404
E01004479,1,3.6666666666666665,0.08908726801307981
E01004480,1,1.4166666666666667,0.010876160879687067
E01004481,9,5.666666666666667,0.0
E01004482,2,1.3333333333333333,0.05358553381081362
E01004483,7,7.25,0.0
E01004484,3,3.25,0.0
E01004485,9,14.833333333333334,0.0
E01004486,1,2.6666666666666665,0.0
E01004487,1,3.25,0.0
E01004488,3,3.5,0.0
E01004489,1,4.916666666666667,0.0
E01004490,2,2.3333333333333335,0.0
E01004491,2,3.0833333333333335,0.011904159741123804
E01004492,7,6.666666666666667,0.013132989504413332
E01004493,5,4.0,0.0
E01004494,8,12.25,0.13508487604789848
E01004495,5,4.75,0.0
E01004496,13,8.416666666666666,0.02461671195273833
E01004497,0,2.1666666666666665,0.0
E01004498,1,2.25,0.0
E01004499,3,2.4166666666666665,0.028737210108390844
E01004500,1,2.6666666666666665,0.02706340907215259
E01004501,4,3.1666666666666665,0.12202878826023209
E01004502,4,4.666666666666667,0.030063395508183
E01004503,3,4.583333333333333,0.15041179013143466
E01004504,5,3.9166666666666665,0.0
E01004505,3,4.416666666666667,0.0
E01004506,8,7.833333333333333,0.0
E01004507,4,8.5,0.0
E01004508,8,8.333333333333334,0.03506191330064813
E01004509,0,0.0,0.0436716544282284
E01004510,4,4.666666666666667,0.0
E01004511,1,3.4166666666666665,0.14309042776111913
E01004512,2,3.6666666666666665,0.11262920020309797
E01004513,8,14.666666666666666,0.0
E01004514,7,7.083333333333333,0.0
E01004515,4,5.916666666666667,0.0
E01004516,5,4.416666666666667,0.0
E01004517,13,12.333333333333334,0.0
E01004518,0,1.6666666666666667,0.010104682603349131
E01004519,6,3.5833333333333335,0.0
E01004520,3,3.0833333333333335,0.0
E01004521,4,3.3333333333333335,0.1559239520225546
E01004522,3,8.333333333333334,0.07797515469574813
E01004523,5,5.5,0.1496635809260759
E01004524,3,7.0,0.0
E01004525,41,44.75,0.08643816814720783
E01004526,11,9.75,0.042956170605935574
E01004527,1,3.4166666666666665,0.0
E01004528,15,7.916666666666667,0.0
E01004529,4,7.75,0.07222351855594984
E01004530,0,2.0833333333333335,0.04821607504496677
E01004531,2,0.9166666666666666,0.0
E01004532,9,3.1666666666666665,0.005511957216504777
E01004533,5,4.5,0.0
E01004534,7,8.166666666666666,0.0
E01004535,4,4.916666666666667,0.0
E01004536,2,9.166666666666666,0.0
E01004537,10,10.333333333333334,0.0
E01004538,7,5.5,0.15198551097878044
E01004539,8,6.25,0.04681857752625822
E01004540,9,9.333333333333334,0.09399947089130287
E01004541,8,7.333333333333333,0.0
E01004542,6,4.333333333333333,0.0
E01004543,8,6.333333333333333,0.0
E01004544,2,4.166666666666667,0.0
E01004545,7,7.916666666666667,0.0
E01004546,1,1.75,0.09401719839275614
E01004547,8,4.333333333333333,0.065057799164568
E01004548,7,7.25,0.03381102841142897
E01004549,2,4.833333333333333,0.005681872270554347
E01004550,2,2.75,0.1342149755028251
E01004551,24,34.083333333333336,0.0
E01004552,29,25.833333333333332,0.004490972027623372
E01004553,3,4.583333333333333,0.0
E01004554,2,5.25,0.0990166980752675
E01004555,2,6.333333333333333,0.16499185486238138
E01004556,7,2.1666666666666665,0.0
E01004557,6,4.083333333333333,0.12340583145001506
E01004558,1,4.666666666666667,0.11188812093969842
E01004559,4,3.4166666666666665,0.0
E01004560,7,12.833333333333334,0.004728329287709623
E01004562,0,0.0,0.0
E01004563,10,8.25,0.16592027177593072
E01004564,6,7.583333333333333,0.0
E01004565,5,4.416666666666667,0.1017682577410513
E01004566,5,8.666666666666666,0.0
E01004567,11,10.25,0.0971585861551661
E01004568,7,7.833333333333333,0.0
E01004569,9,12.666666666666666,0.05798286656254195
E01004570,6,9.166666666666666,0.1247325000177985
E01004571,8,6.75,0.10962118230986245
E01004572,2,4.25,0.12149420387116386
E01004573,11,12.75,0.0
E01004574,8,5.916666666666667,0.07371859072480619
E01004575,12,6.0,0.0
E01004576,5,8.666666666666666,0.0
E01004577,6,3.5833333333333335,0.02432930292420876
E01004579,6,7.833333333333333,0.0
E01004580,8,7.75,0.026976721157776815
E01004581,8,6.0,0.1652881262526499
E01004582,6,7.25,0.0
E01004583,8,9.25,0.07781259042106829
E01004584,6,3.5833333333333335,0.0
E01004585,11,6.583333333333333,0.0
E01004586,2,2.0833333333333335,0.0
E01004587,4,2.5833333333333335,0.14181300467930993
E01004588,17,15.5,0.15606688584727774
E01004589,2,4.5,0.1343602633343047
E01004590,7,7.083333333333333,0.16673858076363898
E01004591,16,12.75,0.0
E01004592,1,6.416666666666667,0.0
E01004593,8,4.083333333333333,0.061879340186350926
E01004594,13,10.416666666666666,0.023491861980875054
E01004595,2,3.25,0.0
E01004596,5,4.083333333333333,0.0
E01004597,2,3.9166666666666665,0.03879420319156366
E01004598,2,1.5,0.02676058699529066
E01004599,2,1.9166666666666667,0.0
E01004600,0,0.0,0.0
E01004601,13,8.5,0.03917603048146255
E01004602,2,4.666666666666667,0.033787374429578174
E01004604,5,6.5,0.0
E01004605,4,3.4166666666666665,0.08198057848312536
E01004606,4,3.9166666666666665,0.0
E01004607,3,2.9166666666666665,0.0
E01004608,8,11.25,0.11468298258518539
E01004609,43,37.666666666666664,0.12168545399863476
E01004610,5,4.75,0.0
E01004611,2,3.8333333333333335,0.06891914061126087
E01004612,6,7.583333333333333,0.04085688406333369
E01004613,8,10.166666666666666,0.11654375645905268
E01004614,6,4.916666666666667,0.08388927506765238
E01004615,2,8.166666666666666,0.05525963902865219
E01004616,1,2.9166666666666665,0.004391610599594862
E01004617,28,24.0,0.0
E01004618,0,2.5833333333333335,0.0
E01004619,0,3.25,0.0
E01004620,4,2.6666666666666665,0.0370476677077229
E01004621,2,2.9166666666666665,0.012050664570942086
E01004622,9,15.5,0.0
E01004623,1,2.3333333333333335,0.0
E01004624,2,3.75,0.009078162578409295
E01004625,0,1.9166666666666667,0.0
E01004626,49,50.0,0.20646777032202873
E01004627,11,4.916666666666667,0.0
E01004628,4,6.833333333333333,0.04404666500661592
E01004629,1,6.833333333333333,0.15104059286669824
E01004630,9,5.083333333333333,0.0
E01004631,4,5.166666666666667,0.005556992836428328
E01004632,2,5.416666666666667,0.0
E01004633,4,4.083333333333333,0.0488182048872967
E01004634,4,4.916666666666667,0.028541223389573066
E01004635,1,2.1666666666666665,0.0
E01004636,2,3.5,0.015939076049743144
E01004637,4,3.1666666666666665,0.12759113194759805
E01004638,2,3.4166666666666665,0.0
E01004639,2,5.916666666666667,0.0
E01004640,3,5.166666666666667,0.12256161102098001
E01004641,2,2.0,0.02857853592072667
E01004642,2,5.0,0.13080606464943956
E01004643,8,4.5,0.0413312422337499
E01004644,8,6.083333333333333,0.10960536940115637
E01004645,3,7.333333333333333,0.0
E01004646,8,4.916666666666667,0.088339698597186
E01004647,3,7.916666666666667,0.1454592760841943
E01004648,6,10.5,0.05021479793952422
E01004649,7,7.166666666666667,0.0
E01004650,2,5.666666666666667,0.0
E01004651,2,2.0833333333333335,0.0
E01004652,11,8.666666666666666,0.0
E01004653,5,8.083333333333334,0.0
E01004654,4,11.916666666666666,0.048973794451903474
E01004656,12,10.25,0.05429497126146782
E01004657,30,36.083333333333336,0.07615813465112489
E01004658,56,49.333333333333336,0.16889704365366728
E01004659,12,13.416666666666666,0.0
E01004660,7,8.416666666666666,0.0
E01004661,32,23.583333333333332,0.0
E01004662,5,8.833333333333334,0.02946498223133681
E01004663,2,8.0,0.0
E01004665,2,2.25,0.0
E01004666,0,0.0,0.0
E01004667,0,0.0,0.09355983720311395
E01004668,6,7.833333333333333,0.0
E01004669,13,7.25,0.06454601168677263
E01004670,6,7.0,0.06971489852744715
E01004674,6,8.416666666666666,0.11250442292531711
E01004675,58,56.75,0.2842826746416594
E01004676,3,4.75,0.0
E01004677,3,6.916666666666667,0.0
E01004678,10,6.166666666666667,0.13263523943022495
E01004679,25,19.0,0.03926797509747453
E01004680,4,9.333333333333334,0.04477977730036111
E01004681,9,12.833333333333334,0.08383671634488706
E01004682,19,16.333333333333332,0.09817450618425483
E01004683,4,8.666666666666666,0.15311023621382294
E01004684,8,7.583333333333333,0.16972442604001256
E01004686,6,5.416666666666667,0.08078981029107614
E01004687,4,5.333333333333333,0.0
E01004688,0,0.0,0.11392572068830306
E01004689,0,0.0,0.0
E01004690,5,6.916666666666667,0.0
E01004691,11,14.166666666666666,0.15777321126996047
E01004692,15,9.666666666666666,0.0
E01004693,3,7.416666666666667,0.0
E01004694,6,5.25,0.0
E01004695,13,15.416666666666666,0.14969315532764266
E01004696,3,3.9166666666666665,0.010677491365854034
E01004697,0,2.9166666666666665,0.060406268922597095
E01004698,12,11.916666666666666,0.0
E01004699,32,33.166666666666664,0.16768202877558086
E01004700,9,7.333333333333333,0.09796083790459689
E01004701,3,4.666666666666667,0.0
E01004702,26,15.5,0.015391226736834004
E01004703,2,15.0,0.0
E01004705,4,4.333333333333333,0.15476236460630652
E01004706,4,5.583333333333333,0.058876962729680446
E01004707,4,4.25,0.14193041302390844
E01004708,2,3.75,0.0
E01004709,5,8.333333333333334,0.10724815391721161
E01004710,22,11.083333333333334,0.10992316358955506
E01004711,0,1.5,0.0615792539632285
E01004712,20,20.666666666666668,0.195940275025039
E01004713,12,10.5,0.0
E01004714,113,133.25,0.251882468567061
E01004715,17,12.25,0.08485355139989094
E01004716,9,6.5,0.08648402655731471
E01004717,29,31.75,0.10893232490677571
E01004718,5,4.5,0.0
E01004719,5,6.25,0.018347442514415127
E01004720,6,6.416666666666667,0.0
E01004721,5,9.0,0.0027353088696029995
E01004722,10,8.416666666666666,0.06647326157172533
E01004723,9,12.0,0.10622489003337873
E01004724,16,18.75,0.0
E01004725,8,7.583333333333333,0.0
E01004726,0,4.333333333333333,0.0
E01004727,17,27.583333333333332,0.0
E01004728,7,4.833333333333333,0.09817107640927543
E01004729,1,3.0833333333333335,0.13116773393781125
E01004730,4,6.25,0.0
E01004731,24,34.25,0.1686020941867048
E01004732,12,10.416666666666666,0.14744968683200418
E01004733,38,44.583333333333336,0.22517997125614364
E01004734,174,187.91666666666666,0.41629786097093074
E01004735,70,83.41666666666667,0.36392317343563685
E01004736,103,136.5,0.334515746826049
E01004737,1,2.8333333333333335,0.0
E01004738,0,0.0,0.0
E01004739,0,0.0,0.0
E01004740,5,2.5833333333333335,0.0
E01004741,1,4.083333333333333,0.0
E01004742,2,8.416666666666666,0.0
E01004743,8,5.166666666666667,0.10671004265875492
E01004744,10,8.583333333333334,0.13600790153745798
E01004745,0,0.0,0.0
E01004746,3,3.0,0.11577455317990423
E01004747,18,11.25,0.13778846923543264
E01004748,47,37.75,0.18213967159765754
E01004749,21,21.0,0.0
E01004750,16,29.083333333333332,0.13625312533354372
E01004751,2,1.5,0.13758977777743667
E01004752,1,4.0,0.06564896603885657
E01004753,8,4.166666666666667,0.0
E01004754,2,9.0,0.024669145648845654
E01004755,25,14.0,0.0818213914357992
E01004756,11,8.5,0.026305620237058666
E01004757,3,4.833333333333333,0.0
E01004760,3,4.333333333333333,0.0
E01004761,56,74.91666666666667,0.2946199205292106
E01004762,29,43.666666666666664,0.22727322512373344
E01004763,153,156.91666666666666,0.3182709805563358
E01004765,60,63.25,0.30786390505733563
E01004772,0,0.0,0.0
E01004781,0,0.0,0.04869412161921599
E01004798,0,0.0,0.07554754378700435
E01004801,0,0.08333333333333333,0.09381067919154645
E01004803,0,0.0,0.13372491066777906
E01004812,0,0.0,0.0
E01004817,0,0.08333333333333333,0.10777874516564781
E01004818,0,0.08333333333333333,0.0
E01004826,0,0.16666666666666666,0.061965889506440726
E01004827,0,0.08333333333333333,0.0728201276543772
E01004828,0,0.0,0.05331697236039612
E01004830,0,0.08333333333333333,0.0
E01004836,0,0.0,0.11191294410456101
E01004838,0,0.08333333333333333,0.0
E01004841,0,0.0,0.0
E01004848,0,0.0,0.06523949718357364
E01004850,0,0.0,0.0
E01004852,0,0.0,0.1047294059876028
E01004854,0,0.0,0.0
E01004865,0,0.0,0.0
E01004868,0,0.0,0.10093265774096091
E01004869,0,0.08333333333333333,0.014899698292202949
E01004878,0,0.0,0.0
E01004894,0,0.0,0.06611519957593373
E01004929,0,0.08333333333333333,0.0035609003470316067
E01004944,0,0.0,0.03129389467209595
E01004954,0,0.0,0.0
E01004964,0,0.08333333333333333,0.09883950394558336
E01004969,0,0.08333333333333333,0.0990956235050964
E01004972,0,0.08333333333333333,0.06304345534749731
E01004979,0,0.08333333333333333,0.0
E01004992,0,0.0,0.10165615857122065
E01004996,0,0.0,0.05130389415987294
E01005013,0,0.08333333333333333,0.059334058601471285
E01005021,0,0.0,0.0
E01005027,0,0.0,0.11378386684710198
E01005031,0,0.0,0.06761148007045725
E01005032,0,0.08333333333333333,0.0
E01005036,0,0.0,0.0
E01005059,0,0.0,0.11591410858804249
E01005063,0,0.08333333333333333,0.0
E01005065,0,0.0,0.13842498589261484
E01005078,0,0.0,0.05374877049586885
E01005079,0,0.08333333333333333,0.03963960209319442
E01005084,0,0.0,0.0
E01005088,0,0.0,0.0
E01005093,0,0.0,0.13261746584657866
E01005113,0,0.0,0.0
E01005116,0,0.08333333333333333,0.08287839781588124
E01005124,0,0.08333333333333333,0.0
E01005132,0,0.0,0.0
E01005136,0,0.0,0.0
E01005142,0,0.08333333333333333,0.013504009904756701
E01005160,0,0.0,0.1427336455646798
E01005162,0,0.0,0.0
E01005165,0,0.08333333333333333,0.0
E01005167,0,0.08333333333333333,0.0
E01005176,0,0.0,0.006163151191457522
E01005187,0,0.0,0.0
E01005189,0,0.0,0.11397438801810436
E01005190,1,0.0,0.0016562375170470767
E01005191,0,0.0,0.0023273514565706477
E01005197,0,0.0,0.0
E01005201,0,0.08333333333333333,0.14504867107329725
E01005202,0,0.08333333333333333,0.0
E01005208,0,0.0,0.0
E01005209,0,0.0,0.048943874692562644
E01005210,1,0.0,0.028609911047061787
E01005212,0,0.0,0.0
E01005216,0,0.0,0.0
E01005221,0,0.0,0.08551917631392936
E01005225,0,0.0,0.0
E01005228,0,0.08333333333333333,0.09630280448364836
E01005230,0,0.0,0.04462413416850544
E01005231,0,0.0,0.0
E01005233,0,0.0,0.0
E01005238,0,0.08333333333333333,0.0
E01005243,0,0.08333333333333333,0.07586110860927389
E01005268,1,0.0,0.003862422691580325
E01005274,0,0.0,0.0
E01005276,0,0.0,0.02881503472828506
E01005277,0,0.08333333333333333,0.14894714441557835
E01005279,0,0.08333333333333333,0.0
E01005280,0,0.08333333333333333,0.1264342290337673
E01005295,0,0.0,0.0
E01005297,0,0.0,0.0
E01005298,0,0.08333333333333333,0.0
E01005308,0,0.08333333333333333,0.0
E01005309,1,0.0,0.0
E01005310,0,0.08333333333333333,0.0
E01005315,0,0.08333333333333333,0.1247272701244396
E01005316,0,0.08333333333333333,0.10339063216946012
E01005322,0,0.0,0.07268766944608412
E01005325,0,0.08333333333333333,0.0
E01005327,0,0.08333333333333333,0.0
E01005332,0,0.0,0.0
E01005340,0,0.08333333333333333,0.06743556543205781
E01005344,0,0.0,0.12864238820636556
E01005345,0,0.08333333333333333,0.0
E01005346,0,0.08333333333333333,0.0
E01005348,0,0.08333333333333333,0.0039446550198134235
E01005349,0,0.16666666666666666,0.0
E01005350,0,0.0,0.0
E01005363,0,0.08333333333333333,0.03662599604689362
E01005371,1,0.0,0.06561543397866071
E01005374,0,0.0,0.0
E01005376,0,0.0,0.0
E01005377,0,0.08333333333333333,0.14852589960589588
E01005383,0,0.0,0.0
E01005397,0,0.08333333333333333,0.0
E01005400,0,0.08333333333333333,0.0
E01005402,0,0.0,0.0
E01005403,0,0.08333333333333333,0.0
E01005410,0,0.0,0.09072053533539728
E01005414,0,0.0,0.0
E01005415,0,0.16666666666666666,0.0
E01005427,0,0.08333333333333333,0.05290284087041308
E01005428,0,0.08333333333333333,0.002895029821145509
E01005429,0,0.0,0.10843370580639725
E01005430,0,0.0,0.10981070251372696
E01005433,0,0.08333333333333333,0.0
E01005448,0,0.08333333333333333,0.08364070074514118
E01005449,0,0.08333333333333333,0.0
E01005459,0,0.08333333333333333,0.14687897119128038
E01005462,0,0.0,0.0
E01005479,0,0.08333333333333333,0.1462955924166707
E01005480,0,0.0,0.07637080836172097
E01005486,0,0.08333333333333333,0.0
E01005502,0,0.0,0.011518493786087297
E01005507,0,0.0,0.14764069184357484
E01005543,0,0.08333333333333333,0.10748599112575855
E01005548,0,0.0,0.0
E01005552,0,0.0,0.06191159904299881
E01005554,0,0.0,0.0
E01005561,0,0.16666666666666666,0.0
E01005563,1,0.0,0.0
E01005564,0,0.08333333333333333,0.0
E01005566,0,0.0,0.09566078115614146
E01005591,0,0.0,0.0
E01005593,0,0.0,0.09825710818614511
E01005595,0,0.08333333333333333,0.0
E01005599,0,0.0,0.0
E01005610,0,0.0,0.0
E01005611,0,0.08333333333333333,0.0
E01005614,0,0.08333333333333333,0.0
E01005615,0,0.0,0.0
E01005618,0,0.0,0.016664870965685974
E01005661,0,0.16666666666666666,0.0
E01005662,0,0.16666666666666666,0.0
E01005667,0,0.08333333333333333,0.0
E01005683,0,0.16666666666666666,0.11322509510033127
E01005698,0,0.08333333333333333,0.12181650850333606
E01005717,0,0.0,0.0
E01005723,0,0.08333333333333333,0.0
E01005724,0,0.0,0.0
E01005734,0,0.08333333333333333,0.13624767261480994
E01005742,0,0.0,0.0
E01005768,0,0.0,0.0
E01005775,0,0.08333333333333333,0.0
E01005777,0,0.0,0.0
E01005789,0,0.08333333333333333,0.0
E01005790,0,0.0,0.08494842927710913
E01005799,0,0.0,0.0
E01005801,0,0.08333333333333333,0.040698806546130284
E01005817,0,0.0,0.0
E01005829,0,0.08333333333333333,0.0
E01005844,1,0.25,0.12350927750630729
E01005857,0,0.08333333333333333,0.0
E01005868,0,0.0,0.09637504636791128
E01005873,0,0.0,0.013389261332140745
E01005905,0,0.08333333333333333,0.0
E01005910,0,0.08333333333333333,0.1368612662316017
E01005918,0,0.08333333333333333,0.0
E01005941,0,0.08333333333333333,0.1081204124059634
E01005957,1,0.0,0.0
E01005960,0,0.0,0.10618286464255586
E01005968,0,0.0,0.0
E01006016,0,0.0,0.003534136970844204
E01006025,0,0.08333333333333333,0.08105958262664847
E01006028,0,0.0,0.13043865524783502
E01006035,0,0.0,0.12276064086194613
E01006043,0,0.08333333333333333,0.09611426966447492
E01006055,0,0.08333333333333333,0.11668421369857265
E01006078,0,0.0,0.0
E01006082,0,0.08333333333333333,0.0
E01006085,0,0.08333333333333333,0.0
E01006120,0,0.08333333333333333,0.0
E01006134,0,0.0,0.0
E01006145,0,0.0,0.01336659739640264
E01006170,0,0.0,0.0
E01006184,0,0.08333333333333333,0.05760080793597824
E01006186,0,0.0,0.0
E01006198,0,0.0,0.0
E01006199,0,0.08333333333333333,0.0012303479820276494
E01006213,0,0.08333333333333333,0.08915897725722463
E01006225,0,0.08333333333333333,0.07206757877179962
E01006226,0,0.08333333333333333,0.043887115723338116
E01006238,0,0.0,0.0
E01006257,0,0.08333333333333333,0.014340412484854768
E01006264,0,0.0,0.0
E01006265,0,0.08333333333333333,0.0
E01006267,0,0.08333333333333333,0.0
E01006269,0,0.08333333333333333,0.0
E01006284,0,0.0,0.0
E01006296,0,0.0,0.1366948401799468
E01006298,0,0.08333333333333333,0.1363165911490883
E01006305,0,0.08333333333333333,0.0
E01006329,0,0.0,0.0
E01006337,0,0.0,0.0
E01006346,0,0.0,0.0
E01006352,0,0.08333333333333333,0.13456071819095036
E01006354,0,0.16666666666666666,0.0
E01006362,0,0.0,0.07905475310046367
E01006366,0,0.4166666666666667,0.0
E01006369,2,0.0,0.14437727321738306
E01006370,0,0.08333333333333333,0.0
E01006391,0,0.08333333333333333,0.08279717046989823
E01006411,0,0.08333333333333333,0.0
E01006412,4,7.0,0.057352602362884156
E01006413,10,7.25,0.0
E01006414,11,8.416666666666666,0.0
E01006415,5,8.25,0.15387331308840263
E01006416,4,4.75,0.13822228498167252
E01006417,6,4.75,0.12916878367420717
E01006418,8,7.0,0.05668197426521958
E01006419,4,1.5833333333333333,0.09678983056833096
E01006420,9,9.5,0.0
E01006421,2,0.75,0.0
E01006422,4,3.0,0.0
E01006423,1,2.0,0.046137007790138705
E01006424,2,3.75,0.0
E01006425,5,3.3333333333333335,0.0
E01006426,11,9.666666666666666,0.05524994344511097
E01006427,3,4.333333333333333,0.10610923381015969
E01006428,4,6.416666666666667,0.0
E01006429,4,5.75,0.0
E01006430,3,6.083333333333333,0.0
E01006431,4,4.5,0.0
E01006432,6,4.666666666666667,0.0
E01006433,1,5.416666666666667,0.0575810931636868
E01006434,12,6.5,0.04797473177546857
E01006435,7,4.5,0.07107163367990987
E01006436,7,9.5,0.0
E01006437,44,30.0,0.1788504636293144
E01006438,1,2.4166666666666665,0.0
E01006439,2,5.416666666666667,0.005454796267240252
E01006440,3,3.9166666666666665,0.10094163007095709
E01006441,0,0.0,0.0
E01006442,8,9.416666666666666,0.0
E01006443,14,9.166666666666666,0.14005415832635607
E01006444,5,6.083333333333333,0.0
E01006445,3,5.0,0.06876956548359642
E01006446,22,10.416666666666666,0.0
E01006447,11,6.0,0.07334430013589907
E01006448,8,8.0,0.0
E01006449,1,2.3333333333333335,0.0
E01006450,11,7.25,0.052676194080221006
E01006451,3,3.5833333333333335,0.0
E01006452,8,4.166666666666667,0.0
E01006453,8,8.833333333333334,0.0
E01006454,3,2.8333333333333335,0.0
E01006455,11,11.75,0.0
E01006456,1,4.416666666666667,0.0
E01006457,5,2.4166666666666665,0.12982533461115653
E01006458,1,4.0,0.0
E01006459,7,5.333333333333333,0.009673828870906042
E01006460,11,10.666666666666666,0.0
E01006461,6,6.5,0.0
E01006462,7,3.8333333333333335,0.1382510727538262
E01006463,0,0.0,0.0
E01006464,13,14.0,0.17785357434598287
E01006465,6,2.8333333333333335,0.0
E01006466,8,4.416666666666667,0.08449069894966557
E01006467,4,5.0,0.027611707480080343
E01006470,12,5.5,0.13031299909100325
E01006471,1,3.0,0.02436309345747137
E01006472,3,2.3333333333333335,0.016718412151973124
E01006473,4,3.9166666666666665,0.0
E01006474,10,8.916666666666666,0.0
E01006475,7,4.166666666666667,0.1362871853437266
E01006476,2,1.0,0.0
E01006477,6,5.916666666666667,0.0
E01006478,7,6.75,0.0963186103432137
E01006479,3,4.083333333333333,0.0
E01006480,4,3.9166666666666665,0.1462787476002288
E01006481,27,15.25,0.1128843411328449
E01006482,6,5.416666666666667,0.043971344783820074
E01006483,2,6.5,0.1319596345775786
E01006484,4,3.25,0.0
E01006485,2,3.1666666666666665,0.0
E01006486,2,1.3333333333333333,0.0
E01006487,1,3.0833333333333335,0.0
E01006488,4,3.1666666666666665,0.08179029059754056
E01006489,2,1.9166666666666667,0.13097901172029086
E01006490,5,5.166666666666667,0.0
E01006491,7,2.8333333333333335,0.0
E01006492,3,2.6666666666666665,0.1457231012470762
E01006493,7,4.333333333333333,0.0
E01006494,10,11.083333333333334,0.02688009055891741
E01006495,8,8.666666666666666,0.0
E01006496,4,5.083333333333333,0.1366998787147098
E01006497,3,4.0,0.03157346739326468
E01006498,9,2.8333333333333335,0.08636387536066259
E01006499,16,17.583333333333332,0.14139867234355122
E01006500,7,5.083333333333333,0.0
E01006501,4,4.0,0.0
E01006502,1,4.5,0.11678920753167751
E01006503,1,2.0833333333333335,0.0
E01006504,5,7.25,0.10791290565134129
E01006505,13,7.75,0.15339091518920572
E01006506,6,5.5,0.051932492732377586
E01006507,9,7.0,0.09154012545080821
E01006508,8,5.25,0.10581814802377162
E01006509,16,9.083333333333334,0.1282340538887705
E01006510,4,5.833333333333333,0.0
E01006512,6,7.0,0.0
E01006513,0,0.0,0.0
E01006514,13,17.583333333333332,0.09998352577351227
E01006515,0,0.0,0.0
E01006518,12,6.666666666666667,0.09283364927263532
E01006519,5,2.8333333333333335,0.0
E01006520,17,9.666666666666666,0.06673306315225672
E01006521,12,6.416666666666667,0.0
E01006522,26,21.416666666666668,0.13310069264011895
E01006523,9,7.166666666666667,0.033214347459512204
E01006524,13,5.833333333333333,0.0
E01006525,2,1.6666666666666667,0.0
E01006526,6,3.8333333333333335,0.08501581738289626
E01006527,3,2.3333333333333335,0.0011310171035367241
E01006528,4,3.0833333333333335,0.0
E01006529,6,2.9166666666666665,0.14811966511743993
E01006530,1,2.0833333333333335,0.07020772594960256
E01006531,1,1.4166666666666667,0.14099619936502342
E01006532,0,1.25,0.0
E01006533,3,5.083333333333333,0.006365439018584409
E01006534,1,4.666666666666667,0.13208785766566675
E01006535,5,5.333333333333333,0.02203056528522799
E01006536,5,5.75,0.07783348078422
E01006537,15,11.416666666666666,0.0
E01006538,15,7.083333333333333,0.0032966886262151725
E01006539,2,3.3333333333333335,0.0
E01006540,17,13.25,0.0
E01006541,11,6.5,0.0
E01006542,11,10.333333333333334,0.0
E01006543,3,3.0,0.1513502637596109
E01006544,4,5.75,0.0
E01006545,9,7.083333333333333,0.06827196086662358
E01006546,13,13.833333333333334,0.13938017047000367
E01006547,7,11.75,0.04717817859655332
E01006548,8,6.166666666666667,0.0
E01006549,20,7.666666666666667,0.08930134081754305
E01006550,6,4.083333333333333,0.04118905423876583
E01006551,12,7.75,0.09046839522108709
E01006552,11,8.0,0.10269763167454507
E01006553,8,3.75,0.15282950631358866
E01006554,3,6.666666666666667,0.040213688022528754
E01006556,10,11.5,0.0
E01006557,7,7.5,0.06495215908640134
E01006558,11,12.5,0.0
E01006560,7,9.0,0.14371454591607216
E01006562,10,13.833333333333334,0.0
E01006563,15,18.75,0.0
E01006564,8,4.75,0.10765171579817874
E01006565,4,7.833333333333333,0.05051374071626956
E01006566,11,5.416666666666667,0.0
E01006567,9,10.833333333333334,0.021515841836094528
E01006568,5,2.25,0.11248805556555314
E01006569,8,6.666666666666667,0.0
E01006570,11,7.5,0.13130769745998164
E01006571,8,6.25,0.0
E01006572,6,4.333333333333333,0.09483358877202447
E01006573,19,13.666666666666666,0.14146093314617825
E01006574,5,5.75,0.0
E01006575,10,3.9166666666666665,0.0
E01006576,3,3.0833333333333335,0.0
E01006577,0,1.0833333333333333,0.06492975310062414
E01006578,1,1.75,0.015367315222307398
E01006579,5,4.916666666666667,0.05397872322320168
E01006580,1,3.1666666666666665,0.0
E01006581,2,2.9166666666666665,0.0
E01006582,3,2.25,0.0
E01006583,3,1.0,0.0
E01006584,5,10.916666666666666,0.047635351223872045
E01006585,6,5.5,0.12234985501117414
E01006586,6,7.916666666666667,0.07162507025484169
E01006587,3,4.5,0.0
E01006588,10,6.5,0.1536271207323942
E01006589,2,2.0833333333333335,0.07144378017728573
E01006590,7,6.666666666666667,0.14719426487328074
E01006591,3,4.25,0.019843640790903498
E01006592,1,1.9166666666666667,0.0
E01006593,10,5.666666666666667,0.0
E01006594,2,1.4166666666666667,0.07168120504823974
E01006595,3,5.166666666666667,0.0
E01006596,9,5.833333333333333,0.0
E01006597,1,0.9166666666666666,0.012236169167165141
E01006598,6,7.0,0.03837691554916585
E01006599,8,9.916666666666666,0.05716520631773302
E01006600,6,3.1666666666666665,0.0
E01006603,12,15.583333333333334,0.006334467080425225
E01006604,3,3.9166666666666665,0.045818281743618024
E01006605,6,3.9166666666666665,0.1516056729986634
E01006606,7,6.666666666666667,0.08643404532442236
E01006607,3,6.666666666666667,0.14492583114270308
E01006608,7,7.333333333333333,0.09862279191022044
E01006609,3,7.666666666666667,0.04838150028441325
E01006610,7,12.25,0.0
E01006611,11,12.75,0.0847074419955153
E01006612,18,6.0,0.05334410340103629
E01006613,0,5.083333333333333,0.044576087948248216
E01006614,8,11.083333333333334,0.027101330820604678
E01006615,8,7.833333333333333,0.029917008413838698
E01006616,7,5.5,0.0
E01006617,12,8.666666666666666,0.029381923011561444
E01006618,1,5.833333333333333,0.0
E01006619,1,3.8333333333333335,0.10198552401645958
E01006620,2,2.8333333333333335,0.0
E01006621,3,8.583333333333334,0.0
E01006622,14,7.166666666666667,0.0003793647227516503
E01006623,2,2.5,0.05429649585726197
E01006624,11,5.75,0.0
E01006625,4,4.25,0.0
E01006626,4,2.9166666666666665,0.025389663173482874
E01006627,9,4.75,0.0
E01006628,17,13.583333333333334,0.1668301414675658
E01006629,2,3.5,0.13631951148869242
E01006630,5,8.333333333333334,0.023392426009773353
E01006632,3,6.083333333333333,0.0
E01006633,3,7.583333333333333,0.09177932500350339
E01006637,4,8.333333333333334,0.0
E01006638,14,5.75,0.008080509025615211
E01006639,7,4.333333333333333,0.0
E01006640,6,4.083333333333333,0.1372743967396573
E01006641,2,5.333333333333333,0.0
E01006642,4,7.083333333333333,0.03512321073092771
E01006643,7,10.5,0.10077698314285011
E01006644,6,5.416666666666667,0.010247968269006435
E01006645,7,5.166666666666667,0.0
E01006646,14,11.083333333333334,0.17190398743250312
E01006647,7,12.0,0.03806359663895776
E01006648,22,24.25,0.10025723414850449
E01006651,1,2.6666666666666665,0.0
E01006652,2,4.25,0.006616674341294947
E01006653,21,10.166666666666666,0.006415521209633089
E01006654,14,12.75,0.0
E01006655,3,5.5,0.0
E01006656,3,3.0833333333333335,0.1096336814923459
E01006657,12,3.1666666666666665,0.0
E01006658,7,5.333333333333333,0.0
E01006659,25,27.666666666666668,0.07677395703528218
E01006660,7,9.0,0.10511948982835015
E01006661,10,6.083333333333333,0.0
E01006662,13,12.0,0.05570284311760513
E01006663,7,5.5,0.0
E01006664,10,8.0,0.0
E01006665,4,3.5,0.0
E01006666,7,1.0833333333333333,0.10319774686489121
E01006667,2,3.75,0.0
E01006668,1,1.6666666666666667,0.0
E01006669,0,3.0833333333333335,0.0
E01006670,3,3.25,0.11204358478968389
E01006671,3,2.5,0.0
E01006672,4,10.166666666666666,0.004184458879911444
E01006673,13,9.0,0.0
E01006674,21,15.916666666666666,0.028044035075119142
E01006675,16,11.916666666666666,0.055717582617087036
E01006676,17,11.5,0.052571730550683135
E01006677,7,9.333333333333334,0.0
E01006678,22,27.333333333333332,0.019053240658455275
E01006679,15,16.583333333333332,0.0
E01006680,2,1.9166666666666667,0.0
E01006681,5,4.416666666666667,0.0
E01006682,0,1.1666666666666667,0.08315410661615573
E01006683,0,1.25,0.14328442132717747
E01006684,8,3.6666666666666665,0.15100192420799574
E01006685,3,3.5833333333333335,0.1192741082204204
E01006686,0,1.9166666666666667,0.03545424720605901
E01006687,9,9.25,0.0854354859933046
E01006688,5,4.166666666666667,0.0
E01006689,1,3.0,0.04739624285831828
E01006690,30,32.75,0.07583072330327191
E01006691,5,9.583333333333334,0.020688213953946155
E01006692,16,22.75,0.13925177056208243
E01006693,12,11.916666666666666,0.0
E01006694,14,11.666666666666666,0.0
E01006695,8,18.916666666666668,0.17887813497977947
E01006696,11,9.083333333333334,0.0
E01006697,20,24.166666666666668,0.06146484157662177
E01006698,8,6.333333333333333,0.14107770893614852
E01006699,13,9.083333333333334,0.05783106156522484
E01006700,22,24.083333333333332,0.0794698655160778
E01006701,10,11.833333333333334,0.0
E01006702,12,15.75,0.0
E01006703,46,22.5,0.1668529007903986
E01006705,20,13.0,0.05314761235884318
E01006706,2,5.416666666666667,0.01916523013882802
E01006707,9,4.75,0.0
E01006708,10,10.166666666666666,0.0
E01006709,6,6.666666666666667,0.15725026062063047
E01006710,2,4.0,0.0
E01006711,6,8.25,0.05341798984781454
E01006712,2,3.3333333333333335,0.0
E01006713,2,3.0833333333333335,0.06332621132362751
E01006716,10,12.25,0.16311090623846097
E01006717,7,7.0,0.04175151511446744
E01006718,9,6.25,0.0
E01006719,3,4.333333333333333,0.036310515851478264
E01006720,0,0.0,0.07990416393139571
E01006721,8,14.75,0.012070118604321722
E01006722,7,10.833333333333334,0.14343646840602847
E01006723,3,12.75,0.07930663243497074
E01006724,5,3.5,0.12930064509438155
E01006725,8,6.166666666666667,0.05383544458762825
E01006726,5,9.166666666666666,0.0
E01006727,1,3.1666666666666665,0.0
E01006728,4,9.416666666666666,0.0
E01006729,11,6.0,0.1389781829281229
E01006730,16,5.083333333333333,0.09195535699731305
E01006731,6,9.75,0.07945614029423112
E01006732,6,6.583333333333333,0.0
E01006734,6,5.583333333333333,0.0
E01006735,4,5.416666666666667,0.09167789840846759
E01006736,1,4.916666666666667,0.0056291029744292755
E01006737,1,5.666666666666667,0.0
E01006738,9,8.333333333333334,0.05766747346772723
E01006739,14,14.916666666666666,0.0
E01006740,0,7.416666666666667,0.0
E01006741,9,12.583333333333334,0.024815227204738888
E01006742,3,2.3333333333333335,0.0
E01006743,24,24.916666666666668,0.2132121745315045
E01006744,2,3.9166666666666665,0.0
E01006745,17,10.75,0.0
E01006746,16,7.916666666666667,0.0
E01006747,27,33.75,0.17257590402140333
E01006748,3,8.75,0.0014666218006047747
E01006751,13,10.75,0.04888311714916806
E01006752,0,0.0,0.0
E01006753,4,5.333333333333333,0.0
E01006754,2,8.333333333333334,0.0064285449662495435
E01006755,24,25.75,0.1650804922165542
E01006756,6,7.333333333333333,0.13553083802823693
E01006757,3,7.75,0.0
E01006758,3,4.75,0.024437032240649317
E01006759,12,9.083333333333334,0.14869106510355887
E01006760,29,17.25,0.013341247956925442
E01006761,19,13.75,0.13629320145844934
E01006762,11,7.333333333333333,0.0
E01006763,8,6.916666666666667,0.1494434773153997
E01006764,7,5.666666666666667,0.09084999367172918
E01006765,18,12.916666666666666,0.16755568186419478
E01006766,11,10.416666666666666,0.0813362700884328
E01006767,8,8.666666666666666,0.0
E01006768,4,3.3333333333333335,0.14052670376467463
E01006769,3,4.166666666666667,0.0
E01006770,1,1.5,0.0
E01006771,18,21.5,0.11875919584733544
E01006772,0,3.1666666666666665,0.08821362426451085
E01006773,1,2.1666666666666665,0.13471807395946378
E01006774,1,0.5833333333333334,0.0
E01006775,3,4.666666666666667,0.10210070337592823
E01006776,7,10.833333333333334,0.10104896004267716
E01006778,24,25.416666666666668,0.0
E01006779,11,12.25,0.0
E01006780,3,5.25,0.0
E01006781,9,2.0,0.0
E01006782,9,6.916666666666667,0.16370919428147035
E01006783,11,7.333333333333333,0.06279239845994572
E01006784,10,4.916666666666667,0.07868456654875523
E01006785,5,5.666666666666667,0.15840828960684114
E01006786,21,14.583333333333334,0.002852074769044831
E01006787,14,8.166666666666666,0.11277931295362359
E01006788,4,3.8333333333333335,0.0
E01006790,63,50.5,0.2483062344544508
E01006791,29,15.75,0.0
E01006792,3,2.5,0.14111011712472726
E01006793,3,4.75,0.0
E01006794,2,4.166666666666667,0.0
E01006795,5,3.5833333333333335,0.08661044863983636
E01006796,1,2.8333333333333335,0.0
E01006797,4,5.583333333333333,0.047659602642090945
E01006798,2,3.0833333333333335,0.0
E01006799,7,5.0,0.08631950913782138
E01006800,0,3.1666666666666665,0.0
E01006801,4,2.25,0.0
E01006802,6,3.0,0.0
E01006803,3,3.25,0.0011381426676055195
E01006804,3,1.75,0.0
E01006805,1,5.083333333333333,0.0
E01006806,4,3.1666666666666665,0.0
E01006807,1,1.3333333333333333,0.0
E01006808,1,1.75,0.02975515925907175
E01006809,2,2.5833333333333335,0.12233410119701112
E01006810,6,1.5833333333333333,0.0
E01006811,0,4.666666666666667,0.04204369683061525
E01006812,13,7.833333333333333,0.0707417886903099
E01006813,3,5.75,0.0
E01006814,4,2.0833333333333335,0.06599949621381718
E01006815,3,10.083333333333334,0.000663327869258705
E01006816,8,10.25,0.02928866881554845
E01006817,13,8.916666666666666,0.0
E01006818,1,1.75,0.062279019044217024
E01006819,5,6.166666666666667,0.0651866548968444
E01006820,11,9.0,0.0
E01006821,3,9.833333333333334,0.0
E01006822,4,2.9166666666666665,0.15164786024385088
E01006823,3,1.4166666666666667,0.0
E01006824,0,2.0,0.006027032743907249
E01006825,4,1.4166666666666667,0.12683479705100018
E01006826,3,3.6666666666666665,0.07515814996771059
E01006827,6,2.5,0.03142530334271047
E01006828,5,3.1666666666666665,0.09796013880921672
E01006829,8,6.166666666666667,0.12609373115021902
E01006830,1,7.75,0.008159639938054644
E01006831,5,6.916666666666667,0.011357639894610732
E01006832,42,38.75,0.07128137277992361
E01006833,4,5.0,0.15362037001642498
E01006834,23,21.416666666666668,0.11743973793373699
E01006835,7,6.083333333333333,0.0
E01006836,7,7.916666666666667,0.130434723011143
E01006837,4,5.5,0.009137363062855937
E01006838,6,5.75,0.0
E01006839,10,10.166666666666666,0.04258585017112986
E01006840,5,8.333333333333334,0.0
E01006841,0,2.25,0.11944865906368651
E01006842,6,9.25,0.0
E01006843,7,2.75,0.10542407325364263
E01006844,10,11.416666666666666,0.04837941298049407
E01006845,12,18.666666666666668,0.0
E01006846,9,3.5,0.15107956000526618
E01006847,8,8.25,0.02623864444892324
E01006848,2,2.5,0.0
E01006849,13,7.083333333333333,0.010100800612200412
E01006850,10,11.5,0.13865694948028634
E01006851,5,3.25,0.0
E01006852,1,1.3333333333333333,0.0
E01006853,1,6.083333333333333,0.0
E01006854,5,2.8333333333333335,0.0
E01006855,2,4.0,0.0949012485207225
E01006856,3,4.833333333333333,0.0046428199691024435
E01006857,4,3.4166666666666665,0.0
E01006858,5,4.75,0.0
E01006859,7,5.75,0.0
E01006860,6,9.333333333333334,0.1573798974860347
E01006861,10,9.666666666666666,0.0
E01006862,8,8.416666666666666,0.16934491160471676
E01006863,21,24.916666666666668,0.06338496798385951
E01006864,10,5.833333333333333,0.0
E01006865,0,0.0,0.11734202753805281
E01006866,2,4.416666666666667,0.00012747835006476915
E01006867,1,2.4166666666666665,0.06947885825661929
E01006868,6,5.5,0.16008285577472103
E01006869,5,8.0,0.0
E01006870,4,4.916666666666667,0.0
E01006871,11,9.916666666666666,0.09312726966041905
E01006872,36,39.416666666666664,0.041828063474466035
E01006873,14,16.0,0.0
E01006874,12,15.5,0.0
E01006875,14,13.333333333333334,0.0
E01006876,5,4.5,0.09459335614573539
E01006877,23,33.25,0.0
E01006878,4,3.0,0.0
E01006879,10,4.666666666666667,0.04447033736400595
E01006880,11,11.666666666666666,0.010258772196056469
E01006881,6,11.583333333333334,0.0
E01006882,2,2.3333333333333335,0.09140109718145317
E01006883,5,3.5833333333333335,0.0
E01006884,2,1.3333333333333333,0.08219590911614835
E01006885,1,1.5833333333333333,0.12230071533988432
E01006886,3,2.9166666666666665,0.0
E01006887,5,2.5,0.01746700593478288
E01006888,2,1.1666666666666667,0.0
E01006889,7,4.083333333333333,0.0
E01006890,2,2.4166666666666665,0.12280481581637004
E01006891,10,6.583333333333333,0.13609794841533146
E01006892,0,3.25,0.0
E01006893,4,4.333333333333333,0.046314983813844635
E01006894,6,3.1666666666666665,0.1366910030506542
E01006895,1,0.5833333333333334,0.14020521128367558
E01006896,6,3.1666666666666665,0.011306446533509242
E01006897,6,5.25,0.00013639599672918626
E01006898,9,7.25,0.0
E01006899,8,6.416666666666667,0.15512583957109444
E01006900,0,0.0,0.0
E01006901,1,1.75,0.0287118576181279
E01006903,4,9.666666666666666,0.0
E01006904,2,4.083333333333333,0.0
E01006905,4,6.833333333333333,0.0
E01006906,6,5.333333333333333,0.16415364395630894
E01006907,7,6.0,0.0
E01006908,7,5.166666666666667,0.03762469107230915
E01006909,5,11.25,0.0
E01006910,6,7.083333333333333,0.0
E01006911,4,3.75,0.0
E01006912,56,44.333333333333336,0.12380032110046223
E01006913,10,8.0,0.0
E01006914,2,1.25,0.0
E01006915,11,6.666666666666667,0.0
E01006916,2,4.5,0.0
E01006917,4,2.1666666666666665,0.14586456061888087
E01006918,0,4.75,0.14634031611208695
E01006919,12,6.916666666666667,0.0
E01006920,2,5.833333333333333,0.037132796896329756
E01006921,0,2.3333333333333335,0.1292292637383638
E01006922,0,1.1666666666666667,0.0
E01006923,2,1.4166666666666667,0.09706082070436214
E01006924,3,5.416666666666667,0.14925343784846973
E01006925,3,5.416666666666667,0.0
E01006926,3,2.75,0.0
E01006927,12,9.75,0.1647605204526359
E01006928,2,3.3333333333333335,0.02033439509936176
E01006929,2,2.5833333333333335,0.0
E01006930,6,1.8333333333333333,0.0
E01006931,1,2.5,0.0
E01006932,0,2.0833333333333335,0.0635428933119665
E01006933,1,3.1666666666666665,0.07856684784793486
E01006934,21,6.5,0.1663175402917897
E01006935,4,2.9166666666666665,0.0
E01006936,1,2.5,0.018270294565985983
E01006937,1,0.9166666666666666,0.01249196115987742
E01006938,1,1.0,0.0
E01006939,6,8.5,0.0
E01006940,1,1.8333333333333333,0.1482267625591446
E01006941,0,2.6666666666666665,0.1132530376057821
E01006942,1,3.0,0.007665025294803259
E01006943,3,2.1666666666666665,0.036870655609926556
E01006944,12,7.166666666666667,0.0
E01006945,6,11.416666666666666,0.04420892674238232
E01006946,1,3.8333333333333335,0.06892424474478931
E01006947,5,2.9166666666666665,0.012488416522327293
E01006948,4,6.5,0.16477663758963523
E01006949,4,1.4166666666666667,0.037258246477402446
E01006950,4,7.416666666666667,0.0
E01006951,4,2.6666666666666665,0.08890348989055773
E01006952,8,8.083333333333334,0.0
E01006953,9,8.333333333333334,0.0
E01006954,4,4.916666666666667,0.0
E01006955,6,2.3333333333333335,0.0
E01006956,7,11.916666666666666,0.11696760620456481
E01006957,12,11.5,0.02655152407406193
E01006958,1,7.25,0.1079367006955747
E01006959,7,5.333333333333333,0.03746243415357237
E01006960,3,4.166666666666667,0.0
E01006961,17,15.083333333333334,0.13404601593788362
E01006962,10,6.333333333333333,0.0
E01006963,4,7.0,0.0
E01006964,7,14.583333333333334,0.04104241724820395
E01006965,6,6.0,0.0
E01006966,7,5.166666666666667,0.0
E01006967,18,15.75,0.08735612142393392
E01006968,0,0.0,0.003328146441719415
E01006969,16,13.833333333333334,0.021305605178068558
E01006970,9,10.666666666666666,0.1691220808087198
E01006971,5,9.583333333333334,0.04744276720974053
E01006972,2,2.4166666666666665,0.11560692854207733
E01006973,2,1.6666666666666667,0.0
E01006974,1,2.3333333333333335,0.02711258534390882
E01006976,1,4.75,0.12332198962961337
E01006977,16,9.833333333333334,0.051695165605380164
E01006978,1,4.833333333333333,0.0785591638486244
E01006979,6,7.0,0.0
E01006980,11,9.666666666666666,0.0
E01006981,8,9.333333333333334,0.012772674158443485
E01006982,3,2.0,0.0
E01006983,11,4.166666666666667,0.12145849472275656
E01006984,12,6.5,0.0
E01006985,1,1.8333333333333333,0.14501006186452423
E01006986,3,3.0833333333333335,0.1458333615480624
E01006987,3,1.1666666666666667,0.0
E01006988,0,2.0833333333333335,0.0
E01006989,1,1.5833333333333333,0.12297608946561298
E01006990,2,0.6666666666666666,0.14180113667028382
E01006991,2,2.8333333333333335,0.0
E01006992,6,4.333333333333333,0.0
E01006993,1,1.5,0.011910762378728651
E01006994,6,7.0,0.075382701124962
E01006995,5,6.666666666666667,0.0
E01006996,1,4.75,0.08387005399606433
E01006997,14,4.916666666666667,0.0
E01006998,2,3.3333333333333335,0.0
E01006999,20,14.583333333333334,0.005577851575416799
E01007000,1,2.3333333333333335,0.0
E01007001,4,5.583333333333333,0.0
E01007002,9,6.833333333333333,0.015904250415551664
E01007003,9,13.0,0.0
E01007004,6,6.666666666666667,0.0
E01007005,9,7.75,0.0
E01007006,14,11.833333333333334,0.17467813146883596
E01007007,18,15.0,0.014159609131115046
E01007008,8,15.833333333333334,0.026507505091975678
E01007009,50,33.0,0.11277978185719502
E01007010,8,13.083333333333334,0.18061121215275514
E01007011,17,11.666666666666666,0.0
E01007012,5,7.083333333333333,0.07366338117515313
E01007013,10,11.75,0.09677544888810127
E01007014,3,2.6666666666666665,0.03945520664372608
E01007016,19,16.75,0.0
E01007017,12,7.583333333333333,0.07370128356478461
E01007019,15,11.916666666666666,0.0
E01007020,5,6.333333333333333,0.046080263678759045
E01007021,2,1.75,0.07663733797033319
E01007022,6,4.583333333333333,0.0
E01007023,1,1.3333333333333333,0.10611554306573537
E01007024,3,3.6666666666666665,0.0
E01007025,3,2.5833333333333335,0.11017493190311668
E01007026,8,3.5833333333333335,0.0
E01007027,2,3.0,0.0
E01007028,3,4.416666666666667,0.0
E01007029,0,1.1666666666666667,0.13916747347725203
E01007030,4,5.5,0.0
E01007031,0,1.8333333333333333,0.0
E01007032,6,4.166666666666667,0.0
E01007033,3,0.9166666666666666,0.03856535149033206
E01007034,1,1.1666666666666667,0.01661564878536977
E01007035,0,0.8333333333333334,0.0
E01007036,0,1.3333333333333333,0.0
E01007037,20,9.5,0.0
E01007038,8,8.083333333333334,0.0
E01007039,3,3.75,0.0
E01007040,11,11.666666666666666,0.09296266780289966
E01007041,14,17.166666666666668,0.0
E01007042,6,2.5833333333333335,0.0
E01007043,2,1.9166666666666667,0.0
E01007044,3,2.8333333333333335,0.15064845803679225
E01007045,1,2.75,0.14388459746970841
E01007046,2,5.0,0.1036498028365096
E01007047,5,4.833333333333333,0.0
E01007048,4,7.25,0.0
E01007049,11,12.666666666666666,0.0
E01007050,0,2.0833333333333335,0.0
E01007051,13,6.083333333333333,0.018334782457163808
E01007052,3,4.666666666666667,0.09601966583049897
E01007053,2,3.0833333333333335,0.11588880727037096
E01007054,5,6.166666666666667,0.12024307683657963
E01007055,12,6.666666666666667,0.0
E01007056,4,3.0,0.06433541984473695
E01007057,1,2.6666666666666665,0.0
E01007058,5,3.25,0.0
E01007059,5,2.5833333333333335,0.06750065248650754
E01007060,9,8.583333333333334,0.0
E01007061,6,3.5,0.0
E01007062,2,2.5833333333333335,0.0
E01007063,2,3.4166666666666665,0.06731242236309505
E01007064,5,4.166666666666667,0.091214081837186
E01007065,3,1.8333333333333333,0.0
E01007066,4,2.5,0.10029236833889947
E01007067,1,1.4166666666666667,0.0
E01007068,0,2.5,0.0
E01007069,4,2.0,0.0735489693085949
E01007070,0,2.0,0.06331947997179128
E01007071,2,1.0,0.14893224729583737
E01007072,4,4.75,0.0
E01007073,1,2.25,0.05481921166677378
E01007074,2,2.25,0.039028410087632276
E01007075,5,5.0,0.13813806435789577
E01007076,3,5.75,0.0
E01007077,0,3.4166666666666665,0.0848386098835192
E01007078,16,4.666666666666667,0.03318187769079155
E01007079,5,3.0833333333333335,0.0
E01007080,2,3.3333333333333335,0.0014028262514100987
E01007081,15,9.666666666666666,0.0
E01007082,0,1.3333333333333333,0.027422961639441405
E01007083,1,1.8333333333333333,0.1216899768483916
E01007084,3,5.833333333333333,0.036668111336361886
E01007085,13,5.416666666666667,0.05425929750976928
E01007086,12,7.5,0.02603714615074307
E01007087,13,8.25,0.0
E01007088,15,11.5,0.0
E01007089,16,7.833333333333333,0.018920546046680854
E01007090,5,5.5,0.0
E01007091,7,3.3333333333333335,0.0
E01007092,11,5.666666666666667,0.016662850987869897
E01007095,6,4.5,0.0
E01007096,0,2.3333333333333335,0.0
E01007097,3,3.1666666666666665,0.0
E01007098,1,5.416666666666667,0.0
E01007099,7,4.916666666666667,0.14170543913332756
E01007100,3,2.25,0.11643446698067078
E01007101,2,1.3333333333333333,0.06591511652506377
E01007102,2,4.083333333333333,0.0
E01007103,3,2.4166666666666665,0.08934063154616986
E01007104,5,3.25,0.10123274163978212
E01007105,12,7.416666666666667,0.1005153685304501
E01007106,2,3.5833333333333335,0.0
E01007107,1,2.1666666666666665,0.049069415925047044
E01007108,2,1.6666666666666667,0.10483361472844853
E01007109,1,3.6666666666666665,0.033185607573883974
E01007110,4,2.9166666666666665,0.05186052057477736
E01007111,0,1.0,0.0
E01007112,5,3.75,0.0188185919733809
E01007113,2,1.5,0.0
E01007114,3,4.0,0.052575729000694835
E01007115,10,5.666666666666667,0.0
E01007116,8,8.333333333333334,0.003185258320211725
E01007117,3,2.6666666666666665,0.0
E01007118,2,3.0833333333333335,0.02202031067022748
E01007119,4,3.75,0.0
E01007120,8,6.0,0.07382325420505964
E01007121,25,23.916666666666668,0.1535975867306164
E01007122,14,15.166666666666666,0.0
E01007123,6,5.666666666666667,0.0
E01007124,5,6.916666666666667,0.0
E01007125,6,8.916666666666666,0.13740681018896536
E01007126,0,0.0,0.00845677852690685
E01007127,15,12.416666666666666,0.023972810029286383
E01007128,83,57.583333333333336,0.03873842665608618
E01007129,9,10.666666666666666,0.07389832845031376
E01007130,21,16.166666666666668,0.15440078480372768
E01007131,13,9.416666666666666,0.1240851552175394
E01007133,16,12.75,0.07251815912200177
E01007135,8,7.75,0.0
E01007136,9,5.583333333333333,0.0
E01007137,4,5.0,0.0
E01007138,6,5.25,0.0
E01007139,19,11.416666666666666,0.0
E01007140,0,0.0,0.0
E01007141,5,9.416666666666666,0.0
E01007142,5,4.75,0.14582293683168315
E01007143,16,9.75,0.05964944755573693
E01007144,17,12.083333333333334,0.13337941173119855
E01007145,2,1.25,0.06650758221642138
E01007146,4,1.0833333333333333,0.0
E01007147,0,0.6666666666666666,0.07259059231363624
E01007148,2,1.5833333333333333,0.0
E01007149,0,0.75,0.04377363330004494
E01007150,1,1.1666666666666667,0.0
E01007151,0,1.5833333333333333,0.15361104618284524
E01007152,3,3.3333333333333335,0.0
E01007153,6,4.333333333333333,0.0
E01007154,2,2.5,0.13600594067416288
E01007155,10,12.666666666666666,0.0
E01007156,7,6.583333333333333,0.07692459157629339
E01007157,5,3.3333333333333335,0.07667026922802132
E01007158,26,4.5,0.11316124843291794
E01007159,5,3.5,0.15185776279916335
E01007160,4,6.75,0.1610520885616929
E01007161,6,6.5,0.0
E01007162,9,4.416666666666667,0.10857266323548745
E01007163,6,6.0,0.060223213710278584
E01007164,4,3.5,0.053728609919548136
E01007165,2,1.5,0.0
E01007166,2,1.3333333333333333,0.04868509073659915
E01007167,2,2.75,0.15222946458636208
E01007168,3,5.75,0.13919537807435392
E01007169,6,6.166666666666667,0.0
E01007170,5,6.833333333333333,0.0
E01007171,4,3.1666666666666665,0.0
E01007172,0,1.1666666666666667,0.10109241668270681
E01007173,7,4.333333333333333,0.07224378804898507
E01007174,6,4.916666666666667,0.0011848158888922902
E01007175,7,3.5833333333333335,0.0
E01007176,3,6.5,0.0
E01007177,3,4.583333333333333,0.0031819659253446483
E01007178,4,6.416666666666667,0.1460309374822122
E01007179,12,7.75,0.0634190494915224
E01007180,5,6.5,0.0
E01007181,7,7.666666666666667,0.028461888951909552
E01007182,6,5.666666666666667,0.0
E01007183,0,1.5833333333333333,0.1460798378983685
E01007184,1,2.75,0.0
E01007185,2,1.75,0.0
E01007186,2,2.5,0.0
E01007187,2,1.1666666666666667,0.05792884223740029
E01007188,0,1.25,0.05207177950159963
E01007189,13,2.8333333333333335,0.0723081923649099
E01007190,0,1.5,0.0
E01007191,1,0.9166666666666666,0.0
E01007192,1,1.0833333333333333,0.0
E01007193,7,4.916666666666667,0.060034710764539166
E01007194,4,2.5,0.0
E01007195,3,2.75,0.03678939106302547
E01007196,4,2.6666666666666665,0.11816664706129644
E01007197,1,1.5833333333333333,0.12155901169033753
E01007198,21,8.666666666666666,0.008299443329858984
E01007199,2,1.3333333333333333,0.0
E01007200,2,1.25,0.0
E01007201,2,2.4166666666666665,0.057806962838172694
E01007202,9,5.333333333333333,0.11089358932346624
E01007203,4,4.5,0.0
E01007204,14,10.25,0.004287746912327386
E01007205,6,5.166666666666667,0.11571394664083079
E01007206,6,5.5,0.12810552111066187
E01007207,8,8.25,0.0
E01007208,8,5.916666666666667,0.03127461517529201
E01007209,8,6.166666666666667,0.0
E01007210,11,8.5,0.0
E01007211,0,1.5,0.1274187088208533
E01007212,2,3.8333333333333335,0.10658545607797931
E01007213,2,1.5,0.08209302894421822
E01007214,7,6.166666666666667,0.0
E01007215,6,9.916666666666666,0.13010888503466944
E01007216,24,9.833333333333334,0.008176661193025885
E01007217,11,12.75,0.0
E01007218,4,6.333333333333333,0.03118037712140291
E01007219,9,4.083333333333333,0.0
E01007220,4,4.833333333333333,0.09014887521624358
E01007221,8,7.916666666666667,0.04627735908372623
E01007222,3,2.0,0.0
E01007223,3,2.25,0.0
E01007224,6,1.9166666666666667,0.0
E01007225,6,4.083333333333333,0.0
E01007226,2,2.5,0.03314379881694886
E01007227,14,6.666666666666667,0.12024915729106816
E01007228,4,6.416666666666667,0.0
E01007229,0,3.75,0.0
E01007230,7,2.9166666666666665,0.029769391012434393
E01007231,5,3.4166666666666665,0.10514786642325501
E01007232,1,5.583333333333333,0.0
E01007233,9,6.333333333333333,0.0
E01007234,1,6.166666666666667,0.04568780046245986
E01007235,2,3.4166666666666665,0.0
E01007236,0,2.25,0.0
E01007237,9,8.666666666666666,0.09415667064934932
E01007238,9,10.583333333333334,0.0664996915054797
E01007239,21,15.416666666666666,0.06618642775026543
E01007240,4,3.0,0.08067035550407903
E01007241,1,1.0833333333333333,0.05551776567097007
E01007242,4,3.3333333333333335,0.0
E01007243,4,4.916666666666667,0.0
E01007244,6,8.5,0.0
E01007245,4,4.75,0.0
E01007246,2,2.6666666666666665,0.06011660551276808
E01007247,0,2.1666666666666665,0.11347706089946707
E01007248,3,2.9166666666666665,0.14675808316469233
E01007249,4,6.416666666666667,0.05596841287880474
E01007250,0,2.0,0.0
E01007251,20,14.416666666666666,0.0
E01007252,1,3.1666666666666665,0.10247402586792231
E01007253,2,4.833333333333333,0.0367818533185237
E01007254,3,1.5,0.039568064707382
E01007255,4,2.1666666666666665,0.0903356554311304
E01007256,0,2.0,0.06642657952409022
E01007257,4,5.5,0.11530685666880448
E01007258,1,2.0833333333333335,0.0
E01007259,0,1.0,0.07697789662612882
E01007260,3,1.75,0.11001881200043899
E01007261,0,2.8333333333333335,0.0
E01007262,1,0.6666666666666666,0.04394865259942743
E01007263,6,3.25,0.0
E01007264,0,1.0833333333333333,0.14033983434709502
E01007265,1,1.75,0.0
E01007266,1,1.9166666666666667,0.029154455554059783
E01007267,6,1.75,0.0
E01007268,1,1.0,0.06638776715532498
E01007269,16,12.25,0.0
E01007270,14,10.583333333333334,0.0
E01007271,6,4.416666666666667,0.010332109723344113
E01007272,7,7.833333333333333,0.14577051221611947
E01007273,11,8.916666666666666,0.0
E01007274,22,14.5,0.0
E01007275,11,9.333333333333334,0.10309563517653125
E01007276,5,3.9166666666666665,0.010845873308707297
E01007277,5,5.833333333333333,0.13941214972723273
E01007278,17,10.833333333333334,0.0
E01007279,7,1.9166666666666667,0.04899497031108509
E01007280,3,2.3333333333333335,0.0
E01007281,2,1.5833333333333333,0.0
E01007282,1,0.8333333333333334,0.05729691254899564
E01007283,1,1.0,0.030827091574797332
E01007284,4,1.9166666666666667,0.08166483991287264
E01007285,1,2.25,0.0
E01007286,1,1.0833333333333333,0.0
E01007287,4,4.333333333333333,0.0
E01007288,9,5.25,0.1595157936013854
E01007289,10,12.5,0.0
E01007290,11,8.75,0.0
E01007291,16,19.583333333333332,0.009664530691222264
E01007292,19,14.583333333333334,0.059069764418849695
E01007293,8,11.333333333333334,0.0
E01007294,3,6.5,0.14227806852793506
E01007295,7,11.666666666666666,0.0
E01007296,6,6.75,0.1371162322827556
E01007297,1,2.4166666666666665,0.0
E01007298,0,1.25,0.050370942722617405
E01007299,1,1.5,0.12617821393473913
E01007300,6,7.916666666666667,0.0
E01007301,1,2.6666666666666665,0.14775596963558282
E01007302,13,10.0,0.013082064146427139
E01007303,5,9.833333333333334,0.16047797095371807
E01007304,6,11.666666666666666,0.0847992451144167
E01007305,1,2.75,0.0
E01007306,4,1.75,0.0
E01007307,3,3.0833333333333335,0.0
E01007308,3,1.9166666666666667,0.0
E01007309,2,2.0,0.0
E01007310,1,1.9166666666666667,0.0
E01007311,1,1.1666666666666667,0.0
E01007312,6,4.833333333333333,0.10182842328779985
E01007313,14,6.166666666666667,0.0
E01007314,3,3.3333333333333335,0.0
E01007315,1,2.9166666666666665,0.050966992861549876
E01007316,3,2.4166666666666665,0.0
E01007317,9,9.916666666666666,0.0
E01007318,7,10.5,0.0
E01007319,13,10.0,0.15433647478480644
E01007320,18,10.666666666666666,0.12547290225608246
E01007321,0,2.1666666666666665,0.0
E01007322,13,14.833333333333334,0.0871181966305154
E01007323,3,8.666666666666666,0.03477081731928191
E01007324,62,26.666666666666668,0.12571609510283221
E01007325,8,9.916666666666666,0.08179159296042
E01007326,8,9.5,0.06447640773868285
E01007327,6,10.75,0.0
E01007328,14,9.75,0.0
E01007329,5,5.583333333333333,0.0018662242091895976
E01007330,10,6.166666666666667,0.1340760166206382
E01007331,6,11.416666666666666,0.05192198318043102
E01007332,11,16.416666666666668,0.14439864614631742
E01007333,9,6.25,0.164497962901977
E01007334,11,7.583333333333333,0.0
E01007335,3,4.333333333333333,0.06932734935202994
E01007336,22,21.0,0.10944388975573204
E01007337,8,12.75,0.1786883806352449
E01007338,8,12.0,0.17834068741196848
E01007339,8,8.666666666666666,0.07959169873610933
E01007340,97,84.33333333333333,0.15261494337828269
E01007341,5,6.833333333333333,0.10816507305405837
E01007342,4,3.9166666666666665,0.0
E01007343,8,4.833333333333333,0.09736470166201254
E01007344,4,7.416666666666667,0.1432448204595577
E01007345,14,12.833333333333334,0.0
E01007346,6,4.75,0.05211869010526661
E01007347,4,5.75,0.0
E01007348,6,5.833333333333333,0.0
E01007349,8,8.833333333333334,0.0
E01007350,4,4.166666666666667,0.08997932614416972
E01007351,12,9.083333333333334,0.1555751284697293
E01007352,1,8.5,0.1553597553888459
E01007353,7,4.666666666666667,0.0
E01007354,5,6.0,0.128753328510034
E01007355,0,2.5,0.07803369643358006
E01007356,0,2.5,0.0
E01007357,1,4.5,0.0
E01007358,0,3.25,0.0
E01007359,4,5.083333333333333,0.13749780784552595
E01007360,7,5.75,0.05560340968125154
E01007361,10,6.0,0.08264663188242574
E01007362,6,4.833333333333333,0.0
E01007363,7,4.833333333333333,0.07897135708297
E01007364,6,7.583333333333333,0.0
E01007365,5,4.75,0.0
E01007366,5,7.0,0.05707794377794091
E01007367,7,3.75,0.0
E01007368,8,8.416666666666666,0.11980876115240656
E01007369,16,18.333333333333332,0.0
E01007370,14,9.833333333333334,0.07244777226694464
E01007371,4,9.5,0.0
E01007372,8,7.833333333333333,0.05013310586035018
E01007373,10,12.0,0.0
E01007374,5,3.8333333333333335,0.0
E01007375,10,7.916666666666667,0.1444161642313278
E01007376,13,15.666666666666666,0.0
E01007377,7,8.166666666666666,0.11813036325191953
E01007378,15,7.833333333333333,0.1711251173587161
E01007379,7,3.25,0.0
E01007380,1,3.25,0.0
E01007381,34,8.416666666666666,0.07176562510872585
E01007382,8,7.083333333333333,0.15891333839560937
E01007383,2,1.9166666666666667,0.12996090686139644
E01007384,2,3.4166666666666665,0.0101618168271148
E01007385,2,7.916666666666667,0.11007992077525486
E01007386,4,4.166666666666667,0.0
E01007387,5,5.583333333333333,0.15842764487336067
E01007388,6,6.25,0.1563166302244045
E01007389,5,4.25,0.0
E01007390,6,7.0,0.0
E01007391,12,11.583333333333334,0.0
E01007392,8,9.0,0.0
E01007393,2,6.25,0.11179739683817051
E01007394,2,3.0833333333333335,0.0
E01007395,15,12.25,0.0
E01007396,1,5.083333333333333,0.0
E01007397,7,5.083333333333333,0.15825033708345232
E01007398,1,3.3333333333333335,0.04797743058501876
E01007399,5,7.75,0.0
E01007400,8,7.333333333333333,0.0
E01007402,7,12.5,0.17987435921232547
E01007403,11,10.166666666666666,0.12392537640107518
E01007404,1,3.5833333333333335,0.0
E01007405,4,4.583333333333333,0.0
E01007406,12,17.75,0.0
E01007408,4,4.333333333333333,0.0
E01007409,1,5.0,0.037839103095213315
E01007410,9,22.583333333333332,0.19009421121081987
E01007411,14,12.083333333333334,0.03191030442810518
E01007413,8,10.333333333333334,0.13100793595935858
E01007414,15,12.083333333333334,0.01665326198425217
E01007415,18,13.0,0.09795723655865332
E01007416,12,10.333333333333334,0.09768611240844968
E01007417,9,9.5,0.0
E01007418,2,2.5,0.0
E01007419,2,3.1666666666666665,0.04980938136830216
E01007420,4,2.3333333333333335,0.0
E01007421,3,5.666666666666667,0.0
E01007422,0,2.75,0.017924530290345485
E01007423,3,1.8333333333333333,0.15385714151738342
E01007424,7,8.75,0.016174992805784157
E01007425,7,5.583333333333333,0.11001321674645402
E01007426,8,4.25,0.0
E01007427,3,3.9166666666666665,0.09957723039444068
E01007428,21,8.75,0.05243936450508446
E01007429,3,5.75,0.13162843966323937
E01007430,2,4.083333333333333,0.0
E01007431,1,1.4166666666666667,0.035147075549528256
E01007432,6,2.6666666666666665,0.04626348579145452
E01007433,4,5.916666666666667,0.0
E01007434,19,12.916666666666666,0.0
E01007435,6,7.25,0.0
E01007436,4,6.083333333333333,0.0
E01007437,13,11.666666666666666,0.143813511298967
E01007438,3,3.75,0.0
E01007439,4,4.0,0.0
E01007440,12,7.083333333333333,0.09008936814324266
E01007441,5,4.666666666666667,0.0
E01007442,7,3.9166666666666665,0.012473421332078996
E01007443,18,14.5,0.0
E01007444,7,7.166666666666667,0.15742927325419523
E01007445,10,7.916666666666667,0.12702125602240866
E01007446,11,10.333333333333334,0.13726117811200042
E01007447,4,5.75,0.0
E01007448,17,10.166666666666666,0.10637903773428839
E01007449,7,9.75,0.0
E01007450,10,9.916666666666666,0.0
E01007451,11,13.416666666666666,0.0
E01007452,12,4.75,0.03890862283171061
E01007453,3,5.833333333333333,0.002495087587083524
E01007455,2,3.0833333333333335,0.013796530279269475
E01007456,3,3.5833333333333335,0.0
E01007457,7,6.333333333333333,0.0
E01007458,10,6.666666666666667,0.083565152374774
E01007459,6,5.916666666666667,0.0
E01007460,2,4.916666666666667,0.08304748110437206
E01007461,13,10.0,0.0
E01007462,8,7.333333333333333,0.11390177576048496
E01007463,14,15.916666666666666,0.06984985297069206
E01007464,11,7.333333333333333,0.0
E01007465,4,7.583333333333333,0.0
E01007466,22,18.916666666666668,0.08989473701204959
E01007467,17,19.583333333333332,0.15228194600637307
E01007468,7,5.75,0.0
E01007469,6,5.583333333333333,0.0
E01007470,3,4.75,0.12303158368352261
E01007471,8,4.333333333333333,0.06257454513468572
E01007472,9,7.166666666666667,0.003931203000527399
E01007473,10,9.0,0.020865409003386827
E01007474,12,14.833333333333334,0.0
E01007475,2,3.25,0.04688633222652962
E01007476,11,5.583333333333333,0.0
E01007477,3,3.6666666666666665,0.15867314021028844
E01007478,9,9.5,0.019911257799251316
E01007479,13,8.166666666666666,0.017992944274665773
E01007480,6,6.0,0.03608576983626574
E01007482,26,14.333333333333334,0.16403791456683287
E01007483,4,2.3333333333333335,0.0965960763630056
E01007484,2,3.3333333333333335,0.0
E01007485,2,3.3333333333333335,0.07468213179909668
E01007486,1,3.9166666666666665,0.03653066324275651
E01007487,6,10.833333333333334,0.027195258633962792
E01007488,6,6.583333333333333,0.0
E01007489,15,11.5,0.020480493461506974
E01007490,7,7.083333333333333,0.0
E01007491,11,7.416666666666667,0.14463862817164516
E01007492,14,13.666666666666666,0.0
E01007493,0,3.1666666666666665,0.14429793876690664
E01007494,16,12.0,0.04257705425454173
E01007495,12,12.25,0.07280420722952081
E01007496,9,20.666666666666668,0.06913071579179719
E01007497,2,7.916666666666667,0.0
E01007498,8,18.083333333333332,0.011963875341756289
E01007499,8,10.833333333333334,0.0
E01007500,15,11.75,0.06886625408059854
E01007501,6,6.25,0.0010729185737402142
E01007502,0,0.0,0.08339549147128103
E01007503,2,3.0833333333333335,0.0
E01007504,5,8.0,0.0
E01007505,7,4.5,0.0
E01007506,14,7.833333333333333,0.14929564218257035
E01007507,7,8.333333333333334,0.08580742452186822
E01007508,13,15.166666666666666,0.016956289070898953
E01007509,18,13.75,0.042605102956231926
E01007510,14,9.583333333333334,0.0
E01007511,16,15.166666666666666,0.1866519705458573
E01007512,4,7.5,0.0703349834248059
E01007513,5,4.25,0.0
E01007514,18,11.166666666666666,0.0561348974888872
E01007515,7,6.833333333333333,0.0
E01007516,9,4.25,0.15131824945152886
E01007517,12,14.25,0.0
E01007518,10,6.5,0.06210018183071711
E01007519,5,5.75,0.0
E01007520,1,1.9166666666666667,0.070485017198734
E01007521,3,2.1666666666666665,0.08894343897680193
E01007522,11,11.416666666666666,0.08309872429828803
E01007523,6,5.416666666666667,0.049092410088351815
E01007524,3,3.0833333333333335,0.12613265379231706
E01007525,12,7.083333333333333,0.0
E01007526,13,8.75,0.0
E01007527,0,0.0,0.0
E01007528,2,5.916666666666667,0.16250761343250922
E01007529,47,41.833333333333336,0.08067495159114846
E01007530,29,17.0,0.11605280500913481
E01007531,15,19.583333333333332,0.10871761720694141
E01007532,18,22.0,0.0
E01007533,9,13.25,0.0
E01007534,35,37.416666666666664,0.03622252034737994
E01007535,9,9.166666666666666,0.0
E01007536,7,14.75,0.0
E01007537,7,9.0,0.0
E01007538,6,5.166666666666667,0.12788006265340834
E01007539,10,8.916666666666666,0.16395149103368004
E01007540,5,5.166666666666667,0.0
E01007541,12,9.666666666666666,0.0
E01007542,22,14.25,0.0
E01007543,16,10.833333333333334,0.08356035052270033
E01007544,6,11.916666666666666,0.13006562715053555
E01007545,20,12.916666666666666,0.0
E01007546,4,7.0,0.0
E01007547,13,14.166666666666666,0.12558247102227732
E01007548,9,7.416666666666667,0.05507320772239219
E01007549,6,8.25,0.0
E01007550,19,8.0,0.05853774195610342
E01007551,4,5.333333333333333,0.0
E01007552,4,3.4166666666666665,0.0
E01007553,7,8.333333333333334,0.10360030550720876
E01007554,8,5.583333333333333,0.10847674741394013
E01007555,14,13.75,0.007530440081887961
E01007556,10,6.083333333333333,0.15070292321515202
E01007557,17,20.833333333333332,0.02864101543098343
E01007558,4,5.666666666666667,0.09697380898137135
E01007559,10,4.583333333333333,0.007637663379257314
E01007560,16,11.333333333333334,0.15010569478130198
E01007561,5,2.8333333333333335,0.1300398723012228
E01007562,4,4.333333333333333,0.0
E01007563,14,10.416666666666666,0.15929909941574857
E01007564,4,5.083333333333333,0.11149578926719297
E01007565,20,6.416666666666667,0.1048574919077715
E01007566,16,12.333333333333334,0.0
E01007567,46,27.083333333333332,0.16524862268536977
E01007568,27,7.916666666666667,0.12658665642274852
E01007569,12,6.583333333333333,0.0
E01007570,7,3.5,0.14520399311631788
E01007571,6,9.583333333333334,0.0
E01007572,3,8.833333333333334,0.0
E01007573,12,10.166666666666666,0.03894501503759084
E01007574,30,15.833333333333334,0.06583141337116784
E01007575,10,8.0,0.06531866980768994
E01007576,5,7.833333333333333,0.0
E01007577,20,16.583333333333332,0.18324498362274702
E01007578,16,16.25,0.0
E01007579,14,14.166666666666666,0.0
E01007580,8,5.833333333333333,0.0
E01007581,4,2.9166666666666665,0.027995837994579054
E01007582,10,13.166666666666666,0.16551585560496032
E01007583,6,3.8333333333333335,0.06021735463248582
E01007584,23,11.916666666666666,0.12923089897007511
E01007585,9,8.583333333333334,0.0
E01007586,4,3.4166666666666665,0.021903750351357155
E01007587,7,9.916666666666666,0.014859140473248749
E01007588,11,9.083333333333334,0.024412542486015636
E01007589,13,6.416666666666667,0.0
E01007590,7,5.0,0.06893913633167906
E01007591,3,3.5,0.010492094065211115
E01007592,14,11.166666666666666,0.10993703418269307
E01007593,5,7.416666666666667,0.015773173434663394
E01007594,5,4.333333333333333,0.0
E01007595,8,6.416666666666667,0.06194136383731804
E01007596,0,2.8333333333333335,0.0
E01007597,8,8.916666666666666,0.1359869106258593
E01007598,1,3.0833333333333335,0.04232679732748599
E01007599,12,3.5,0.0
E01007600,4,2.25,0.14482525484926112
E01007601,0,2.5,0.01231390300603961
E01007602,9,3.8333333333333335,0.0
E01007603,3,4.25,0.04961712013377397
E01007604,8,2.3333333333333335,0.0
E01007605,2,3.25,0.09995357877026716
E01007606,4,4.666666666666667,0.10804791488001823
E01007607,5,4.333333333333333,0.1554782643658338
E01007608,0,0.0,0.0005608593073511137
E01007609,10,6.666666666666667,0.004631767932836903
E01007610,6,4.166666666666667,0.08738312164301652
E01007611,8,7.25,0.0
E01007612,4,4.083333333333333,0.025188285346828168
E01007613,7,5.916666666666667,0.02997770485213802
E01007614,3,3.3333333333333335,0.0
E01007615,0,2.0,0.0
E01007616,1,3.3333333333333335,0.11505779157741845
E01007617,2,2.5,0.1136503506038415
E01007618,3,2.3333333333333335,0.0
E01007619,3,3.5,0.0
E01007620,6,4.666666666666667,0.0
E01007621,1,3.5,0.12195578837381882
E01007622,0,2.25,0.0
E01007623,11,8.583333333333334,0.08936034720692293
E01007624,16,5.416666666666667,0.0
E01007625,6,3.0833333333333335,0.045333281731061166
E01007626,17,16.916666666666668,0.0028623761725771885
E01007627,6,10.833333333333334,0.11615933291334823
E01007628,13,15.916666666666666,0.0
E01007629,18,12.25,0.07510144244366067
E01007630,6,2.8333333333333335,0.0
E01007631,0,0.8333333333333334,0.0663661729354606
E01007632,7,9.75,0.1386400399894539
E01007633,3,5.583333333333333,0.0
E01007634,15,7.0,0.12903064579389256
E01007635,1,8.25,0.05052664754225264
E01007636,10,5.416666666666667,0.0
E01007637,11,8.5,0.00139705422642121
E01007638,15,8.666666666666666,0.0
E01007639,13,16.75,0.10569293549644171
E01007640,16,7.416666666666667,0.09784642354153367
E01007641,2,3.0833333333333335,0.0
E01007642,3,7.0,0.020893895023634854
E01007643,10,8.583333333333334,0.11774882322646421
E01007644,18,13.166666666666666,0.16668470289396756
E01007645,0,0.0,0.004055360022531013
E01007646,10,8.75,0.15889869110247404
E01007647,9,9.5,0.03656289435749391
E01007648,0,0.0,0.0
E01007649,4,6.5,0.12215202498002153
E01007650,18,14.0,0.03599869156790983
E01007651,27,10.5,0.020148661992219243
E01007652,33,25.833333333333332,0.06740447487919707
E01007653,4,3.3333333333333335,0.1131078525681815
E01007654,27,37.25,0.20096599618752248
E01007655,64,59.333333333333336,0.13254386346125366
E01007656,22,11.583333333333334,0.0
E01007657,0,1.8333333333333333,0.0025682008157306277
E01007658,8,7.083333333333333,0.0411105009365557
E01007659,3,1.9166666666666667,0.0
E01007660,4,1.75,0.09294951021848756
E01007661,4,3.25,0.0047903729268033
E01007662,12,5.25,0.0
E01007663,5,2.5,0.0
E01007664,4,2.9166666666666665,0.0
E01007665,0,0.0,0.1347843515267951
E01007666,1,2.8333333333333335,0.0
E01007667,7,9.5,0.0
E01007668,17,9.666666666666666,0.014511658317545806
E01007669,1,2.1666666666666665,0.0
E01007670,2,2.4166666666666665,0.0
E01007671,7,8.416666666666666,0.0
E01007672,0,3.8333333333333335,0.023665791990187125
E01007673,5,4.416666666666667,0.02753457801560677
E01007674,8,3.5,0.0
E01007675,10,15.083333333333334,0.025243219708622103
E01007676,13,8.25,0.16210944668839317
E01007677,14,13.083333333333334,0.0
E01007678,21,12.5,0.0
E01007679,5,6.25,0.0
E01007680,12,8.0,0.009103028628659162
E01007681,1,1.5,0.08193860301834927
E01007682,1,2.3333333333333335,0.0
E01007683,2,3.0,0.0709539549487625
E01007684,10,8.666666666666666,0.0
E01007685,5,6.916666666666667,0.0
E01007686,39,7.5,0.10317231157716628
E01007687,7,5.75,0.0
E01007688,0,2.4166666666666665,0.02569858563888181
E01007689,2,2.5,0.0
E01007690,6,3.9166666666666665,0.08325863094637971
E01007691,2,4.75,0.0
E01007692,4,2.8333333333333335,0.11347429266881928
E01007693,0,0.0,0.0
E01007694,18,17.25,0.15926883115005874
E01007695,9,10.583333333333334,0.0
E01007696,4,3.6666666666666665,0.07678465955032965
E01007697,10,9.75,0.0
E01007698,3,4.333333333333333,0.1335675589798295
E01007699,20,15.75,0.0
E01007700,7,4.25,0.0
E01007701,17,6.25,0.01491969756124921
E01007702,17,6.333333333333333,0.0
E01007703,1,1.5,0.0
E01007704,10,5.25,0.14741886907503549
E01007705,4,2.9166666666666665,0.1508852063507168
E01007706,8,2.4166666666666665,0.0
E01007707,0,1.6666666666666667,0.13152198230780962
E01007708,4,8.0,0.035221047519448434
E01007709,3,4.0,0.0
E01007710,6,1.4166666666666667,0.0645753659272642
E01007711,5,3.0833333333333335,0.056062467579170695
E01007712,2,2.3333333333333335,0.1530882421377005
E01007713,1,2.0833333333333335,0.0
E01007714,92,134.58333333333334,0.41791406309155765
E01007715,14,14.666666666666666,0.0
E01007716,20,20.25,0.0
E01007717,18,11.25,0.0
E01007718,12,9.583333333333334,0.17592121633876834
E01007719,21,13.583333333333334,0.1276519435738192
E01007720,8,7.333333333333333,0.10597607883602958
E01007721,25,17.0,0.04918681782346909
E01007723,16,10.166666666666666,0.0
E01007724,8,6.25,0.0
E01007725,19,4.416666666666667,0.0
E01007726,22,9.666666666666666,0.0
E01007727,3,5.333333333333333,0.09140879230570081
E01007728,5,5.0,0.02550706468183255
E01007729,16,13.666666666666666,0.0
E01007730,15,12.5,0.0
E01007731,6,6.0,0.0
E01007732,10,7.75,0.0
E01007733,6,6.0,0.14628810872776968
E01007734,8,8.5,0.06435524198127408
E01007735,7,12.5,0.1245690899898716
E01007736,9,11.583333333333334,0.021438801576585696
E01007737,11,13.25,0.0
E01007738,13,9.916666666666666,0.0
E01007739,8,6.75,0.1311514194705587
E01007740,8,9.916666666666666,0.11193825592996305
E01007741,10,3.0,0.0
E01007742,9,4.75,0.016606270773220647
E01007743,3,2.0833333333333335,0.00188266238090964
E01007744,10,10.583333333333334,0.06633218342900236
E01007745,11,9.75,0.16039269781860765
E01007746,3,4.083333333333333,0.03504506373763479
E01007747,5,6.25,0.029075840047194115
E01007748,2,2.5,0.0
E01007749,1,2.8333333333333335,0.0
E01007750,1,4.333333333333333,0.0
E01007751,18,10.75,0.0
E01007752,2,4.0,0.08389269107971319
E01007753,2,2.75,0.0744837816041767
E01007754,2,2.0833333333333335,0.0
E01007755,1,2.3333333333333335,0.10717431664366478
E01007756,2,2.9166666666666665,0.0
E01007757,3,4.083333333333333,0.0
E01007758,9,4.166666666666667,0.0
E01007759,2,3.9166666666666665,0.0
E01007760,17,13.833333333333334,0.0
E01007761,6,5.416666666666667,0.011427849943329665
E01007762,3,6.166666666666667,0.0
E01007763,12,13.5,0.18271387286319238
E01007764,16,14.166666666666666,0.0
E01007765,9,5.75,0.0
E01007766,9,4.5,0.0
E01007767,16,14.333333333333334,0.07676347212592162
E01007768,31,28.75,0.0
E01007769,19,14.0,0.13903579964332008
E01007770,4,6.25,0.020592249218186878
E01007771,0,3.5833333333333335,0.017855065782262338
E01007772,13,7.0,0.03753029152889982
E01007773,3,6.5,0.0
E01007774,12,7.583333333333333,0.0
E01007775,2,6.0,0.0
E01007776,3,8.583333333333334,0.05141023116524448
E01007777,4,4.75,0.0
E01007778,1,3.1666666666666665,0.0
E01007779,6,11.25,0.17165425395002498
E01007780,3,5.5,0.0
E01007781,12,8.0,0.1125828664182254
E01007782,48,12.5,0.12043186489972368
E01007783,19,18.083333333333332,0.0
E01007784,75,42.0,0.0049996200936433255
E01007785,4,5.0,0.0
E01007786,5,2.6666666666666665,0.06648736677696405
E01007787,0,0.0,0.0428419773258521
E01007788,7,7.083333333333333,0.10410245029083902
E01007789,8,8.416666666666666,0.15415204053805753
E01007790,20,21.25,0.11541445302624659
E01007791,20,10.416666666666666,0.0
E01007792,1,1.1666666666666667,0.0
E01007793,9,7.5,0.12307091127826461
E01007794,6,5.916666666666667,0.0
E01007795,3,2.75,0.0
E01007796,5,6.5,0.078675102626828
E01007797,4,4.75,0.0
E01007798,0,2.0833333333333335,0.13168223576830723
E01007799,7,5.833333333333333,0.06095313734079977
E01007800,17,18.833333333333332,0.0
E01007801,4,6.333333333333333,0.15159443898988822
E01007802,0,1.5833333333333333,0.0
E01007803,1,4.166666666666667,0.0
E01007804,7,12.25,0.004019017731735325
E01007805,15,11.583333333333334,0.0
E01007806,4,4.166666666666667,0.010295066678253797
E01007807,5,6.25,0.0
E01007808,0,1.0,0.0
E01007809,14,16.5,0.00012107883355180066
E01007810,4,9.5,0.10770822824863596
E01007811,5,5.083333333333333,0.1047864903008876
E01007812,4,4.25,0.0
E01007813,0,0.0,0.0
E01007814,0,0.0,0.0
E01007815,15,10.333333333333334,0.0
E01007816,12,10.833333333333334,0.11902119553894527
E01007817,4,5.25,0.07645745291205813
E01007818,3,4.666666666666667,0.0
E01007819,3,6.166666666666667,0.0
E01007820,6,11.25,0.0
E01007821,10,6.583333333333333,0.056379874342247505
E01007822,19,13.583333333333334,0.0
E01007823,7,5.166666666666667,0.15984239619872503
E01007824,0,2.0833333333333335,0.08987484241089488
E01007825,1,0.6666666666666666,0.0
E01007826,3,1.75,0.028332164487616728
E01007827,3,6.333333333333333,0.1406400136787126
E01007828,2,3.0833333333333335,0.024621709725461384
E01007829,8,8.5,0.0
E01007830,15,12.166666666666666,0.0
E01007831,1,4.0,0.11383028191763307
E01007832,1,2.4166666666666665,0.04984136000214732
E01007833,2,4.75,0.05814541691048257
E01007834,1,6.583333333333333,0.12796434092088105
E01007835,4,4.666666666666667,0.13089321004891244
E01007836,5,3.6666666666666665,0.13591735874181454
E01007838,15,18.5,0.0
E01007839,3,5.0,0.02684632859981708
E01007841,2,3.5833333333333335,0.08190563477329779
E01007842,7,5.25,0.09136700794953528
E01007843,7,8.666666666666666,0.05560297580987166
E01007846,4,2.5833333333333335,0.0
E01007847,5,6.75,0.1075976789971965
E01007848,6,7.583333333333333,0.08667300087099539
E01007849,6,6.916666666666667,0.0
E01007850,9,7.083333333333333,0.00842169541773587
E01007851,4,4.166666666666667,0.0
E01007852,6,12.25,0.0
E01007853,4,4.166666666666667,0.0
E01007854,10,6.916666666666667,0.0
E01007855,9,5.916666666666667,0.03106650115974588
E01007856,6,5.5,0.05084415866010154
E01007857,11,8.666666666666666,0.07263521875748352
E01007858,4,3.9166666666666665,0.11154740753926602
E01007859,0,0.0,0.0
E01007860,0,0.0,0.0
E01007861,1,1.75,0.1102241363731881
E01007862,2,7.333333333333333,0.0
E01007863,1,4.166666666666667,0.15376846440993094
E01007864,5,19.583333333333332,0.15606153686223118
E01007865,6,2.75,0.007747672172867501
E01007866,37,34.583333333333336,0.2385520795519081
E01007867,6,9.333333333333334,0.0
E01007868,4,2.25,0.0
E01007869,6,7.333333333333333,0.061426498928150775
E01007870,20,11.166666666666666,0.0
E01007871,13,10.666666666666666,0.15754329201746273
E01007872,10,6.916666666666667,0.0
E01007873,24,16.5,0.059731692054215864
E01007874,6,6.916666666666667,0.04608501063359445
E01007875,10,10.083333333333334,0.07326230195512234
E01007877,0,0.0,0.0
E01007878,11,8.416666666666666,0.0
E01007879,14,12.166666666666666,0.13621824372598457
E01007881,25,9.666666666666666,0.0
E01007882,15,6.583333333333333,0.11597824936634293
E01007883,11,13.083333333333334,0.054405608499309914
E01007885,16,15.75,0.1215231165925181
E01007886,3,5.75,0.0797320170915613
E01007887,7,10.75,0.0
E01007888,1,3.5,0.030169790537782647
E01007889,3,5.833333333333333,0.126193561854229
E01007890,0,2.1666666666666665,0.0
E01007891,7,4.333333333333333,0.15177128867643028
E01007892,5,5.083333333333333,0.0
E01007893,1,1.4166666666666667,0.0
E01007894,9,13.666666666666666,0.004027047253059288
E01007895,2,4.75,0.14843882352750362
E01007896,1,0.6666666666666666,0.0
E01007897,2,1.75,0.11519243276392925
E01007898,8,5.416666666666667,0.12911777651636097
E01007899,0,2.0,0.0
E01007900,4,4.25,0.0
E01007901,11,10.75,0.09662570797105215
E01007902,8,15.416666666666666,0.0
E01007903,7,6.666666666666667,0.10302178829178749
E01007904,22,28.666666666666668,0.06081868174054772
E01007905,6,8.583333333333334,0.018941329121475524
E01007906,16,11.25,0.11399201004905637
E01007907,5,6.25,0.0
E01007908,5,3.1666666666666665,0.0
E01007909,9,13.333333333333334,0.0
E01007910,12,13.916666666666666,0.0
E01007911,3,5.25,0.022072927481868985
E01007912,9,6.083333333333333,0.10919687576359083
E01007913,83,93.25,0.212329540979809
E01007914,6,3.5833333333333335,0.017029194569123243
E01007915,3,1.75,0.05598118243659063
E01007916,12,13.416666666666666,0.0
E01007917,3,9.833333333333334,0.0
E01007918,5,8.25,0.15247800932499966
E01007919,30,19.0,0.1187727784406965
E01007920,3,2.0,0.028599414071347383
E01007921,5,4.0,0.05520283873489305
E01007922,2,1.1666666666666667,0.0
E01007923,1,3.3333333333333335,0.04450324167576693
E01007924,2,3.75,0.0130590579754257
E01007925,5,2.75,0.021209594339818442
E01007926,1,3.0,0.0
E01007927,6,2.5833333333333335,0.0
E01007928,0,3.4166666666666665,0.0
E01007929,2,3.75,0.14542980997196664
E01007930,0,1.9166666666666667,0.0
E01007931,1,1.25,0.0
E01007932,1,2.1666666666666665,0.0
E01007933,3,2.75,0.0
E01007934,1,1.9166666666666667,0.07037103651820058
E01007935,6,2.5833333333333335,0.018459472041958233
E01007936,9,3.5833333333333335,0.01236457367268223
E01007937,3,2.3333333333333335,0.0
E01007938,0,1.8333333333333333,0.07841501309296851
E01007939,4,2.6666666666666665,0.0
E01007940,6,6.0,0.0
E01007941,12,15.166666666666666,0.029492853037505998
E01007942,25,22.75,0.0
E01007943,10,13.666666666666666,0.0
E01007944,0,0.0,0.04357129336599949
E01007945,6,9.166666666666666,0.07024049158552252
E01007946,15,8.416666666666666,0.1202628097583049
E01007947,16,12.833333333333334,0.010241125319835606
E01007948,8,7.5,0.0
E01007949,5,6.916666666666667,0.0
E01007950,5,5.25,0.15829059337047624
E01007951,11,7.166666666666667,0.04838312938541508
E01007952,2,1.3333333333333333,0.06655006624320925
E01007953,5,4.0,0.0
E01007954,3,1.5833333333333333,0.009771086858203746
E01007955,0,0.75,0.0
E01007956,2,1.6666666666666667,0.025305239631063327
E01007957,1,2.9166666666666665,0.13416956289717327
E01007958,1,1.1666666666666667,0.14370106235266264
E01007959,0,1.3333333333333333,0.01579474341958039
E01007960,1,1.5833333333333333,0.0
E01007961,1,2.6666666666666665,0.14076300988035453
E01007962,4,4.166666666666667,0.06342338960808087
E01007963,22,10.916666666666666,0.0
E01007964,12,7.833333333333333,0.011037700517305283
E01007965,6,5.083333333333333,0.0
E01007966,6,6.666666666666667,0.009086000449120227
E01007967,7,11.833333333333334,0.018846521227673996
E01007968,8,6.916666666666667,0.04346857125948271
E01007969,5,7.333333333333333,0.0
E01007970,31,25.166666666666668,0.0
E01007971,8,6.0,0.017446063990051056
E01007972,2,2.25,0.10518470290862769
E01007973,2,4.0,0.06009049082899014
E01007974,4,1.75,0.0
E01007975,6,8.75,0.1544718308467091
E01007976,4,9.416666666666666,0.14929166579525815
E01007977,13,12.75,0.0
E01007978,8,4.333333333333333,0.0
E01007979,7,13.083333333333334,0.10800159413371585
E01007980,1,1.5833333333333333,0.10259244560819347
E01007981,8,6.5,0.15805045619955943
E01007982,12,13.333333333333334,0.15324032625552472
E01007983,1,2.6666666666666665,0.03741831206773076
E01007984,3,2.5,0.015819965769157656
E01007985,5,2.8333333333333335,0.0
E01007986,3,2.75,0.0
E01007987,2,1.3333333333333333,0.0
E01007988,1,1.4166666666666667,0.04240691962815496
E01007989,3,2.8333333333333335,0.024887049201692404
E01007990,4,2.6666666666666665,0.08004867851031346
E01007991,6,6.166666666666667,0.0
E01007992,7,5.333333333333333,0.034001545507354576
E01007993,3,2.75,0.0
E01007994,3,3.9166666666666665,0.0
E01007995,10,10.833333333333334,0.10453339390996841
E01007996,5,5.666666666666667,0.07344325444105158
E01007997,2,2.9166666666666665,0.15513112915800434
E01007998,8,9.25,0.0
E01007999,6,1.75,0.004219774556004124
E01008000,10,6.25,0.0
E01008001,7,5.583333333333333,0.0
E01008002,2,6.416666666666667,0.12454931657478785
E01008003,2,2.4166666666666665,0.06184017776180795
E01008004,2,3.6666666666666665,0.12471194461225815
E01008005,6,4.666666666666667,0.0
E01008006,46,23.0,0.17460756420251078
E01008007,9,9.833333333333334,0.0
E01008008,17,9.666666666666666,0.14288960495219355
E01008009,10,5.083333333333333,0.0
E01008010,5,7.416666666666667,0.0
E01008011,9,10.833333333333334,0.03311171703318729
E01008012,15,10.25,0.1601045387392875
E01008013,5,9.75,0.0
E01008014,15,8.916666666666666,0.0
E01008015,13,10.083333333333334,0.1344154614269558
E01008016,3,7.25,0.0
E01008017,14,14.583333333333334,0.0
E01008018,7,5.083333333333333,0.0
E01008019,3,10.0,0.0
E01008020,4,1.5833333333333333,0.1289342276434585
E01008021,1,2.6666666666666665,0.08583819432873542
E01008022,20,12.0,0.03419513394933028
E01008023,21,10.333333333333334,0.17463546123897075
E01008024,9,3.75,0.0
E01008025,15,4.833333333333333,0.0
E01008027,14,6.25,0.0
E01008028,2,2.8333333333333335,0.0
E01008029,5,5.666666666666667,0.0
E01008030,6,8.5,0.15740403551572046
E01008031,12,5.0,0.09366319735621875
E01008032,6,6.416666666666667,0.0
E01008033,21,15.083333333333334,0.06829375288821667
E01008034,17,17.083333333333332,0.11293055117006826
E01008035,1,3.1666666666666665,0.14100241307893438
E01008036,1,1.6666666666666667,0.11902678075625216
E01008037,25,18.75,0.05558964788228969
E01008038,4,1.8333333333333333,0.08738557954189712
E01008039,1,1.75,0.02340641095208588
E01008040,2,3.9166666666666665,0.02647118062219004
E01008041,5,6.083333333333333,0.0
E01008042,2,3.0833333333333335,0.0
E01008043,4,5.916666666666667,0.024963509319619964
E01008044,1,1.75,0.0
E01008045,3,4.166666666666667,0.0
E01008046,3,3.75,0.07705815717822881
E01008047,8,7.916666666666667,0.0
E01008048,5,4.833333333333333,0.041737962741740284
E01008049,3,6.0,0.028088371851258512
E01008050,1,2.9166666666666665,0.148582715179692
E01008051,4,4.5,0.007511617014090647
E01008052,8,11.083333333333334,0.0
E01008053,3,6.083333333333333,0.03206343275518415
E01008054,6,5.833333333333333,0.1182054671975317
E01008055,7,4.916666666666667,0.16243650449513736
E01008056,9,9.5,0.004959155327406702
E01008057,19,9.25,0.0
E01008058,5,5.083333333333333,0.13583132589666796
E01008059,26,11.666666666666666,0.0
E01008060,5,5.333333333333333,0.04914443772149061
E01008061,13,11.666666666666666,0.0034675592796869006
E01008062,19,14.0,0.0
E01008063,9,7.916666666666667,0.0
E01008064,9,6.083333333333333,0.0
E01008065,19,15.5,0.0980137830167952
E01008066,7,4.25,0.14620439811682925
E01008067,3,2.75,0.0
E01008068,15,7.5,0.11385257376183475
E01008069,4,2.8333333333333335,0.0
E01008072,23,10.416666666666666,0.03978740303462483
E01008073,14,6.75,0.0
E01008074,3,1.0,0.13293160294136913
E01008075,7,10.916666666666666,0.10961733699098664
E01008076,11,8.083333333333334,0.06938542697897807
E01008077,2,5.583333333333333,0.11236510409955623
E01008078,9,13.416666666666666,0.0807721555002619
E01008079,19,17.0,0.18695231438930254
E01008080,5,2.4166666666666665,0.0707648395646934
E01008081,5,9.166666666666666,0.1523465508946332
E01008082,12,13.5,0.041882593232585814
E01008083,9,19.5,0.0
E01008084,11,10.75,0.0377116516503118
E01008085,5,6.333333333333333,0.0
E01008086,14,12.666666666666666,0.062222981380501446
E01008087,7,6.75,0.013119430972996091
E01008088,10,8.833333333333334,0.06081435216906789
E01008089,12,15.666666666666666,0.0
E01008090,12,9.916666666666666,0.0
E01008091,21,14.0,0.03550300800412237
E01008092,11,9.916666666666666,0.16214131569833262
E01008093,11,18.0,0.01407341294574009
E01008094,12,8.416666666666666,0.00021929663441653743
E01008095,10,12.25,0.09774972032865938
E01008096,27,29.5,0.11142814245006766
E01008097,13,9.833333333333334,0.0
E01008098,15,12.083333333333334,0.006132194696538154
E01008099,4,7.416666666666667,0.0
E01008100,6,7.666666666666667,0.16067284735575568
E01008101,9,9.416666666666666,0.0
E01008102,16,15.583333333333334,0.003964281003856436
E01008103,5,9.583333333333334,0.0
E01008104,1,4.333333333333333,0.0
E01008105,15,14.583333333333334,0.12383288154579972
E01008107,5,6.916666666666667,0.0
E01008108,12,13.916666666666666,0.0
E01008109,19,16.666666666666668,0.03769771398964641
E01008111,12,9.0,0.0
E01008112,7,8.166666666666666,0.0
E01008113,3,4.166666666666667,0.10362820087796488
E01008114,33,47.5,0.2107230195613067
E01008115,2,2.75,0.13202633652745657
E01008116,12,8.333333333333334,0.12903551079136955
E01008117,30,12.5,0.08897398899916248
E01008118,18,14.25,0.0
E01008119,3,7.0,0.1039065246112388
E01008122,13,16.666666666666668,0.14901500328845757
E01008123,11,9.583333333333334,0.11580765575245275
E01008124,10,11.25,0.03316289861690317
E01008125,6,4.916666666666667,0.0
E01008126,5,2.3333333333333335,0.10994963911169853
E01008128,2,2.5833333333333335,0.0751799157276664
E01008129,1,1.8333333333333333,0.14921814592064728
E01008130,2,3.25,0.0
E01008131,2,2.25,0.0
E01008132,0,0.3333333333333333,0.0
E01008133,1,4.083333333333333,0.0988755614952919
E01008134,1,1.6666666666666667,0.0
E01008135,15,14.25,0.0
E01008136,4,5.166666666666667,0.16363038758693832
E01008137,0,1.75,0.0
E01008138,9,6.75,0.1189447308623569
E01008139,5,2.5,0.0
E01008140,3,5.583333333333333,0.1176808275395015
E01008141,4,2.6666666666666665,0.02364402896914979
E01008142,5,4.916666666666667,0.1338710880566134
E01008143,1,7.25,0.14759026154017388
E01008144,8,7.583333333333333,0.0
E01008145,21,10.166666666666666,0.0
E01008146,0,1.1666666666666667,0.0
E01008147,2,1.5833333333333333,0.055103992112498
E01008148,5,5.916666666666667,0.13258508376633452
E01008149,3,1.9166666666666667,0.0
E01008150,3,3.8333333333333335,0.04252513969062619
E01008151,1,2.25,0.0
E01008152,4,3.3333333333333335,0.10056240217176347
E01008153,3,4.083333333333333,0.1513120646149318
E01008154,0,3.0,0.0
E01008155,3,3.4166666666666665,0.007746946287603213
E01008156,4,1.0,0.0
E01008157,15,8.666666666666666,0.04132911215776102
E01008158,8,6.75,0.01920654536870137
E01008159,0,1.1666666666666667,0.0
E01008160,4,3.5,0.0
E01008161,7,6.25,0.0
E01008162,9,24.5,0.07323104984490222
E01008163,11,11.5,0.056995915053679444
E01008164,1,12.333333333333334,0.0
E01008165,4,6.5,0.09599288129901948
E01008166,33,55.25,0.21427852207882161
E01008167,6,8.583333333333334,0.0
E01008168,0,0.0,0.0
E01008169,0,0.0,0.07647976193551512
E01008170,12,17.916666666666668,0.18531644018245086
E01008171,0,0.0,0.0
E01008172,3,4.833333333333333,0.0
E01008173,6,7.916666666666667,0.0
E01008174,10,9.083333333333334,0.04780299622322963
E01008175,8,12.5,0.0
E01008176,1,1.1666666666666667,0.0
E01008177,11,15.333333333333334,0.10083672341366515
E01008178,2,6.333333333333333,0.03527226371659449
E01008179,1,2.5,0.0
E01008180,3,4.916666666666667,0.0
E01008181,8,7.166666666666667,0.03813882160257331
E01008182,6,5.583333333333333,0.0
E01008183,7,4.25,0.0
E01008184,4,3.75,0.12458381633706861
E01008185,2,3.8333333333333335,0.0
E01008186,11,10.083333333333334,0.08948494368510665
E01008187,0,0.0,0.12601144923271576
E01008188,0,1.4166666666666667,0.0
E01008189,18,21.166666666666668,0.018756866363941825
E01008190,10,12.25,0.0540173153800876
E01008191,0,3.5,0.12403866049919621
E01008192,3,6.833333333333333,0.15116999779300472
E01008193,1,2.5,0.07867323843882383
E01008194,1,2.75,0.0
E01008195,4,2.75,0.05823093706644299
E01008196,4,3.25,0.0
E01008197,4,1.75,0.0
E01008198,3,4.416666666666667,0.0
E01008199,4,3.0833333333333335,0.0
E01008200,1,2.5,0.09395834626553774
E01008201,3,7.333333333333333,0.006146824330325259
E01008202,3,4.25,0.0
E01008203,9,12.833333333333334,0.00013427741743028687
E01008204,2,9.0,0.13081520441730035
E01008205,4,1.75,0.07946269002529745
E01008206,2,3.25,0.0
E01008207,1,1.9166666666666667,0.0
E01008208,2,5.0,0.0
E01008209,5,6.083333333333333,0.14278397772966575
E01008210,10,8.833333333333334,0.04851838417415999
E01008211,3,6.083333333333333,0.026601105036680485
E01008212,3,5.333333333333333,0.043433843119351064
E01008213,5,3.4166666666666665,0.0
E01008214,6,12.916666666666666,0.12728747012397812
E01008215,13,16.0,0.050533164424912784
E01008216,2,4.166666666666667,0.0
E01008217,4,8.833333333333334,0.0
E01008218,5,10.583333333333334,0.03986246157382929
E01008219,12,10.416666666666666,0.1593221654439326
E01008220,13,6.333333333333333,0.0
E01008221,32,20.0,0.16529646270131276
E01008222,10,5.25,0.09351763038509495
E01008223,5,10.666666666666666,0.0
E01008224,0,6.0,0.0
E01008225,6,9.25,0.0
E01008226,12,16.916666666666668,0.1145903665910658
E01008227,3,7.583333333333333,0.0
E01008228,4,5.916666666666667,0.0
E01008229,2,2.8333333333333335,0.008221249008096645
E01008230,5,5.666666666666667,0.08306344894738725
E01008231,2,6.75,0.0
E01008232,6,3.6666666666666665,0.0
E01008233,0,1.5,0.0
E01008234,6,4.583333333333333,0.02472260320144149
E01008235,2,1.4166666666666667,0.09936394202164961
E01008236,4,5.0,0.0
E01008237,2,2.0,0.09779284675234141
E01008238,2,1.4166666666666667,0.06171927791208026
E01008239,9,6.333333333333333,0.03399871307347778
E01008240,7,4.166666666666667,0.07119880112984393
E01008241,8,10.166666666666666,0.0012759953076334554
E01008242,0,3.6666666666666665,0.0
E01008243,1,3.25,0.058575115286686644
E01008244,4,8.666666666666666,0.03098980722455718
E01008245,3,2.75,0.049297130568820395
E01008246,1,2.4166666666666665,0.0
E01008247,2,5.5,0.13702935401392624
E01008248,5,4.0,0.03709778298138254
E01008249,18,11.083333333333334,0.0
E01008250,1,4.25,0.0
E01008251,4,5.083333333333333,0.09074215323415857
E01008252,5,5.166666666666667,0.10230251413093142
E01008253,2,5.833333333333333,0.01425573184182893
E01008254,4,6.916666666666667,0.13724940166445043
E01008255,0,6.75,0.0
E01008256,3,4.25,0.0
E01008257,4,9.0,0.1440744235902873
E01008258,5,6.833333333333333,0.1374753365563523
E01008259,14,17.416666666666668,0.1031168698853267
E01008260,3,3.1666666666666665,0.116312898543561
E01008261,4,5.083333333333333,0.0
E01008262,31,50.083333333333336,0.24581058177138257
E01008263,10,8.916666666666666,0.0
E01008264,2,2.0833333333333335,0.0
E01008265,4,5.916666666666667,0.0
E01008266,2,1.5833333333333333,0.0
E01008267,10,3.5,0.0
E01008268,1,1.1666666666666667,0.0
E01008269,0,1.1666666666666667,0.0
E01008270,0,1.0,0.0
E01008271,2,3.0833333333333335,0.030077069969313898
E01008272,3,4.5,0.0
E01008273,6,3.3333333333333335,0.0
E01008274,1,4.75,0.08686374026747669
E01008275,2,1.75,0.12281597622180578
E01008276,1,2.0,0.08248017807507384
E01008277,1,3.0,0.0
E01008278,1,1.5833333333333333,0.07764201755471359
E01008279,2,3.0,0.0
E01008280,13,18.583333333333332,0.0
E01008281,7,10.75,0.0
E01008282,7,9.083333333333334,0.11703286993299482
E01008283,2,3.0833333333333335,0.0
E01008284,2,4.25,0.0
E01008285,3,5.5,0.0
E01008286,3,3.9166666666666665,0.11828350416740203
E01008287,3,1.75,0.04489797022799667
E01008288,8,5.083333333333333,0.0
E01008289,4,5.25,0.030877702009885575
E01008290,5,7.5,0.028686678743935354
E01008291,23,18.833333333333332,0.0978895823732054
E01008292,0,2.4166666666666665,0.0
E01008293,4,6.75,0.12769240897301648
E01008294,20,25.916666666666668,0.013348105480433886
E01008295,18,12.083333333333334,0.09112677221918088
E01008296,1,3.4166666666666665,0.0
E01008297,12,10.333333333333334,0.0
E01008298,4,6.833333333333333,0.0
E01008299,8,11.5,0.04434494299994403
E01008300,10,14.833333333333334,0.0
E01008301,3,5.166666666666667,0.10110155772908219
E01008302,9,8.416666666666666,0.0
E01008303,27,26.0,0.12387569012121454
E01008304,0,0.0,0.09096363697322796
E01008305,15,21.25,0.07639933091872295
E01008306,5,4.583333333333333,0.08473944602657524
E01008307,4,8.166666666666666,0.07078535608228345
E01008308,0,0.0,0.0
E01008309,1,1.25,0.09605969371279129
E01008311,6,2.5,0.0
E01008312,1,1.4166666666666667,0.025219624928539738
E01008313,0,2.5,0.08042358574790527
E01008314,10,12.25,0.0
E01008315,6,11.833333333333334,0.0
E01008316,2,1.25,0.0
E01008317,1,3.0,0.10355416511127816
E01008318,6,3.1666666666666665,0.13759526335059438
E01008319,3,1.8333333333333333,0.01851481746195889
E01008320,4,4.0,0.05932668400580503
E01008321,6,6.5,0.1386731730858271
E01008322,0,1.4166666666666667,0.0
E01008323,4,1.9166666666666667,0.0
E01008324,4,3.1666666666666665,0.0712887362823697
E01008325,14,21.166666666666668,0.15473277381977746
E01008326,17,8.916666666666666,0.13137725011858822
E01008327,4,6.416666666666667,0.0
E01008328,3,2.5,0.0
E01008329,10,5.75,0.0
E01008330,8,8.333333333333334,0.0
E01008331,3,12.083333333333334,0.0
E01008332,0,0.0,0.08168026705125173
E01008333,16,15.833333333333334,0.0
E01008334,14,18.416666666666668,0.14839911008431042
E01008335,7,6.583333333333333,0.0
E01008336,7,4.333333333333333,0.04061323693961377
E01008337,3,5.083333333333333,0.0
E01008338,0,8.583333333333334,0.0
E01008339,3,6.083333333333333,0.0
E01008340,3,7.5,0.15887590888066308
E01008341,3,5.416666666666667,0.10692106680966919
E01008342,2,4.0,0.0
E01008343,2,4.916666666666667,0.0
E01008344,2,2.5833333333333335,0.13706760438058055
E01008345,6,11.5,0.0
E01008346,7,11.166666666666666,0.0
E01008347,3,2.1666666666666665,0.024846345340904102
E01008348,8,4.166666666666667,0.1444726761125172
E01008349,10,9.833333333333334,0.0
E01008350,11,14.25,0.0
E01008351,1,1.4166666666666667,0.13539004172620686
E01008352,1,4.916666666666667,0.0
E01008353,15,7.416666666666667,0.0
E01008354,4,2.9166666666666665,0.028994472746291994
E01008355,5,4.25,0.12012039579770276
E01008356,8,9.333333333333334,0.018535530928499903
E01008357,0,1.6666666666666667,0.15290545300898636
E01008358,6,7.666666666666667,0.07461791947809097
E01008359,3,1.75,0.0
E01008360,3,3.5833333333333335,0.15760241791239482
E01008361,7,7.5,0.0
E01008362,17,14.666666666666666,0.0
E01008363,5,2.25,0.02348759267826475
E01008364,5,7.333333333333333,0.0
E01008365,1,3.25,0.0
E01008366,1,3.0833333333333335,0.0
E01008367,5,8.0,0.006648650693497595
E01008368,1,2.3333333333333335,0.10740967307305821
E01008369,2,5.583333333333333,0.0368907453011799
E01008370,6,6.916666666666667,0.16858732009809235
E01008371,3,2.8333333333333335,0.0
E01008372,0,6.5,0.0
E01008373,23,9.333333333333334,0.0
E01008374,12,6.0,0.0
E01008375,6,9.416666666666666,0.0
E01008376,2,1.1666666666666667,0.09102733678459839
E01008377,8,11.583333333333334,0.15325346041615548
E01008378,0,2.25,0.14864998851720346
E01008379,3,5.916666666666667,0.0
E01008380,3,8.583333333333334,0.13775057010291655
E01008381,2,2.1666666666666665,0.0
E01008382,28,11.083333333333334,0.0
E01008383,2,3.0833333333333335,0.11939940326276324
E01008384,5,4.25,0.052398939202339366
E01008385,10,8.083333333333334,0.0
E01008386,4,1.3333333333333333,0.0
E01008387,10,8.75,0.0
E01008388,8,10.083333333333334,0.09848223543501419
E01008389,13,8.75,0.00983979320633235
E01008390,3,8.833333333333334,0.17082571635114888
E01008391,1,6.416666666666667,0.0
E01008392,46,41.0,0.06809450953014594
E01008394,0,0.0,0.0
E01008395,0,0.0,0.0009400664244959278
E01008396,6,5.833333333333333,0.0
E01008397,121,119.58333333333333,0.3942427029896469
E01008398,8,10.916666666666666,0.14213607487046198
E01008399,9,12.666666666666666,0.16609072822093884
E01008400,14,7.416666666666667,0.11171399625600664
E01008401,8,4.333333333333333,0.11696811680141508
E01008402,10,4.75,0.028091691796341148
E01008403,1,2.0833333333333335,0.10343668793258054
E01008404,5,7.833333333333333,0.0
E01008405,7,5.083333333333333,0.0
E01008406,76,28.416666666666668,0.022415705007436726
E01008407,3,8.333333333333334,0.01289708065252233
E01008409,1,3.0,0.0
E01008410,6,3.9166666666666665,0.14914344628486204
E01008411,1,3.5833333333333335,0.0
E01008412,4,3.9166666666666665,0.0
E01008413,6,7.333333333333333,0.028004324231091362
E01008415,5,6.166666666666667,0.0
E01008416,16,8.5,0.0
E01008418,7,4.666666666666667,0.0
E01008419,9,9.166666666666666,0.014254042984601683
E01008420,1,1.5,0.0
E01008421,5,2.5,0.09671182260628076
E01008422,4,3.8333333333333335,0.08227560097358058
E01008423,1,1.8333333333333333,0.0
E01008424,5,3.8333333333333335,0.0
E01008425,24,21.666666666666668,0.00391092326562581
E01008426,3,6.0,0.09852875980126688
E01008427,6,6.333333333333333,0.0
E01008428,7,7.666666666666667,0.0
E01008429,2,6.083333333333333,0.10522035999124005
E01008430,3,4.75,0.006072014407057276
E01008431,2,4.5,0.0
E01008432,5,3.8333333333333335,0.0
E01008433,4,4.75,0.14267928753955725
E01008434,2,1.5833333333333333,0.11216025989091685
E01008435,6,4.333333333333333,0.074729572676627
E01008436,11,8.25,0.017121640319161222
E01008437,19,28.5,0.0836656975194706
E01008438,13,12.416666666666666,0.1763678718122232
E01008439,12,19.083333333333332,0.19167034840683753
E01008441,5,5.666666666666667,0.0
E01008442,0,1.4166666666666667,0.09718711949468004
E01008443,6,4.666666666666667,0.0
E01008444,2,3.1666666666666665,0.0
E01008445,18,15.75,0.0956947734836665
E01008446,1,0.5833333333333334,0.0
E01008447,9,7.583333333333333,0.15010292294846775
E01008448,2,4.083333333333333,0.0
E01008449,6,16.75,0.049046261079318774
E01008450,5,7.583333333333333,0.14619605994944804
E01008451,7,12.166666666666666,0.1543481829703428
E01008452,1,4.416666666666667,0.0
E01008453,5,4.666666666666667,0.0
E01008455,3,5.75,0.05138622722652871
E01008456,4,7.916666666666667,0.0
E01008457,10,13.833333333333334,0.1780569124438418
E01008458,4,8.916666666666666,0.14869334023771294
E01008459,7,9.583333333333334,0.0
E01008460,1,4.833333333333333,0.0
E01008461,4,8.083333333333334,0.0
E01008462,16,10.916666666666666,0.15254505203475888
E01008463,9,7.5,0.0
E01008464,4,4.75,0.0
E01008465,2,4.166666666666667,0.0
E01008466,5,1.0,0.032425018866247636
E01008467,1,3.1666666666666665,0.0
E01008468,10,10.333333333333334,0.0
E01008469,6,5.916666666666667,0.14555054088856054
E01008470,6,5.833333333333333,0.13839964819327213
E01008471,10,4.75,0.09731529583205013
E01008472,6,2.6666666666666665,0.0
E01008473,0,2.5833333333333335,0.0
E01008474,3,3.75,0.04859401661103746
E01008475,0,5.0,0.0
E01008476,4,5.416666666666667,0.13761858052792725
E01008477,4,7.333333333333333,0.060126012965699915
E01008478,5,4.666666666666667,0.0
E01008479,14,6.166666666666667,0.13948552786413795
E01008480,3,6.0,0.15366023106593094
E01008481,7,10.833333333333334,0.0
E01008482,17,12.083333333333334,0.0425953464847043
E01008483,6,5.583333333333333,0.0
E01008484,14,7.666666666666667,0.0
E01008485,4,6.75,0.0
E01008486,2,5.0,0.037030158614610585
E01008487,7,8.666666666666666,0.16098192119353769
E01008488,9,9.333333333333334,0.02632436570180479
E01008489,3,7.333333333333333,0.0
E01008490,9,5.75,0.05165020725574237
E01008491,23,24.166666666666668,0.017841450387996755
E01008492,7,10.5,0.13535546570025167
E01008493,6,8.666666666666666,0.003991559713811564
E01008494,3,4.416666666666667,0.0
E01008495,3,1.0833333333333333,0.0
E01008496,9,10.416666666666666,0.10898035423902899
E01008497,1,0.5,0.0
E01008498,1,0.9166666666666666,0.08266491504976281
E01008499,5,2.9166666666666665,0.0
E01008500,6,11.166666666666666,0.0
E01008501,0,0.0,0.0
E01008502,4,4.5,0.14520643011783332
E01008503,4,8.666666666666666,0.15310754264501789
E01008504,3,4.75,0.0
E01008505,2,9.916666666666666,0.0
E01008506,2,2.25,0.0
E01008507,1,1.9166666666666667,0.008212126198222414
E01008508,5,3.3333333333333335,0.0
E01008509,3,8.5,0.1433625463537273
E01008510,5,9.75,0.15553824295855107
E01008511,4,7.333333333333333,0.0
E01008512,8,7.416666666666667,0.017707366121845623
E01008513,6,5.75,0.13452068195635977
E01008514,4,3.4166666666666665,0.10131150313095776
E01008516,3,2.8333333333333335,0.0
E01008517,0,2.0833333333333335,0.0
E01008518,10,5.666666666666667,0.0
E01008519,0,1.3333333333333333,0.0
E01008520,0,2.3333333333333335,0.0
E01008521,7,3.5833333333333335,0.0
E01008522,0,5.666666666666667,0.05843391593326657
E01008523,1,1.0,0.0
E01008524,35,48.083333333333336,0.0
E01008525,1,2.6666666666666665,0.0
E01008526,11,6.166666666666667,0.10735803706426504
E01008527,0,3.3333333333333335,0.11451910650122187
E01008528,9,8.25,0.017373944775954057
E01008529,1,1.9166666666666667,0.0
E01008530,3,3.6666666666666665,0.1533356952585182
E01008531,1,3.5833333333333335,0.0
E01008532,2,5.083333333333333,0.0
E01008533,4,4.583333333333333,0.0
E01008534,2,1.9166666666666667,0.0
E01008535,5,4.583333333333333,0.0
E01008536,9,14.083333333333334,0.1615809553275907
E01008537,7,6.333333333333333,0.051841821002362246
E01008538,5,18.666666666666668,0.02438913582432324
E01008539,1,2.75,0.13780792877735218
E01008540,16,13.75,0.0
E01008541,14,9.916666666666666,0.0
E01008542,5,10.333333333333334,0.047890872753027114
E01008543,3,16.416666666666668,0.0793471205936988
E01008544,9,10.5,0.0
E01008545,7,16.416666666666668,0.015592961007884716
E01008546,0,1.0,0.047467895051439175
E01008547,0,1.3333333333333333,0.06305010472392364
E01008548,3,1.5833333333333333,0.04575133795832828
E01008549,4,4.0,0.0
E01008550,2,4.75,0.0
E01008551,3,3.8333333333333335,0.0
E01008552,3,0.9166666666666666,0.0
E01008553,0,3.5,0.14381306716382092
E01008554,1,4.5,0.004798935016586629
E01008555,8,6.833333333333333,0.0
E01008556,9,6.666666666666667,0.09803592535018579
E01008557,5,7.083333333333333,0.01866332579010215
E01008558,7,7.666666666666667,0.0
E01008559,4,7.083333333333333,0.11286907073266352
E01008560,14,20.0,0.16457975734388386
E01008561,4,6.5,0.06959353630075596
E01008562,2,1.5,0.0
E01008563,1,1.0833333333333333,0.022845378452318446
E01008564,0,1.75,0.08375145840299487
E01008565,0,0.0,0.0
E01008567,0,6.083333333333333,0.0
E01008568,2,4.083333333333333,0.12586216272933182
E01008569,2,9.5,0.0
E01008570,1,2.1666666666666665,0.08171517015251042
E01008571,10,11.916666666666666,0.024565646180273792
E01008572,9,13.0,0.019413820480187798
E01008573,12,14.416666666666666,0.0
E01008574,3,7.583333333333333,0.1164590701064595
E01008575,14,18.083333333333332,0.007164979830343948
E01008576,8,5.083333333333333,0.02606502620123113
E01008577,5,6.75,0.07156171871539505
E01008578,2,4.25,0.07235612174062855
E01008579,0,1.75,0.14155700245163208
E01008580,0,2.1666666666666665,0.015299014775700363
E01008581,8,0.9166666666666666,0.0
E01008582,3,5.416666666666667,0.15085365995930644
E01008583,6,3.1666666666666665,0.051251804914551315
E01008584,45,23.916666666666668,0.004539232535041987
E01008585,4,11.833333333333334,0.0
E01008586,4,16.083333333333332,0.14654044887457365
E01008587,3,5.583333333333333,0.0
E01008588,3,6.0,0.06447115002239354
E01008589,1,1.3333333333333333,0.0
E01008590,11,12.083333333333334,0.0
E01008591,11,5.5,0.04547536339811502
E01008592,7,8.583333333333334,0.0
E01008593,6,4.583333333333333,0.0
E01008594,6,7.166666666666667,0.03349003871470576
E01008595,7,4.083333333333333,0.0
E01008596,39,49.916666666666664,0.210460123883984
E01008597,15,24.166666666666668,0.16415203841621337
E01008598,2,7.5,0.10178571422628363
E01008599,2,5.25,0.0
E01008600,15,17.75,0.0
E01008601,11,11.833333333333334,0.04318910240489776
E01008602,2,3.8333333333333335,0.14087981694148694
E01008603,13,15.416666666666666,0.14244666054920274
E01008604,19,25.666666666666668,0.17261746296142616
E01008605,2,1.4166666666666667,0.0
E01008606,7,7.0,0.0
E01008607,6,9.166666666666666,0.016160752214740403
E01008608,2,3.6666666666666665,0.0
E01008609,6,5.333333333333333,0.0
E01008610,2,4.25,0.14563811864740886
E01008611,1,3.5,0.0
E01008612,1,1.4166666666666667,0.0
E01008613,17,21.333333333333332,0.0
E01008614,7,4.916666666666667,0.14193404479383892
E01008615,4,3.5,0.033447104089552364
E01008616,5,1.8333333333333333,0.055100850741598
E01008617,2,2.75,0.13095775658490352
E01008618,0,1.75,0.0
E01008619,2,3.6666666666666665,0.04643178054940891
E01008620,6,5.583333333333333,0.0
E01008621,0,0.75,0.0
E01008622,3,3.1666666666666665,0.10799247593387773
E01008624,3,3.1666666666666665,0.08864924130839569
E01008625,2,4.916666666666667,0.0
E01008627,0,0.75,0.0
E01008628,9,5.333333333333333,0.024582093277686436
E01008629,5,10.083333333333334,0.0
E01008630,3,2.75,0.0
E01008631,1,3.0833333333333335,0.0
E01008632,8,6.75,0.0
E01008633,1,2.6666666666666665,0.09902963436583868
E01008634,9,5.416666666666667,0.0
E01008635,3,2.9166666666666665,0.0
E01008636,7,5.25,0.015567992649340615
E01008637,2,4.25,0.12126075972107339
E01008638,4,1.8333333333333333,0.0
E01008639,6,7.833333333333333,0.0
E01008640,7,10.833333333333334,0.0
E01008641,10,11.833333333333334,0.10650239699525882
E01008642,3,4.916666666666667,0.028588882619143767
E01008643,3,3.4166666666666665,0.10433717167974356
E01008644,3,6.166666666666667,0.15466149549619726
E01008645,4,7.583333333333333,0.10843834384199677
E01008646,3,3.75,0.041347319661291126
E01008647,2,1.5,0.0020850348189802035
E01008648,2,4.0,0.0
E01008649,12,5.333333333333333,0.15981235685582496
E01008650,0,1.75,0.0
E01008651,11,9.333333333333334,0.0
E01008652,1,3.3333333333333335,0.05908500862619491
E01008653,2,3.4166666666666665,0.0
E01008654,8,5.166666666666667,0.03979562689056401
E01008655,10,14.333333333333334,0.06504148598458624
E01008656,1,5.25,0.0
E01008657,1,3.5833333333333335,0.11058836307131503
E01008658,0,3.3333333333333335,0.0
E01008659,9,4.833333333333333,0.0
E01008660,3,5.75,0.02695744578981129
E01008661,8,8.416666666666666,0.07199510504851604
E01008662,1,5.25,0.099480509563108
E01008663,4,6.333333333333333,0.0
E01008664,40,42.5,0.15948657132151678
E01008665,1,6.833333333333333,0.0
E01008666,13,17.166666666666668,0.17651704300012167
E01008667,29,31.416666666666668,0.05042455959470658
E01008668,12,18.833333333333332,0.12011521543393856
E01008669,12,11.75,0.0
E01008670,1,6.083333333333333,0.0
E01008671,11,6.0,0.012454996910137576
E01008672,3,5.166666666666667,0.12753788593095366
E01008673,0,1.75,0.012939529789013537
E01008674,2,2.1666666666666665,0.13485817349288132
E01008675,1,3.25,0.003984612181915327
E01008676,8,6.0,0.013464962633849168
E01008677,1,2.4166666666666665,0.0
E01008678,3,3.9166666666666665,0.10145688685419395
E01008679,5,6.916666666666667,0.0
E01008680,8,15.333333333333334,0.1616165660450808
E01008681,3,2.9166666666666665,0.13118557410546947
E01008682,4,5.416666666666667,0.14773560557403898
E01008683,23,13.416666666666666,0.042585363560139984
E01008684,4,2.4166666666666665,0.05970559064035528
E01008685,4,4.666666666666667,0.09625605682866008
E01008686,3,2.3333333333333335,0.0
E01008687,6,8.666666666666666,0.05387527371811967
E01008688,6,5.416666666666667,0.0
E01008689,10,10.416666666666666,0.027620925039298642
E01008690,0,4.5,0.0
E01008691,0,1.75,0.0
E01008692,7,4.583333333333333,0.0
E01008693,16,28.916666666666668,0.058433803677913024
E01008694,17,8.416666666666666,0.059859416177982336
E01008695,4,6.333333333333333,0.0
E01008696,0,2.5,0.007911792376676812
E01008697,20,6.0,0.0
E01008698,11,5.583333333333333,0.037388742121679516
E01008699,3,2.75,0.04870607408434279
E01008700,8,12.5,0.05103409699307321
E01008701,13,9.166666666666666,0.09643762116345146
E01008702,7,9.0,0.0
E01008703,60,80.08333333333333,0.2974952344643098
E01008704,9,15.166666666666666,0.021109326145481458
E01008705,2,5.5,0.01022473030875455
E01008706,10,14.666666666666666,0.08434898701025612
E01008707,4,6.666666666666667,0.0
E01008708,2,4.416666666666667,0.05821913283569119
E01008709,7,10.416666666666666,0.06392664474431548
E01008711,16,8.5,0.0
E01008712,12,9.333333333333334,0.0
E01008713,2,2.1666666666666665,0.0
E01008714,6,8.583333333333334,0.15032843051425762
E01008715,1,4.583333333333333,0.06925828037773071
E01008716,0,1.8333333333333333,0.0
E01008717,5,4.75,0.0
E01008718,4,3.8333333333333335,0.03817810297882549
E01008719,5,6.0,0.11700174514025877
E01008720,4,8.75,0.0
E01008721,1,1.8333333333333333,0.0
E01008722,6,11.583333333333334,0.14845112031383514
E01008723,6,15.166666666666666,0.0
E01008724,1,1.5,0.0
E01008725,0,1.25,0.14110938479461152
E01008726,3,3.5833333333333335,0.04377333236445355
E01008727,4,6.416666666666667,0.0
E01008728,1,1.3333333333333333,0.0
E01008729,0,0.0,0.0
E01008730,7,8.166666666666666,0.0
E01008731,0,0.0,0.11444574587667314
E01008732,9,7.25,0.0
E01008733,6,6.333333333333333,0.08333747956358788
E01008734,1,1.4166666666666667,0.1293412602170719
E01008735,10,8.833333333333334,0.0
E01008736,10,9.916666666666666,0.0
E01008737,6,12.916666666666666,0.040290743285200145
E01008738,6,8.416666666666666,0.14533279493628248
E01008739,1,5.5,0.10628170505328567
E01008740,21,6.75,0.0
E01008741,3,4.333333333333333,0.06956589763270979
E01008742,7,10.666666666666666,0.050600783160911336
E01008743,3,6.25,0.13924961291753618
E01008744,4,6.5,0.0
E01008745,4,5.666666666666667,0.025633832373735392
E01008746,9,14.0,0.1519426864840508
E01008747,3,5.25,0.0
E01008748,3,6.416666666666667,0.012062752933831543
E01008749,0,1.6666666666666667,0.0
E01008750,6,8.083333333333334,0.0
E01008751,2,3.5,0.0
E01008752,1,5.083333333333333,0.14737207143453435
E01008753,4,5.083333333333333,0.0
E01008754,16,25.0,0.0563032606353297
E01008755,3,4.666666666666667,0.06409261987944496
E01008756,5,4.833333333333333,0.0
E01008757,1,4.0,0.006819538551271804
E01008758,3,4.333333333333333,0.08335576945220752
E01008759,15,7.166666666666667,0.12956212072372428
E01008760,1,5.0,0.05148631040961484
E01008761,1,1.6666666666666667,0.05525223059871332
E01008762,36,14.25,0.0
E01008763,3,3.75,0.14393934518206924
E01008764,3,4.083333333333333,0.0
E01008765,1,1.5,0.08648443955780552
E01008766,9,6.166666666666667,0.0
E01008767,2,2.25,0.13620178071527456
E01008768,18,22.5,0.12722623785983456
E01008769,4,6.166666666666667,0.09292796510693778
E01008770,6,5.083333333333333,0.0
E01008771,3,3.25,0.0
E01008772,11,2.4166666666666665,0.04192141358204788
E01008773,1,4.083333333333333,0.09210571667087118
E01008774,4,1.3333333333333333,0.0
E01008775,2,2.5833333333333335,0.14574066774198338
E01008776,7,3.6666666666666665,0.1270457883743505
E01008777,9,9.166666666666666,0.0
E01008778,5,3.5,0.10635404251732036
E01008779,2,6.416666666666667,0.02296145452591846
E01008780,14,11.333333333333334,0.0193879412932824
E01008781,2,6.0,0.0
E01008782,4,1.6666666666666667,0.02882675199310667
E01008783,1,2.1666666666666665,0.07486376411579695
E01008784,1,2.4166666666666665,0.0
E01008785,3,1.4166666666666667,0.042621507505572226
E01008786,0,2.3333333333333335,0.06614452275167162
E01008787,1,8.166666666666666,0.08556380752236756
E01008788,1,3.25,0.0
E01008789,10,11.166666666666666,0.138316720929834
E01008790,2,3.5833333333333335,0.0
E01008791,38,38.0,0.032149637391604174
E01008792,0,2.75,0.0
E01008793,13,13.75,0.032327685883123895
E01008795,0,2.5833333333333335,0.12308053464631259
E01008796,2,3.5,0.0
E01008797,0,0.0,0.074917724035063
E01008799,6,6.916666666666667,0.0
E01008800,6,5.0,0.0064255386562053415
E01008801,1,2.8333333333333335,0.15521734132398987
E01008802,4,7.833333333333333,0.10245136805475712
E01008803,4,5.916666666666667,0.0
E01008804,4,9.083333333333334,0.025154601329150938
E01008805,2,4.5,0.0
E01008808,7,1.8333333333333333,0.0
E01008809,8,10.75,0.11328354234389608
E01008810,8,8.416666666666666,0.10427513340544724
E01008811,3,3.5833333333333335,0.0
E01008812,10,6.833333333333333,0.14526531706133666
E01008813,5,17.25,0.07471987646700758
E01008814,5,6.166666666666667,0.0
E01008817,7,13.5,0.03732369986365262
E01008819,5,7.333333333333333,0.05148055044729044
E01008820,0,0.0,0.017967159553735623
E01008821,4,6.5,0.013612597075006335
E01008822,7,5.75,0.017129648439339888
E01008823,4,7.333333333333333,0.0
E01008824,4,6.75,0.11219138410610102
E01008825,5,8.0,0.034301740799723535
E01008826,2,4.333333333333333,0.0
E01008827,4,8.25,0.10230120169279663
E01008828,6,7.0,0.1487851327284468
E01008829,4,6.75,0.15256358258578584
E01008830,7,4.583333333333333,0.0
E01008831,27,26.416666666666668,0.0
E01008832,6,9.666666666666666,0.03182970881096739
E01008833,2,2.5,0.0
E01008834,7,12.333333333333334,0.16376392798063932
E01008835,7,10.083333333333334,0.0
E01008836,49,45.25,0.04898693648387496
E01008837,5,6.833333333333333,0.0
E01008838,4,8.416666666666666,0.0
E01008839,9,7.833333333333333,0.10971889493642271
E01008840,0,4.75,0.0
E01008841,6,5.5,0.0
E01008842,8,4.5,0.0
E01008843,2,3.6666666666666665,0.012713602764240271
E01008844,13,11.833333333333334,0.0
E01008845,6,2.6666666666666665,0.04075458429961053
E01008846,2,4.166666666666667,0.031064631974416133
E01008847,5,5.666666666666667,0.07983369332701569
E01008848,20,18.75,0.18234336465463585
E01008849,7,6.333333333333333,0.1409138371441367
E01008850,0,0.0,0.13382268542064937
E01008851,3,5.583333333333333,0.0
E01008852,1,1.25,0.0
E01008853,10,12.916666666666666,0.0
E01008854,11,7.833333333333333,0.13984557904695039
E01008855,3,7.916666666666667,0.16316287840428395
E01008856,1,2.5,0.11460174932658619
E01008857,1,1.4166666666666667,0.0
E01008858,6,8.25,0.15668247063590118
E01008859,6,7.333333333333333,0.0
E01008860,6,14.333333333333334,0.0
E01008861,2,4.416666666666667,0.0
E01008862,1,1.5833333333333333,0.0
E01008863,2,2.0833333333333335,0.01883359635287143
E01008864,1,3.0,0.0
E01008865,2,2.8333333333333335,0.0
E01008866,3,5.666666666666667,0.04937410663527352
E01008867,9,10.833333333333334,0.14012547276893422
E01008868,3,1.25,0.051972604944300275
E01008869,2,1.9166666666666667,0.0
E01008870,1,1.3333333333333333,0.09945729690401267
E01008871,0,4.5,0.13392231648173777
E01008872,6,5.916666666666667,0.0
E01008873,7,3.9166666666666665,0.02023990687436545
E01008874,6,7.083333333333333,0.0
E01008875,9,8.916666666666666,0.0
E01008876,5,3.9166666666666665,0.06122402214272361
E01008877,0,1.5833333333333333,0.11314060044121518
E01008878,0,2.5,0.0
E01008879,6,9.666666666666666,0.12003391810821801
E01008880,0,1.8333333333333333,0.11100851366507435
E01008881,12,22.833333333333332,0.18644774404966152
E01008882,17,8.333333333333334,0.0
E01008883,17,17.75,0.16949619399561497
E01008884,19,22.333333333333332,0.006983584869557476
E01008885,10,6.5,0.033392490450803725
E01008886,37,27.916666666666668,0.0
E01008887,14,16.0,0.0
E01008888,11,7.5,0.08652475583599109
E01008889,16,14.083333333333334,0.02167468062400186
E01008890,23,15.083333333333334,0.0
E01008891,7,8.166666666666666,0.0
E01008892,8,8.5,0.07412054487627302
E01008893,7,12.916666666666666,0.0
E01008894,36,24.833333333333332,0.15935637321312746
E01008895,5,9.75,0.0
E01008896,15,7.166666666666667,0.0
E01008897,9,10.083333333333334,0.0
E01008898,16,13.083333333333334,0.03106660354331827
E01008899,16,14.916666666666666,0.0
E01008901,14,14.583333333333334,0.0
E01008905,1,4.083333333333333,0.15028843483084742
E01008906,5,9.833333333333334,0.06923734279442904
E01008907,21,23.916666666666668,0.0
E01008909,8,10.75,0.00831110775670062
E01008910,31,26.333333333333332,0.18417419078052832
E01008911,9,7.166666666666667,0.0
E01008913,27,13.833333333333334,0.0
E01008914,0,0.0,0.07751543147697534
E01008915,10,9.833333333333334,0.058567588002235146
E01008916,18,9.916666666666666,0.04808399956954336
E01008917,1,3.3333333333333335,0.0
E01008918,7,9.083333333333334,0.0
E01008919,15,17.5,0.084394666902038
E01008920,4,6.833333333333333,0.0
E01008921,10,8.0,0.02299466874194622
E01008923,10,10.416666666666666,0.0418156058314989
E01008924,5,4.583333333333333,0.0
E01008925,5,2.8333333333333335,0.14223904586861705
E01008927,10,9.333333333333334,0.12814181767099464
E01008928,15,8.083333333333334,0.08871250590743993
E01008929,6,12.416666666666666,0.0
E01008930,5,8.583333333333334,0.0
E01008931,9,9.333333333333334,0.023236989379808774
E01008932,7,9.75,0.0
E01008933,7,6.5,0.1611707254729951
E01008934,2,2.8333333333333335,0.0
E01008935,9,12.666666666666666,0.03071528826677214
E01008936,7,9.833333333333334,0.0
E01008937,7,7.25,0.061548292052015285
E01008938,7,3.75,0.0
E01008939,6,9.25,0.004270705232857899
E01008940,15,10.666666666666666,0.0
E01008941,10,7.916666666666667,0.1378722934187439
E01008942,6,4.916666666666667,0.0
E01008943,24,16.583333333333332,0.1692531994380457
E01008944,3,9.166666666666666,0.1248472095858593
E01008945,16,14.916666666666666,0.0
E01008946,2,7.5,0.10719998841946163
E01008947,6,6.5,0.0
E01008948,33,21.25,0.19789590913428706
E01008949,1,1.8333333333333333,0.012968276380928637
E01008950,17,14.083333333333334,0.0
E01008951,4,1.9166666666666667,0.0
E01008952,31,24.416666666666668,0.0
E01008953,9,5.75,0.16245466142513162
E01008954,4,3.4166666666666665,0.0
E01008955,10,9.833333333333334,0.07323557536576845
E01008956,0,2.75,0.0
E01008957,9,7.083333333333333,0.15395361347203754
E01008958,16,7.75,0.0
E01008959,7,4.833333333333333,0.022780957591927317
E01008960,6,6.5,0.012397948988978749
E01008961,9,14.166666666666666,0.0994174292458764
E01008962,19,15.416666666666666,0.0
E01008963,17,14.5,0.0
E01008964,5,4.833333333333333,0.0
E01008965,5,3.5833333333333335,0.08119800486030912
E01008966,6,11.5,0.0
E01008967,4,5.916666666666667,0.038150953980175734
E01008968,7,4.25,0.0
E01008969,6,4.583333333333333,0.12096196903517312
E01008970,5,7.0,0.1517075755621331
E01008971,27,17.916666666666668,0.05431178452168324
E01008972,8,10.416666666666666,0.0
E01008973,6,11.333333333333334,0.0
E01008974,12,12.333333333333334,0.0
E01008975,6,5.5,0.0
E01008976,17,11.166666666666666,0.07666311320790928
E01008977,6,6.5,0.027776165806916133
E01008978,12,8.416666666666666,0.15612007230260438
E01008979,10,10.166666666666666,0.0
E01008980,15,11.0,0.08809776432246938
E01008981,9,9.666666666666666,0.023106645063584258
E01008982,10,10.25,0.03167034719958148
E01008984,10,13.166666666666666,0.0
E01008986,23,17.416666666666668,0.033888272290522346
E01008987,13,17.833333333333332,0.03977258234264183
E01008988,6,14.75,0.1021379141567963
E01008989,8,9.916666666666666,0.15918224697742633
E01008990,25,42.166666666666664,0.06356163613656347
E01008991,12,12.166666666666666,0.0
E01008992,2,5.5,0.013857918462167424
E01008994,8,7.666666666666667,0.03420480926144372
E01008995,18,15.333333333333334,0.0
E01008996,9,8.166666666666666,0.10036664430060183
E01008997,6,6.666666666666667,0.16362343654696326
E01008998,17,12.0,0.16639288232866664
E01008999,12,10.083333333333334,0.0
E01009000,19,15.083333333333334,0.15366136480307013
E01009001,10,8.25,0.08380216214146866
E01009002,12,8.75,0.009968893161125422
E01009003,25,9.083333333333334,0.03690545751719644
E01009005,3,6.416666666666667,0.12234433010870888
E01009006,8,10.833333333333334,0.023525625915100067
E01009007,48,36.916666666666664,0.0624385092119191
E01009008,2,3.0,0.006139364714327829
E01009009,2,4.5,0.03598661642031287
E01009011,17,17.916666666666668,0.0
E01009012,3,3.6666666666666665,0.13025190628808087
E01009013,16,22.75,0.11417488709841919
E01009014,15,12.75,0.07468242162900807
E01009015,25,27.166666666666668,0.0
E01009016,14,12.083333333333334,0.06413945747808737
E01009017,11,5.75,0.0
E01009018,20,23.25,0.0
E01009019,9,10.916666666666666,0.03790522151648756
E01009020,8,8.333333333333334,0.0
E01009021,15,11.916666666666666,0.05907673947281389
E01009022,8,11.083333333333334,0.0
E01009023,8,6.083333333333333,0.0
E01009024,9,14.916666666666666,0.0
E01009025,11,9.083333333333334,0.17085218499701268
E01009026,17,11.416666666666666,0.04941786935541055
E01009028,9,6.166666666666667,0.07301490949568727
E01009029,9,9.916666666666666,0.0
E01009030,5,5.5,0.0
E01009031,5,4.916666666666667,0.15614297804576638
E01009032,6,4.083333333333333,0.0
E01009033,6,7.666666666666667,0.0
E01009034,3,5.666666666666667,0.0603821749231109
E01009035,11,9.333333333333334,0.0
E01009036,3,4.583333333333333,0.10555222316516566
E01009037,7,7.666666666666667,0.031839866625279226
E01009039,3,4.583333333333333,0.0
E01009040,6,4.25,0.0
E01009041,6,5.333333333333333,0.0
E01009042,6,3.75,0.12871655366419615
E01009043,18,10.333333333333334,0.08393155840326674
E01009044,11,14.416666666666666,0.0
E01009045,28,16.833333333333332,0.0
E01009046,12,5.25,0.07147354812742204
E01009047,13,12.75,0.05642406421809094
E01009048,20,13.333333333333334,0.007645265366502042
E01009049,10,10.333333333333334,0.0
E01009050,16,16.083333333333332,0.0
E01009051,27,18.166666666666668,0.10032769540081074
E01009053,23,23.5,0.2051604899893292
E01009054,5,8.833333333333334,0.0
E01009056,15,15.916666666666666,0.07245546683930738
E01009057,4,10.916666666666666,0.006967469547562409
E01009058,16,12.083333333333334,0.016893892549709286
E01009059,19,16.333333333333332,0.0
E01009060,7,5.0,0.11114899070931256
E01009061,6,6.25,0.012587341257780868
E01009062,9,11.833333333333334,0.045228605285244694
E01009064,5,4.583333333333333,0.0
E01009065,26,9.916666666666666,0.0
E01009066,6,6.666666666666667,0.0
E01009067,7,3.25,0.07308128548455121
E01009068,4,4.583333333333333,0.0
E01009069,24,25.083333333333332,0.12529205511125488
E01009070,2,5.416666666666667,0.0
E01009071,4,7.666666666666667,0.0
E01009072,7,3.75,0.0009596448359966165
E01009073,11,11.5,0.0
E01009074,3,8.083333333333334,0.0
E01009075,6,16.666666666666668,0.0
E01009077,3,9.333333333333334,0.0745228938285036
E01009078,6,9.25,0.0749110972608019
E01009079,14,16.583333333333332,0.0
E01009080,2,6.5,0.005721874381459265
E01009081,8,6.083333333333333,0.0
E01009082,17,11.666666666666666,0.0
E01009083,7,15.833333333333334,0.0
E01009084,12,3.4166666666666665,0.12832312577976274
E01009085,12,7.25,0.0
E01009086,15,14.25,0.0
E01009087,15,27.083333333333332,0.00759328985250983
E01009088,9,8.416666666666666,0.0
E01009089,7,6.5,0.05946995136856173
E01009090,30,33.25,0.0
E01009091,4,10.083333333333334,0.0
E01009092,9,11.333333333333334,0.07427301480170466
E01009093,12,13.583333333333334,0.0
E01009094,8,6.583333333333333,0.08030224322469104
E01009095,31,30.916666666666668,0.10137348826835946
E01009096,12,7.25,0.0
E01009097,16,14.5,0.0847131163783702
E01009098,14,16.083333333333332,0.0
E01009099,7,10.75,0.040181450147415795
E01009100,18,12.75,0.01584617794127178
E01009101,33,31.083333333333332,0.01496175731291198
E01009102,43,27.416666666666668,0.10582159458154612
E01009103,9,7.0,0.13045201691732627
E01009104,4,10.75,0.17892974515232968
E01009105,9,5.166666666666667,0.04639097623427707
E01009106,6,3.0833333333333335,0.0
E01009107,10,7.333333333333333,0.0
E01009108,3,3.6666666666666665,0.0
E01009109,0,7.166666666666667,0.013342050260534137
E01009110,11,8.916666666666666,0.0
E01009111,3,7.166666666666667,0.14364991360308774
E01009112,9,7.083333333333333,0.0
E01009113,27,12.5,0.0
E01009114,6,8.25,0.0
E01009115,8,8.333333333333334,0.12366694312844213
E01009116,3,6.166666666666667,0.06202034746749764
E01009117,11,15.666666666666666,0.07689070952977983
E01009118,5,4.833333333333333,0.0
E01009119,20,16.916666666666668,0.14141343948656557
E01009120,11,7.666666666666667,0.0
E01009121,0,0.0,0.11123915170143392
E01009122,9,8.0,0.025598614755597795
E01009123,8,6.083333333333333,0.0
E01009124,8,9.416666666666666,0.024779578635809228
E01009125,5,7.25,0.06995702477593521
E01009126,4,4.0,0.0
E01009127,2,8.666666666666666,0.1350536721563448
E01009128,15,10.916666666666666,0.013733810417187402
E01009129,8,6.833333333333333,0.0
E01009130,10,13.25,0.0
E01009131,5,9.166666666666666,0.00678858032749181
E01009132,4,11.5,0.030196445810353342
E01009133,10,9.25,0.0
E01009134,10,13.083333333333334,0.08920700977655632
E01009135,4,4.666666666666667,0.0
E01009136,16,12.25,0.17176616698064473
E01009137,16,11.833333333333334,0.06199010497284302
E01009138,9,13.666666666666666,0.12944002392533
E01009139,3,6.0,0.0
E01009140,16,18.333333333333332,0.01908532392369005
E01009141,19,11.083333333333334,0.0
E01009143,11,15.916666666666666,0.06416519727563393
E01009145,8,9.833333333333334,0.13509749443983843
E01009146,78,59.833333333333336,0.036350183858880974
E01009147,15,18.166666666666668,0.0
E01009151,15,12.083333333333334,0.13798258847358952
E01009152,10,13.166666666666666,0.0
E01009153,32,27.5,0.12547288039482163
E01009155,10,9.583333333333334,0.03894645172910796
E01009157,8,7.416666666666667,0.12005406168231761
E01009158,19,15.5,0.0
E01009159,21,25.416666666666668,0.0
E01009160,17,14.5,0.05651023931506404
E01009161,12,8.5,0.15704809362601885
E01009162,5,8.25,0.0
E01009163,0,0.0,0.0
E01009164,4,5.416666666666667,0.04674936897115982
E01009165,10,8.75,0.15294950418256129
E01009166,7,3.3333333333333335,0.110150701860645
E01009167,7,8.833333333333334,0.17268681603919936
E01009168,5,4.5,0.0
E01009169,1,6.0,0.0
E01009170,5,3.9166666666666665,0.043500342618514605
E01009171,10,7.166666666666667,0.11567848861575936
E01009172,11,11.25,0.0
E01009173,18,8.666666666666666,0.0
E01009174,7,7.166666666666667,0.1055982966299647
E01009175,11,9.166666666666666,0.0
E01009176,25,17.583333333333332,0.008671451113060856
E01009177,4,3.9166666666666665,0.012402780386226922
E01009178,52,33.5,0.10928173997803874
E01009179,9,5.75,0.08423435425035292
E01009182,27,16.166666666666668,0.0004546242643981985
E01009183,1,5.5,0.04877468421435767
E01009184,13,15.5,0.06779906367103605
E01009185,6,5.833333333333333,0.030161446208825434
E01009186,12,17.166666666666668,0.08886760078004176
E01009187,1,6.166666666666667,0.0
E01009188,11,8.333333333333334,0.0
E01009189,7,5.333333333333333,0.0
E01009192,9,11.75,0.0
E01009194,0,0.0,5.938065683558369e-05
E01009195,8,10.166666666666666,0.12980349878594258
E01009197,13,7.416666666666667,0.08057398584266401
E01009198,0,0.0,0.08671218126061414
E01009199,16,11.666666666666666,0.0
E01009200,42,39.583333333333336,0.0791303025807524
E01009201,14,20.333333333333332,0.02344591304145692
E01009202,14,22.0,0.0
E01009203,0,0.0,0.0
E01009204,3,11.333333333333334,0.05812082467284484
E01009205,9,4.416666666666667,0.1587858714357925
E01009206,16,15.0,0.0
E01009207,7,6.166666666666667,0.0
E01009208,7,9.5,0.10971570776786485
E01009209,7,13.5,0.0
E01009210,18,13.25,0.13495574083472858
E01009211,1,3.8333333333333335,0.07161420491870119
E01009212,18,19.25,0.18609489395715564
E01009213,7,14.333333333333334,0.011689284358210497
E01009214,7,12.333333333333334,0.08215865426204441
E01009215,13,11.333333333333334,0.020302431068658016
E01009216,13,12.833333333333334,0.0741051644205059
E01009217,3,2.25,0.0
E01009218,10,3.25,0.0
E01009219,48,40.833333333333336,0.1135055368899233
E01009220,1,5.083333333333333,0.022410597242300958
E01009221,15,8.833333333333334,0.1172228872972817
E01009222,8,9.416666666666666,0.09628560615857787
E01009223,6,9.75,0.07567411680366251
E01009224,4,4.416666666666667,0.0
E01009225,7,6.25,0.08319554721272303
E01009226,3,4.25,0.011658795715608232
E01009227,8,7.0,0.1372818000470893
E01009228,16,9.5,0.1518174834598478
E01009229,3,4.666666666666667,0.0
E01009230,6,8.333333333333334,0.11887334812448834
E01009231,8,5.75,0.0
E01009232,12,6.083333333333333,0.0
E01009233,6,9.583333333333334,0.03877300470719014
E01009234,0,4.666666666666667,0.0
E01009235,6,4.416666666666667,0.08591501018033973
E01009236,5,4.166666666666667,0.0
E01009237,31,19.083333333333332,0.0
E01009238,2,3.5833333333333335,0.03399182736384493
E01009239,49,48.25,0.19563856391624554
E01009240,10,4.166666666666667,0.1363333708172472
E01009241,10,6.25,0.0786596555939957
E01009242,37,34.833333333333336,0.14633985955230466
E01009243,8,7.75,0.0
E01009244,9,6.75,0.0
E01009245,7,3.0,0.0
E01009246,6,5.083333333333333,0.02420170023788001
E01009247,4,3.9166666666666665,0.06319897936185391
E01009248,3,4.0,0.0
E01009249,3,4.416666666666667,0.08122456986813376
E01009250,8,5.666666666666667,0.02198168701199204
E01009251,4,9.5,0.0
E01009252,5,5.25,0.0
E01009253,10,12.166666666666666,0.13511355179967416
E01009254,17,14.416666666666666,0.10671174641872218
E01009255,14,9.0,0.14292394652334475
E01009256,12,10.166666666666666,0.0
E01009257,4,7.25,0.16679912600030808
E01009258,12,10.083333333333334,0.0
E01009259,11,13.916666666666666,0.0
E01009260,7,5.833333333333333,0.16510349772876756
E01009261,22,14.166666666666666,0.0
E01009262,6,6.416666666666667,0.0678701133677394
E01009263,9,11.916666666666666,0.0
E01009264,7,7.25,0.043800925275528424
E01009265,6,10.0,0.1484275519581414
E01009266,18,18.5,0.0
E01009267,3,5.25,0.06536514722473893
E01009268,10,7.166666666666667,0.0
E01009269,11,12.75,0.07214036604337895
E01009270,20,16.083333333333332,0.0
E01009271,8,8.333333333333334,0.0
E01009272,8,10.583333333333334,0.0
E01009273,13,11.75,0.0
E01009274,20,14.5,0.1600395635829366
E01009275,21,21.0,0.026311883540863307
E01009276,4,5.25,0.0
E01009278,11,9.333333333333334,0.009924937925101927
E01009279,8,5.666666666666667,0.0
E01009280,10,9.916666666666666,0.10031602336558999
E01009281,1,4.75,0.15429407517599078
E01009282,14,14.416666666666666,0.02064801944068438
E01009283,10,12.083333333333334,0.14119729601798192
E01009284,65,53.666666666666664,0.16582378938473774
E01009286,18,10.166666666666666,0.0
E01009288,3,3.4166666666666665,0.0664859834318418
E01009289,37,22.0,0.06390787238564805
E01009290,12,7.666666666666667,0.06604836659232417
E01009291,4,5.25,0.13119517818293064
E01009292,10,4.833333333333333,0.0
E01009293,4,10.25,0.14825076938752466
E01009294,21,11.666666666666666,0.10695393630989905
E01009295,14,13.416666666666666,0.0330976945926084
E01009296,6,10.333333333333334,0.05909093191988854
E01009297,10,8.833333333333334,0.0
E01009298,12,13.333333333333334,0.18136859795066376
E01009299,17,20.916666666666668,0.107134357760662
E01009300,14,15.333333333333334,0.0
E01009301,15,13.5,0.0
E01009302,6,7.166666666666667,0.05649988694332169
E01009303,10,15.583333333333334,0.0
E01009304,10,12.333333333333334,0.0
E01009305,18,15.666666666666666,0.02764732629245282
E01009306,6,10.916666666666666,0.0
E01009307,14,11.083333333333334,0.011655152834082225
E01009308,14,10.25,0.0
E01009309,11,16.916666666666668,0.0
E01009310,14,10.0,0.08396006311587494
E01009311,7,12.75,0.03907308130810153
E01009312,8,4.333333333333333,0.0
E01009313,13,7.416666666666667,0.0
E01009314,15,18.166666666666668,0.07698669073855324
E01009315,25,19.5,0.0
E01009316,8,12.416666666666666,0.0
E01009317,7,12.5,0.0
E01009318,0,2.4166666666666665,0.10027265501949761
E01009319,8,5.333333333333333,0.09023853317521538
E01009320,64,50.916666666666664,0.21457405647464126
E01009321,8,9.0,0.0893929534624047
E01009322,10,16.833333333333332,0.09663100473761307
E01009323,17,8.666666666666666,0.016685689832322985
E01009324,8,4.333333333333333,0.05447750666156975
E01009325,6,9.25,0.0
E01009326,1,3.1666666666666665,0.04505806120393036
E01009327,9,3.0833333333333335,0.09175523726777668
E01009328,9,7.083333333333333,0.019386256130740066
E01009329,14,11.5,0.0
E01009331,8,6.333333333333333,0.0
E01009332,34,41.666666666666664,0.15624501513934824
E01009333,17,7.75,0.0789335780058472
E01009334,21,12.333333333333334,0.14485798238561692
E01009335,19,14.25,0.0
E01009337,2,2.9166666666666665,0.08887000022202632
E01009338,10,11.583333333333334,0.049933170482022525
E01009339,14,17.666666666666668,0.1629344128418905
E01009340,0,0.0,0.00834363248868622
E01009341,47,39.25,0.1121158934048517
E01009342,12,7.166666666666667,0.042868681247877176
E01009343,15,23.666666666666668,0.13920830579426127
E01009344,11,10.5,0.16798505247140058
E01009345,39,24.166666666666668,0.0
E01009346,21,20.666666666666668,0.0
E01009347,20,34.416666666666664,0.2249371356971392
E01009348,9,11.666666666666666,0.0407159196808644
E01009349,14,12.916666666666666,0.06962626839820511
E01009350,19,8.916666666666666,0.01899562209783348
E01009351,6,8.666666666666666,0.0
E01009352,11,17.833333333333332,0.12896389676442963
E01009353,2,10.916666666666666,0.10387934635034562
E01009354,32,24.833333333333332,0.01110001890191481
E01009355,18,20.75,0.0
E01009358,22,22.0,0.16122993751955758
E01009359,34,25.583333333333332,0.0
E01009360,26,27.083333333333332,0.18804440456594002
E01009361,23,17.75,0.0
E01009362,19,21.083333333333332,0.08527805077255428
E01009363,10,11.833333333333334,0.16300510332629878
E01009364,19,17.666666666666668,0.10152021609946071
E01009365,23,24.583333333333332,0.04123753979363784
E01009366,19,13.25,0.09292286190047463
E01009367,15,14.75,0.0
E01009368,14,6.916666666666667,0.0
E01009371,29,20.5,0.20479994822503986
E01009372,3,7.833333333333333,0.09655709657099233
E01009373,5,3.0833333333333335,0.051807918821258826
E01009374,19,8.666666666666666,0.0
E01009375,12,11.916666666666666,0.0
E01009376,11,16.583333333333332,0.0
E01009377,7,6.416666666666667,0.033718654248611056
E01009378,0,0.0,0.07860981631171532
E01009379,27,22.166666666666668,0.07154489798142144
E01009380,17,10.083333333333334,0.12967938640368945
E01009382,19,18.166666666666668,0.0
E01009383,0,3.0,0.0
E01009384,5,10.083333333333334,0.0
E01009385,9,12.083333333333334,0.01706916647344643
E01009389,9,4.333333333333333,0.0
E01009390,10,5.416666666666667,0.1509820644831158
E01009391,10,11.25,0.0
E01009392,0,6.416666666666667,0.14415661025904686
E01009393,21,10.333333333333334,0.005892237733503978
E01009394,5,4.166666666666667,0.15699767998563777
E01009395,9,11.5,0.04751712946310292
E01009396,11,10.25,0.1571473416750602
E01009397,19,15.166666666666666,0.0
E01009399,12,6.916666666666667,0.09329677226933013
E01009400,18,14.0,0.15901907436123774
E01009401,15,12.666666666666666,0.0
E01009403,8,5.083333333333333,0.0
E01009404,6,7.416666666666667,0.0
E01009405,9,9.5,0.15595987506056552
E01009406,10,12.666666666666666,0.04719090568471157
E01009407,3,13.25,0.04429953834536973
E01009408,6,17.916666666666668,0.0
E01009409,8,14.083333333333334,0.0
E01009410,23,23.5,0.15700210887480642
E01009411,8,8.333333333333334,0.0
E01009412,38,27.5,0.11500184968047471
E01009413,26,21.666666666666668,0.18335522440173363
E01009414,15,15.916666666666666,0.0
E01009415,4,2.75,0.057066541277061004
E01009416,2,5.083333333333333,0.0
E01009417,4,3.4166666666666665,0.040425703958723205
E01009418,2,3.4166666666666665,0.0
E01009419,3,2.3333333333333335,0.07713671455963392
E01009420,9,1.6666666666666667,0.0
E01009421,2,1.8333333333333333,0.0
E01009422,5,6.166666666666667,0.04661301382171358
E01009423,8,9.5,0.0
E01009424,10,14.416666666666666,0.11172926801667661
E01009425,12,10.333333333333334,0.0
E01009426,0,1.9166666666666667,0.053928160377999315
E01009427,8,5.5,0.0
E01009428,2,1.25,0.0598374297646268
E01009429,2,2.8333333333333335,0.0
E01009430,6,2.75,0.0
E01009431,4,2.4166666666666665,0.0
E01009432,23,17.666666666666668,0.12259604046692155
E01009433,4,3.3333333333333335,0.0
E01009434,4,2.4166666666666665,0.12109264712388085
E01009435,1,4.083333333333333,0.12865969463087473
E01009436,3,2.0833333333333335,0.0
E01009437,1,7.666666666666667,0.05502019311901042
E01009438,2,1.5833333333333333,0.0
E01009439,5,6.833333333333333,0.0
E01009440,2,2.0,0.0694399300547364
E01009441,8,9.25,0.0730027508751155
E01009442,2,2.5,0.04421446482742579
E01009443,9,11.833333333333334,0.0
E01009444,6,5.916666666666667,0.0
E01009445,10,9.833333333333334,0.0
E01009446,6,6.166666666666667,0.08249069734350738
E01009447,8,9.0,0.025661989456978347
E01009448,15,7.75,0.08372290812057094
E01009449,53,40.166666666666664,0.034004899126519286
E01009450,8,5.5,0.0
E01009451,6,6.25,0.0
E01009452,7,7.25,0.0
E01009453,5,3.4166666666666665,0.0
E01009454,5,10.083333333333334,0.11843523687736515
E01009455,5,6.083333333333333,0.1357465911381672
E01009456,4,4.166666666666667,0.016805934699850582
E01009457,4,1.9166666666666667,0.0
E01009458,1,2.4166666666666665,0.0
E01009459,1,2.6666666666666665,0.12101918288142106
E01009460,3,5.416666666666667,0.0
E01009461,0,1.5,0.13750758246632958
E01009462,13,26.083333333333332,0.06775602906322012
E01009463,15,12.583333333333334,0.0
E01009464,3,3.75,0.13747192646096312
E01009465,2,4.0,0.0
E01009466,4,3.3333333333333335,0.03349982046798401
E01009467,3,6.583333333333333,0.032597652564135604
E01009468,4,3.1666666666666665,0.0
E01009469,1,3.8333333333333335,0.0
E01009470,0,2.5833333333333335,0.05271027458875592
E01009471,4,3.8333333333333335,0.0785725638729248
E01009472,4,2.5833333333333335,0.0
E01009473,19,30.25,0.21338762349316986
E01009474,10,10.25,0.0
E01009475,3,7.5,0.0
E01009476,39,22.166666666666668,0.0
E01009477,11,6.666666666666667,0.0
E01009478,22,15.166666666666666,0.0
E01009479,15,11.5,0.17720459130828825
E01009480,5,8.416666666666666,0.0
E01009481,20,18.833333333333332,0.0
E01009482,4,6.583333333333333,0.0
E01009483,8,12.166666666666666,0.09895207512748284
E01009484,11,14.083333333333334,0.14470128644045682
E01009485,13,5.833333333333333,0.0
E01009486,22,12.5,0.0
E01009487,8,8.333333333333334,0.0
E01009488,7,6.416666666666667,0.0
E01009489,9,7.833333333333333,0.0
E01009490,5,11.416666666666666,0.01052524157915095
E01009491,19,12.833333333333334,0.0
E01009492,18,10.666666666666666,0.033815289980852245
E01009493,12,10.083333333333334,0.0
E01009494,10,8.416666666666666,0.15506887914921041
E01009495,8,8.75,0.1455981143969313
E01009496,4,4.166666666666667,0.03138227151221217
E01009497,7,7.666666666666667,0.0
E01009498,4,7.916666666666667,0.0
E01009499,9,8.083333333333334,0.0
E01009500,5,8.75,0.09208872065953516
E01009501,17,13.916666666666666,0.023368768285953016
E01009502,13,9.666666666666666,0.13332880477281706
E01009503,11,8.75,0.15704335979816128
E01009504,6,5.75,0.0
E01009505,14,10.583333333333334,0.0470130620357478
E01009506,3,2.6666666666666665,0.0
E01009507,13,24.25,0.0
E01009508,5,2.8333333333333335,0.0
E01009509,19,16.5,0.0
E01009510,18,13.666666666666666,0.1501647904663726
E01009511,16,10.916666666666666,0.0
E01009512,14,11.333333333333334,0.01754424329060437
E01009513,12,14.583333333333334,0.07140131216971593
E01009514,16,7.75,0.07865239086512789
E01009515,5,8.25,0.0
E01009516,13,4.666666666666667,0.1234310134275796
E01009517,20,12.833333333333334,0.05542430055132051
E01009518,12,7.833333333333333,0.003172361351321557
E01009519,2,3.5833333333333335,0.0
E01009520,8,5.166666666666667,0.0034689861447992094
E01009521,9,5.833333333333333,0.11209736825742037
E01009522,4,5.416666666666667,0.04910487747818869
E01009523,3,2.8333333333333335,0.10736023532490471
E01009524,5,9.666666666666666,0.024513322000839527
E01009525,4,2.5,0.0
E01009526,4,10.0,0.0
E01009527,3,5.0,0.0
E01009528,5,3.25,0.06824268465641418
E01009529,2,3.75,0.09728436719067324
E01009530,2,2.9166666666666665,0.0
E01009531,10,5.666666666666667,0.014119174677312543
E01009532,4,5.0,0.0
E01009535,5,12.083333333333334,0.006044111331738183
E01009536,2,2.8333333333333335,0.0
E01009537,5,4.25,0.0
E01009538,13,8.833333333333334,0.0
E01009539,19,18.166666666666668,0.0
E01009540,20,16.833333333333332,0.0
E01009541,15,19.916666666666668,0.0
E01009542,23,17.0,0.08444651542780868
E01009543,26,28.25,0.02180080547781542
E01009544,7,7.666666666666667,0.16280982304476568
E01009548,22,17.916666666666668,0.0
E01009549,4,4.833333333333333,0.0
E01009550,2,5.583333333333333,0.0
E01009552,3,4.416666666666667,0.0
E01009553,29,30.583333333333332,0.18500121557842875
E01009554,1,2.6666666666666665,0.0
E01009555,4,5.833333333333333,0.1479305664314737
E01009556,6,13.916666666666666,0.15549937495838784
E01009557,2,1.9166666666666667,0.01587317722996236
E01009558,4,3.4166666666666665,0.022377833280826948
E01009559,4,5.0,0.059741904897733726
E01009560,1,2.5833333333333335,0.0
E01009561,8,6.833333333333333,0.06276500663423529
E01009562,4,4.166666666666667,0.0
E01009563,9,3.6666666666666665,0.0
E01009564,14,15.75,0.030035989120156793
E01009565,14,3.8333333333333335,0.02531989514015704
E01009566,11,18.75,0.16737727214157128
E01009567,21,12.333333333333334,0.0
E01009568,6,10.166666666666666,0.12446505178030334
E01009569,28,21.416666666666668,0.0
E01009570,21,12.666666666666666,0.0027000321805895067
E01009571,16,7.416666666666667,0.0
E01009572,0,0.0,0.0
E01009573,1,5.916666666666667,0.0
E01009574,14,12.083333333333334,0.033958298347376306
E01009575,33,22.5,0.1517311529984009
E01009576,10,6.083333333333333,0.0
E01009577,11,9.5,0.023040275990144684
E01009578,20,11.916666666666666,0.1370639340103412
E01009579,15,10.75,0.09107576961481591
E01009580,68,52.416666666666664,0.1397990578700656
E01009581,9,8.75,0.0
E01009582,19,24.5,0.1821598113068354
E01009583,10,12.416666666666666,0.056900631734203115
E01009584,10,6.083333333333333,0.0
E01009585,14,8.916666666666666,0.0
E01009586,8,8.0,0.1127135714982927
E01009587,11,9.5,0.0
E01009588,5,6.25,0.16463831612225455
E01009589,9,11.416666666666666,0.0
E01009590,9,7.333333333333333,0.10877973203504857
E01009591,3,5.75,0.0
E01009592,4,6.833333333333333,0.016263176601118708
E01009593,9,9.0,0.13869052365896964
E01009594,8,2.9166666666666665,0.0
E01009596,13,7.583333333333333,0.031887726918482025
E01009597,12,6.833333333333333,0.0
E01009598,5,4.583333333333333,0.0
E01009599,8,3.8333333333333335,0.0
E01009604,7,5.916666666666667,0.07027835268851293
E01009605,9,11.166666666666666,0.0
E01009606,5,5.666666666666667,0.0
E01009607,15,19.916666666666668,0.027495485654136828
E01009608,5,5.75,0.060000918794987805
E01009609,4,7.083333333333333,0.08290034568980213
E01009610,9,7.25,0.0
E01009611,0,0.0,0.0
E01009612,7,12.75,0.16682085661142465
E01009613,2,2.75,0.0
E01009614,4,2.4166666666666665,0.11258140448787912
E01009615,14,21.75,0.16824453198620315
E01009616,5,7.083333333333333,0.10103552554418634
E01009617,3,6.0,0.0
E01009618,1,4.0,0.10742726018496955
E01009619,0,0.0,0.08077516777247601
E01009620,20,8.0,0.050790541849284054
E01009621,7,5.583333333333333,0.0
E01009622,4,7.75,0.0
E01009623,12,5.25,0.0
E01009624,8,13.25,0.03898971929911149
E01009625,4,5.0,0.03918679066384078
E01009626,4,7.166666666666667,0.0
E01009627,5,8.5,0.015742217922768156
E01009628,0,4.75,0.0
E01009629,0,0.0,0.04230181719621037
E01009630,12,8.666666666666666,0.1439658775578395
E01009631,8,8.333333333333334,0.0
E01009632,15,21.083333333333332,0.021805269416843118
E01009633,12,10.25,0.0
E01009634,16,10.25,0.06538061354466759
E01009635,0,0.0,0.06866115284657873
E01009636,23,14.25,0.16835812461026417
E01009637,3,2.9166666666666665,0.0
E01009638,38,34.916666666666664,0.23009624903565534
E01009639,6,7.416666666666667,0.0
E01009640,7,9.75,0.05744078863060576
E01009641,27,20.416666666666668,0.0
E01009642,0,0.0,0.11813225632858346
E01009643,3,3.3333333333333335,0.018015069128274122
E01009644,1,1.6666666666666667,0.05534068123246778
E01009645,2,2.25,0.10559601537803481
E01009646,3,4.166666666666667,0.0
E01009647,19,19.0,0.0
E01009648,3,5.0,0.12727287178474245
E01009649,2,3.6666666666666665,0.0
E01009650,14,14.083333333333334,0.0
E01009651,7,12.583333333333334,0.02478649995352447
E01009652,1,3.5833333333333335,0.03924460111660785
E01009653,5,2.9166666666666665,0.0
E01009654,1,2.8333333333333335,0.0
E01009655,10,8.166666666666666,0.0
E01009656,6,11.416666666666666,0.007173422383507915
E01009657,5,3.0,0.12669512552640536
E01009658,6,5.583333333333333,0.15999191306022773
E01009659,16,8.5,0.06424876366959585
E01009660,9,11.5,0.0
E01009661,12,16.583333333333332,0.16688976823589965
E01009662,12,13.083333333333334,0.040483328588505334
E01009663,4,2.8333333333333335,0.0
E01009664,7,6.416666666666667,0.1439822784494698
E01009665,2,2.25,0.08336455282182997
E01009666,3,2.1666666666666665,0.0754086106216631
E01009667,3,2.3333333333333335,0.06910485754340193
E01009668,3,6.25,0.0
E01009669,1,2.0833333333333335,0.0
E01009670,4,1.75,0.0612508843319869
E01009671,8,5.666666666666667,0.0
E01009672,8,4.833333333333333,0.0
E01009674,8,4.333333333333333,0.09639460528761765
E01009676,5,4.583333333333333,0.09766023943933186
E01009679,8,9.916666666666666,0.012968778979350098
E01009681,13,6.75,0.10602849429727074
E01009682,1,3.0,0.1097516556659491
E01009683,11,8.416666666666666,0.06934041420360422
E01009684,8,3.9166666666666665,0.0
E01009685,7,6.916666666666667,0.0
E01009686,12,15.75,0.0
E01009687,2,2.4166666666666665,0.0
E01009688,6,7.5,0.0
E01009689,11,11.5,0.0
E01009690,1,4.833333333333333,0.0
E01009691,1,2.6666666666666665,0.12978914596748578
E01009692,4,1.25,0.0
E01009693,3,2.5833333333333335,0.07311144998984352
E01009694,0,1.75,0.06094788612774872
E01009695,2,4.666666666666667,0.0
E01009696,1,3.0,0.1349368382782721
E01009697,4,3.5,0.030067630254666654
E01009698,5,1.3333333333333333,0.0
E01009699,8,4.083333333333333,0.0880752062574829
E01009700,12,11.5,0.0
E01009701,12,6.916666666666667,0.07687808152895624
E01009702,10,9.416666666666666,0.0
E01009703,0,0.0,0.1018224112827816
E01009704,4,2.9166666666666665,0.0
E01009705,1,1.0833333333333333,0.04395638870974132
E01009706,4,4.083333333333333,0.0
E01009707,1,2.8333333333333335,0.060833613003703595
E01009708,2,4.0,0.09255890517669242
E01009709,6,6.833333333333333,0.010562277680198275
E01009710,3,5.0,0.04892660522942512
E01009711,6,7.0,0.005949716361961108
E01009712,5,3.75,0.12843380678551874
E01009713,6,3.8333333333333335,0.009793958962642324
E01009714,5,7.166666666666667,0.1220481695242501
E01009715,6,7.75,0.11149883589794914
E01009716,8,4.333333333333333,0.0
E01009717,14,9.333333333333334,0.0
E01009718,14,7.25,0.0
E01009719,3,2.8333333333333335,0.10557671193873525
E01009720,1,2.5,0.0
E01009721,14,9.166666666666666,0.03227987177728399
E01009722,1,1.75,0.09659200919203463
E01009723,6,8.416666666666666,0.0
E01009724,4,2.4166666666666665,0.049240346306071194
E01009725,7,7.833333333333333,0.0
E01009726,4,2.6666666666666665,0.0
E01009727,3,5.0,0.10192379553874373
E01009728,0,1.4166666666666667,0.0
E01009729,9,4.333333333333333,0.0
E01009730,1,2.4166666666666665,0.113110281804494
E01009731,2,5.75,0.0
E01009732,8,10.083333333333334,0.16935746967620344
E01009733,16,23.0,0.20651952928223727
E01009734,24,17.75,0.0
E01009735,6,6.583333333333333,0.0
E01009736,2,2.4166666666666665,0.06809644046687569
E01009737,2,2.4166666666666665,0.0
E01009738,1,3.5833333333333335,0.0
E01009739,3,4.5,0.07450452090321097
E01009740,7,12.0,0.0
E01009741,82,54.75,0.26007238886688333
E01009742,13,6.083333333333333,0.0
E01009743,8,8.5,0.0
E01009744,40,34.333333333333336,0.0
E01009745,3,4.916666666666667,0.15146162675832536
E01009746,14,15.666666666666666,0.10059086251026583
E01009747,13,6.25,0.10742212065269953
E01009748,27,20.0,0.023724607763373193
E01009749,18,10.666666666666666,0.0
E01009750,0,4.333333333333333,0.0
E01009751,8,7.083333333333333,0.013473156509145674
E01009752,12,8.416666666666666,0.03845630887857669
E01009753,8,10.666666666666666,0.06856397951905184
E01009754,8,11.166666666666666,0.0
E01009756,8,6.166666666666667,0.15138007548432428
E01009757,35,39.75,0.009115347148691
E01009758,7,6.25,0.15670661244353223
E01009759,7,2.6666666666666665,0.0
E01009760,2,3.0,0.002502824351585777
E01009762,5,4.666666666666667,0.0
E01009763,10,9.833333333333334,0.011500462600485994
E01009764,7,4.166666666666667,0.03253981370330907
E01009765,1,5.833333333333333,0.0
E01009766,17,4.583333333333333,0.0
E01009767,3,4.916666666666667,0.08319874383469734
E01009768,7,10.666666666666666,0.08479440894916461
E01009769,18,14.75,0.1401265422428705
E01009770,5,8.75,0.0
E01009771,3,10.666666666666666,0.06189007934944431
E01009772,3,5.25,0.039847390029287305
E01009773,26,12.416666666666666,0.0
E01009774,7,4.5,0.008064937780602414
E01009775,15,5.083333333333333,0.0
E01009776,8,12.75,0.0
E01009777,10,6.333333333333333,0.0
E01009778,3,6.583333333333333,0.0
E01009779,22,11.5,0.08622048698207692
E01009780,6,3.5,0.05774418754036622
E01009781,9,9.0,0.1596772618935581
E01009782,5,5.583333333333333,0.08409971370632933
E01009783,6,5.583333333333333,0.0
E01009784,8,6.166666666666667,0.13205740339211333
E01009785,1,2.5,0.11560681288916115
E01009786,3,6.75,0.0013676090465068215
E01009787,3,3.3333333333333335,0.03483126716563435
E01009788,4,7.416666666666667,0.16300948295790443
E01009789,2,4.25,0.021258557963703677
E01009790,13,16.083333333333332,0.16537064694784623
E01009791,2,2.5,0.0
E01009792,8,8.083333333333334,0.0
E01009793,3,2.4166666666666665,0.0
E01009794,4,3.6666666666666665,0.035406629709175075
E01009795,8,7.583333333333333,0.11550795637535174
E01009796,7,7.583333333333333,0.1671182353594677
E01009797,1,4.25,0.0
E01009798,7,10.416666666666666,0.0
E01009799,1,2.75,0.0978361413945852
E01009800,2,5.916666666666667,0.04741764053772518
E01009801,7,13.166666666666666,0.0
E01009802,3,3.1666666666666665,0.007067271393321035
E01009803,2,3.0,0.08085819046664941
E01009804,3,3.25,0.08996907932766955
E01009805,4,7.0,0.018937462814870146
E01009806,2,3.25,0.0
E01009807,3,2.6666666666666665,0.14938065621735439
E01009808,3,1.75,0.053771768090758246
E01009809,10,6.583333333333333,0.0
E01009810,4,7.083333333333333,0.0
E01009811,4,3.75,0.07953729090923375
E01009812,1,1.9166666666666667,0.0
E01009813,8,5.666666666666667,0.0
E01009814,4,1.5,0.013032725091887132
E01009815,3,2.0833333333333335,0.0
E01009816,11,9.166666666666666,0.06362051149704369
E01009817,0,2.0,0.0
E01009818,2,2.75,0.053967021776184225
E01009819,2,6.333333333333333,0.0
E01009820,5,6.166666666666667,0.0
E01009821,1,1.8333333333333333,0.0
E01009822,7,5.166666666666667,0.14414675896177792
E01009823,4,3.3333333333333335,0.11927874374186524
E01009824,2,5.666666666666667,0.0
E01009825,2,2.75,0.09099626176963511
E01009826,5,2.1666666666666665,0.03846850675690991
E01009827,1,1.4166666666666667,0.14512716303804543
E01009828,6,2.8333333333333335,0.0
E01009829,7,2.9166666666666665,0.062376491761502034
E01009830,3,7.0,0.0
E01009831,4,5.666666666666667,0.0
E01009832,9,6.166666666666667,0.15592914956988121
E01009833,4,6.666666666666667,0.02983896634955194
E01009834,20,17.083333333333332,0.0
E01009835,8,8.083333333333334,0.0
E01009836,43,27.75,0.136585832514881
E01009837,10,7.5,0.06386960504524827
E01009838,6,4.583333333333333,0.0
E01009839,10,6.833333333333333,0.15388072717462892
E01009840,8,14.25,0.0
E01009841,17,18.0,0.0
E01009842,15,10.166666666666666,0.15399151951201098
E01009843,2,6.333333333333333,0.0
E01009844,10,7.833333333333333,0.0
E01009845,1,2.0,0.01570953418372891
E01009846,1,1.0833333333333333,0.10008903937852016
E01009847,1,1.3333333333333333,0.0
E01009848,3,4.5,0.14515388810351895
E01009849,0,3.0833333333333335,0.09691378996106273
E01009850,16,9.0,0.0
E01009851,1,5.0,0.07721091637033564
E01009852,1,1.5833333333333333,0.0
E01009853,2,2.25,0.0
E01009854,1,2.5833333333333335,0.09201810053728478
E01009855,2,1.25,0.14223757439694137
E01009856,41,30.5,0.0
E01009857,2,6.083333333333333,0.0
E01009858,8,7.583333333333333,0.014922083241802726
E01009859,2,2.1666666666666665,0.0
E01009860,7,4.333333333333333,0.0
E01009861,2,4.916666666666667,0.0
E01009862,14,7.333333333333333,0.07562076058475431
E01009863,5,6.666666666666667,0.0
E01009864,9,10.916666666666666,0.0
E01009865,12,5.583333333333333,0.11000624030277746
E01009866,4,6.75,0.10913973726018558
E01009867,4,6.583333333333333,0.013835383641002449
E01009868,5,5.583333333333333,0.0
E01009869,3,4.083333333333333,0.05254144894782663
E01009870,5,4.583333333333333,0.0
E01009871,13,8.25,0.0
E01009872,8,6.666666666666667,0.08729910022241374
E01009873,5,6.75,0.0
E01009874,5,6.416666666666667,0.0
E01009875,11,6.166666666666667,0.0
E01009876,6,6.5,0.0
E01009877,10,7.916666666666667,0.0
E01009878,10,8.75,0.17255563435302754
E01009879,9,10.916666666666666,0.0
E01009880,9,12.5,0.0
E01009881,0,0.0,0.0
E01009882,3,4.0,0.1417244938707498
E01009883,4,6.916666666666667,0.024873197322378814
E01009884,44,28.5,0.037014038554411946
E01009885,11,11.916666666666666,0.1444510957987127
E01009886,15,13.416666666666666,0.005013297993922715
E01009887,9,8.25,0.0
E01009888,7,4.333333333333333,0.0
E01009889,46,28.333333333333332,0.040454039234515446
E01009890,7,8.5,0.0
E01009891,6,7.083333333333333,0.07246993580486531
E01009892,28,28.083333333333332,0.013309377062365776
E01009893,17,10.833333333333334,0.052645067950356554
E01009894,6,7.416666666666667,0.0
E01009895,8,4.5,0.0
E01009896,5,2.75,0.0
E01009897,1,2.4166666666666665,0.1376622313778706
E01009898,9,6.916666666666667,0.0
E01009899,2,1.9166666666666667,0.05443883876412352
E01009900,1,2.5833333333333335,0.0
E01009901,5,1.75,0.0
E01009902,3,1.75,0.0
E01009903,7,3.4166666666666665,0.0
E01009904,4,3.8333333333333335,0.0
E01009905,6,9.25,0.0
E01009906,12,13.0,0.11360996534439075
E01009907,1,4.166666666666667,0.0
E01009908,1,4.083333333333333,0.028456668929521242
E01009909,8,2.3333333333333335,0.0
E01009910,6,6.666666666666667,0.020109703987079928
E01009911,2,1.5833333333333333,0.023158438367828358
E01009912,1,3.25,0.0
E01009913,5,3.75,0.0
E01009914,2,2.1666666666666665,0.07591758360518933
E01009915,5,8.5,0.13451759405485475
E01009916,12,6.25,0.0
E01009917,2,1.8333333333333333,0.0
E01009918,2,3.1666666666666665,0.12795747632450274
E01009919,6,6.916666666666667,0.0
E01009920,1,3.0833333333333335,0.023787142805557777
E01009921,10,7.666666666666667,0.0
E01009922,5,3.4166666666666665,0.0
E01009923,7,3.9166666666666665,0.037459507092846435
E01009924,4,5.416666666666667,0.022284827542682944
E01009925,4,3.3333333333333335,0.0
E01009926,9,4.916666666666667,0.0
E01009927,18,37.666666666666664,0.1916018288867078
E01009928,14,10.0,0.05434488695414104
E01009929,9,10.0,0.0
E01009930,4,5.5,0.029375829980716014
E01009931,12,6.25,0.0778321498004846
E01009932,30,39.083333333333336,0.19418434901932408
E01009933,6,7.0,0.057787212805521584
E01009934,13,13.833333333333334,0.0
E01009935,55,16.333333333333332,0.10750650481261181
E01009936,4,2.75,0.06068724423044266
E01009937,20,14.333333333333334,0.0
E01009938,12,8.333333333333334,0.0
E01009939,4,6.5,0.0
E01009940,8,6.333333333333333,0.068061088089883
E01009941,4,3.3333333333333335,0.0
E01009942,19,11.083333333333334,0.05742714731640999
E01009943,4,5.083333333333333,0.13779712535531996
E01009944,8,10.083333333333334,0.11678457648453741
E01009946,7,8.0,0.14821096568237802
E01009947,14,11.916666666666666,0.1759854485057539
E01009948,12,5.333333333333333,0.0
E01009949,8,6.416666666666667,0.054286660527214696
E01009950,16,12.083333333333334,0.006739095353981747
E01009951,11,7.75,0.1290495655174111
E01009952,15,15.25,0.0
E01009953,26,22.0,0.20418636998242487
E01009954,7,8.5,0.05724688848163177
E01009955,8,10.0,0.11527827669042291
E01009956,16,12.666666666666666,0.0
E01009957,12,9.083333333333334,0.0
E01009958,3,4.583333333333333,0.08999558592024054
E01009959,0,1.6666666666666667,0.0
E01009960,10,9.916666666666666,0.12205364298972703
E01009961,0,2.5833333333333335,0.0
E01009962,4,2.0833333333333335,0.05280587172291817
E01009963,6,9.166666666666666,0.0
E01009964,13,7.666666666666667,0.054314865432452855
E01009965,2,5.75,0.07445922930925397
E01009966,7,6.583333333333333,0.0
E01009967,9,5.0,0.0
E01009968,7,4.916666666666667,0.0
E01009969,10,8.75,0.0504957307878163
E01009970,4,5.833333333333333,0.022073222132934747
E01009971,11,8.416666666666666,0.0955679915546659
E01009972,7,11.666666666666666,0.034673885026583716
E01009973,5,5.25,0.0
E01009974,5,5.416666666666667,0.0
E01009975,3,3.9166666666666665,0.0
E01009976,22,17.25,0.0
E01009977,13,14.916666666666666,0.18340482248982728
E01009978,9,17.0,0.15833566810514182
E01009979,6,10.416666666666666,0.0
E01009980,16,10.5,0.054916530342773974
E01009981,27,37.0,0.20489213094121064
E01009982,6,5.666666666666667,0.0
E01009983,6,4.916666666666667,0.0
E01009985,14,7.916666666666667,0.0
E01009986,1,6.333333333333333,0.02035528521840195
E01009987,5,5.583333333333333,0.15602800231492045
E01009988,24,21.5,0.11647953311247367
E01009989,26,18.666666666666668,0.0
E01009991,12,12.083333333333334,0.0
E01009992,7,9.416666666666666,0.10702633738555853
E01009993,4,8.416666666666666,0.12533961680519956
E01009994,9,10.833333333333334,0.06479351988016538
E01009995,22,9.583333333333334,0.06940996290981138
E01009996,6,10.333333333333334,0.0
E01009997,5,8.416666666666666,0.12146676669277869
E01009998,18,14.0,0.12458644088173199
E01009999,13,10.416666666666666,0.0
E01010000,5,6.25,0.07961367600326062
E01010001,5,8.833333333333334,0.0
E01010002,17,21.5,0.0
E01010003,8,13.166666666666666,0.0
E01010004,10,8.833333333333334,0.0
E01010005,13,9.666666666666666,0.0
E01010006,14,7.083333333333333,0.0
E01010007,15,9.833333333333334,0.029325105870723133
E01010008,5,4.166666666666667,0.004366602661570787
E01010009,3,5.416666666666667,0.0
E01010010,6,7.5,0.0
E01010011,17,13.416666666666666,0.06804670350035819
E01010012,2,3.8333333333333335,0.0
E01010013,2,3.1666666666666665,0.0
E01010014,5,6.583333333333333,0.128000208063488
E01010015,13,8.0,0.09579663715686684
E01010016,13,6.833333333333333,0.12592798612661132
E01010017,51,29.5,0.07878515367797054
E01010018,36,33.166666666666664,0.0
E01010019,10,8.25,0.08132050205434496
E01010020,10,12.666666666666666,0.0
E01010021,7,6.5,5.99871416679075e-05
E01010022,2,6.083333333333333,0.0
E01010023,5,7.083333333333333,0.11687126874231772
E01010024,12,6.583333333333333,0.0
E01010025,5,9.416666666666666,0.14655864653529643
E01010026,4,4.833333333333333,0.12242409108899104
E01010027,5,5.25,0.003663783743204977
E01010028,13,9.166666666666666,0.09825942931115637
E01010029,10,6.75,0.0542050349601432
E01010030,14,14.333333333333334,0.12993380633253232
E01010031,18,15.583333333333334,0.021954775869704214
E01010032,16,11.166666666666666,0.11613492449761889
E01010033,15,9.833333333333334,0.015500483540955134
E01010034,3,5.75,0.14793954356535802
E01010035,5,4.833333333333333,0.009066540658068209
E01010036,11,6.416666666666667,0.006250059194090295
E01010037,8,5.666666666666667,0.10094455688139221
E01010038,6,8.166666666666666,0.11870056994603317
E01010039,6,8.5,0.03948123191485882
E01010040,17,15.166666666666666,0.0
E01010041,3,8.75,0.014142393306325798
E01010042,10,7.666666666666667,0.16128816048959663
E01010043,3,3.1666666666666665,0.08451459231865052
E01010044,8,8.416666666666666,0.1162564699820658
E01010045,15,9.833333333333334,0.0
E01010046,12,14.25,0.02914214362127541
E01010047,14,13.583333333333334,0.08095617452684246
E01010048,7,10.333333333333334,0.12713409631092185
E01010049,4,4.833333333333333,0.0
E01010050,5,8.333333333333334,0.1284125457107066
E01010051,5,3.75,0.024726677030738636
E01010052,11,11.5,0.0
E01010053,11,18.166666666666668,0.0
E01010054,19,13.083333333333334,0.0
E01010055,6,6.666666666666667,0.0274024143010585
E01010056,7,10.833333333333334,0.0
E01010057,11,8.333333333333334,0.0
E01010058,5,9.833333333333334,0.12057135143414548
E01010059,13,12.916666666666666,0.0
E01010060,20,11.333333333333334,0.0
E01010061,24,28.083333333333332,0.06244574734239483
E01010062,11,13.75,0.042559718463937905
E01010063,0,0.0,0.07908314388424759
E01010064,6,9.0,0.008695078419452613
E01010065,0,0.0,0.08695938631066163
E01010066,6,7.916666666666667,0.057050728130874716
E01010067,11,9.083333333333334,0.0
E01010068,9,7.25,0.0
E01010069,18,11.25,0.011729305659426599
E01010070,5,8.166666666666666,0.0
E01010071,12,10.5,0.1016411897140507
E01010072,11,12.583333333333334,0.05846927076660405
E01010073,4,5.75,0.0
E01010074,0,0.0,0.0
E01010075,7,6.666666666666667,0.0
E01010076,10,11.666666666666666,0.054403537566120284
E01010077,13,8.916666666666666,0.0013001830893525634
E01010078,1,4.333333333333333,0.016272310267636866
E01010079,0,2.9166666666666665,0.0
E01010080,10,11.166666666666666,0.07926425492768363
E01010081,2,2.5,0.11256588626223353
E01010082,7,5.666666666666667,0.0
E01010083,6,7.0,0.016506206964789535
E01010084,5,6.333333333333333,0.1598956675200605
E01010085,2,8.5,0.0
E01010086,6,12.0,0.061174370703256715
E01010087,32,30.916666666666668,0.0
E01010088,8,6.416666666666667,0.049268778357804376
E01010089,10,6.75,0.0
E01010090,20,23.916666666666668,0.2028647562492219
E01010091,9,7.25,0.08443116123747932
E01010092,8,10.75,0.11570627166411858
E01010093,13,12.916666666666666,0.09638667225961535
E01010094,14,12.5,0.060940030850156784
E01010095,9,9.333333333333334,0.01037641994597368
E01010096,47,34.666666666666664,0.2018644748038007
E01010097,7,10.666666666666666,0.1660822266861441
E01010098,13,7.0,0.018762791086465933
E01010099,2,5.5,0.14442989555855407
E01010100,6,6.833333333333333,0.04359819461143392
E01010101,20,13.0,0.046897428897235686
E01010102,29,21.583333333333332,0.045088299133601774
E01010103,13,25.916666666666668,0.0
E01010104,8,16.75,0.0
E01010105,4,11.0,0.0
E01010106,54,49.416666666666664,0.13741456998866763
E01010107,36,39.583333333333336,0.07172216576411311
E01010108,5,5.416666666666667,0.0
E01010109,45,61.583333333333336,0.3118061692033043
E01010110,16,8.666666666666666,0.0
E01010111,10,11.5,0.01695449623307206
E01010112,18,12.583333333333334,0.0
E01010113,10,6.833333333333333,0.0
E01010114,8,27.5,0.1574697584376259
E01010115,3,5.25,0.03549390693302476
E01010116,1,1.5833333333333333,0.08252080901661599
E01010117,4,5.166666666666667,0.0
E01010118,5,4.166666666666667,0.032889071363879634
E01010119,16,7.5,0.0
E01010120,1,5.75,0.0
E01010121,12,8.666666666666666,0.0
E01010122,3,2.5,0.0
E01010123,16,28.083333333333332,0.019214999111056258
E01010124,2,2.0833333333333335,0.0
E01010125,27,29.833333333333332,0.22695508258823932
E01010126,6,6.916666666666667,0.0
E01010127,17,11.666666666666666,0.0
E01010128,7,7.083333333333333,0.0
E01010129,21,18.416666666666668,0.07643571334254273
E01010130,15,13.25,0.0
E01010131,11,12.666666666666666,0.143205176669927
E01010132,3,7.833333333333333,0.1597699309882002
E01010133,3,3.75,0.0
E01010134,4,5.25,0.0
E01010135,4,5.666666666666667,0.0
E01010136,7,3.9166666666666665,0.05287308102669445
E01010137,6,7.166666666666667,0.0
E01010138,3,3.4166666666666665,0.0
E01010139,11,11.25,0.0
E01010140,3,7.166666666666667,0.06571248011323258
E01010141,6,6.083333333333333,0.0
E01010142,16,13.583333333333334,0.0
E01010143,7,12.166666666666666,0.08984680927253848
E01010144,12,12.583333333333334,0.053769813738406586
E01010145,20,10.916666666666666,0.1373135693026184
E01010146,4,7.083333333333333,0.0
E01010147,16,10.25,0.11359746300565482
E01010148,27,10.333333333333334,0.08017932726767713
E01010149,13,7.416666666666667,0.0
E01010150,2,1.5,0.06252877736478227
E01010151,5,9.416666666666666,0.008093581084452649
E01010152,1,0.5833333333333334,0.13508309726802303
E01010153,2,3.0833333333333335,0.0
E01010154,3,4.166666666666667,0.054190457253793754
E01010155,1,1.6666666666666667,0.0
E01010156,1,1.1666666666666667,0.1402197243798036
E01010157,4,3.5,0.0
E01010158,8,14.583333333333334,0.17834731287929326
E01010159,2,2.1666666666666665,0.12634278413494232
E01010160,3,4.333333333333333,0.0
E01010161,8,3.3333333333333335,0.10013488505518618
E01010162,2,2.25,0.15480509814595084
E01010163,22,12.333333333333334,0.0
E01010164,5,4.416666666666667,0.0
E01010165,11,7.583333333333333,0.02669382178653957
E01010166,4,2.1666666666666665,0.0
E01010167,3,3.1666666666666665,0.0
E01010168,12,5.25,0.0
E01010169,12,7.583333333333333,0.0
E01010170,0,0.6666666666666666,0.0
E01010171,1,1.3333333333333333,0.0
E01010172,0,1.0833333333333333,0.11492482140986061
E01010173,2,3.4166666666666665,0.07077250062684017
E01010174,8,5.916666666666667,0.0
E01010175,7,5.333333333333333,0.05954349855359204
E01010176,1,1.6666666666666667,0.05063311892531506
E01010177,0,2.6666666666666665,0.14412423369889463
E01010178,14,15.333333333333334,0.0
E01010179,4,2.8333333333333335,0.0
E01010180,4,3.0833333333333335,0.13672936941930816
E01010181,7,7.25,0.14937254023527083
E01010183,6,9.416666666666666,0.09180532023169474
E01010184,5,5.75,0.09537880352678182
E01010185,7,2.5833333333333335,0.0
E01010186,2,2.1666666666666665,0.010059779238187709
E01010187,0,2.25,0.0
E01010188,6,11.833333333333334,0.0
E01010189,2,3.5833333333333335,0.10284376814480198
E01010190,6,1.5833333333333333,0.0
E01010191,2,4.666666666666667,0.0032967839090765998
E01010192,67,61.583333333333336,0.2991851752098993
E01010193,2,2.0833333333333335,0.0
E01010194,0,1.0833333333333333,0.1463465415238292
E01010195,2,2.5,0.15509065973376113
E01010196,5,6.25,0.03369580641832941
E01010197,7,4.666666666666667,0.0
E01010198,9,16.0,0.0
E01010199,1,4.0,0.0
E01010200,3,5.666666666666667,0.0
E01010201,7,11.916666666666666,0.0
E01010202,2,1.0,0.1443906183670846
E01010203,63,41.666666666666664,0.009413848315447212
E01010204,9,12.583333333333334,0.10424650144245717
E01010205,1,2.0833333333333335,0.0
E01010206,1,3.1666666666666665,0.03747353522760805
E01010207,2,3.9166666666666665,0.13544291479474369
E01010208,3,2.8333333333333335,0.0
E01010209,5,7.916666666666667,0.0
E01010210,2,2.3333333333333335,0.05185458486860862
E01010211,5,5.5,0.07874980300149347
E01010212,1,2.75,0.06389384609158215
E01010213,10,13.166666666666666,0.0
E01010214,6,1.3333333333333333,0.0
E01010215,2,3.5833333333333335,0.1465284183964155
E01010216,4,2.5833333333333335,0.13402092528660373
E01010217,4,5.0,0.0008035109787329006
E01010218,34,19.5,0.15693141908877062
E01010219,5,1.75,0.0
E01010220,3,2.3333333333333335,0.0
E01010221,4,3.5,0.0
E01010222,2,3.3333333333333335,0.0
E01010223,6,8.25,0.03367915279790534
E01010225,4,2.3333333333333335,0.0
E01010226,9,5.833333333333333,0.0
E01010227,2,3.6666666666666665,0.09438645272654375
E01010228,4,4.5,0.0662614921220791
E01010229,3,5.666666666666667,0.05597009507151889
E01010230,7,6.916666666666667,0.14169175894622082
E01010231,6,5.083333333333333,0.0
E01010232,2,6.0,0.033444509470734435
E01010233,8,5.333333333333333,0.10072041773452473
E01010234,6,10.916666666666666,0.04211256763414974
E01010235,7,7.333333333333333,0.0
E01010236,9,7.5,0.0
E01010237,11,10.666666666666666,0.14530044796808259
E01010238,6,9.25,0.016404494536421524
E01010239,11,4.75,0.12636266070605287
E01010240,9,6.75,0.04412714954464769
E01010241,23,21.333333333333332,0.11032068783095067
E01010242,4,4.083333333333333,0.10239197752242592
E01010243,9,3.3333333333333335,0.05681901538729818
E01010244,1,3.8333333333333335,0.0
E01010245,8,4.666666666666667,0.016791307988756343
E01010246,1,5.0,0.10452218541365077
E01010247,5,6.25,0.0
E01010248,5,3.4166666666666665,0.0
E01010249,22,23.75,0.0
E01010250,2,2.4166666666666665,0.13095278577178626
E01010251,9,7.0,0.0
E01010252,15,7.083333333333333,0.06374150124998977
E01010253,5,2.4166666666666665,0.0
E01010254,5,5.75,0.0
E01010255,0,1.25,0.05726768297452688
E01010256,9,8.583333333333334,0.0
E01010257,1,1.25,0.0315138668881521
E01010258,14,9.0,0.1061048862113027
E01010259,5,5.25,0.11275278177740941
E01010260,9,11.416666666666666,0.0
E01010261,23,12.916666666666666,0.1543810790515764
E01010262,5,6.75,0.06521534036892987
E01010263,34,19.666666666666668,0.16808331708902635
E01010264,16,9.916666666666666,0.02257446235465167
E01010265,14,10.833333333333334,0.04209514755274873
E01010266,15,4.833333333333333,0.13886639351912528
E01010267,3,4.083333333333333,0.1310864942152924
E01010268,34,31.666666666666668,0.07063560607965047
E01010269,16,5.75,0.0
E01010270,5,7.25,0.0
E01010271,10,16.416666666666668,0.011010632194669988
E01010272,3,7.333333333333333,0.0
E01010273,11,9.25,0.0
E01010274,18,13.416666666666666,0.14483509777312878
E01010275,9,9.333333333333334,0.0
E01010277,11,8.0,0.07505699944729716
E01010279,16,12.5,0.0
E01010282,10,8.75,0.0
E01010283,15,8.583333333333334,0.0
E01010284,12,10.916666666666666,0.0
E01010285,16,8.083333333333334,0.10252677495277299
E01010286,8,5.75,0.13115440457669744
E01010287,22,17.0,0.0
E01010288,8,9.75,0.015600981398905846
E01010289,7,8.833333333333334,0.015138947200395297
E01010290,5,7.0,0.1311245309431618
E01010291,5,5.333333333333333,0.09335547907435421
E01010292,33,33.25,0.09441987678281233
E01010293,4,7.416666666666667,0.07141014335768081
E01010294,7,7.333333333333333,0.12416569058877738
E01010295,8,7.083333333333333,0.0
E01010296,24,11.75,0.00284705014059862
E01010297,0,1.1666666666666667,0.12534827338566387
E01010298,4,1.8333333333333333,0.07708370285717726
E01010299,5,3.9166666666666665,0.02351242590875039
E01010300,14,15.833333333333334,0.051987030145014976
E01010301,8,8.333333333333334,0.0
E01010302,7,7.666666666666667,0.02702256970914747
E01010303,10,8.083333333333334,0.06861541345663633
E01010304,3,2.75,0.0
E01010305,9,7.583333333333333,0.08488554473416388
E01010306,22,26.166666666666668,0.1795876314350901
E01010307,2,6.083333333333333,0.0
E01010308,9,8.166666666666666,0.007691369263009146
E01010309,23,12.583333333333334,0.0066541562129228266
E01010310,10,11.416666666666666,0.08731224683977666
E01010311,18,14.416666666666666,0.0
E01010312,9,11.083333333333334,0.07224084490981533
E01010313,4,5.5,0.1282161533314219
E01010314,16,7.833333333333333,0.0
E01010315,12,11.416666666666666,0.15437751561862423
E01010316,15,9.666666666666666,0.17425894250109136
E01010317,3,4.333333333333333,0.0
E01010318,16,12.916666666666666,0.0
E01010319,1,1.8333333333333333,0.14010371904861976
E01010320,1,5.0,0.15110683395530283
E01010321,5,5.5,0.0
E01010322,1,6.916666666666667,0.0
E01010323,4,4.75,0.0
E01010324,9,9.166666666666666,0.17375280303463367
E01010325,9,9.083333333333334,0.0
E01010326,5,5.0,0.014372810027493764
E01010327,12,6.583333333333333,0.1224432131434876
E01010328,4,4.5,0.0
E01010329,6,5.583333333333333,0.04654288428969479
E01010330,6,5.416666666666667,0.0
E01010331,0,2.4166666666666665,0.1152779301371814
E01010332,1,5.666666666666667,0.0
E01010333,5,2.8333333333333335,0.06373821529074186
E01010334,1,2.6666666666666665,0.059523771340025386
E01010335,12,8.25,0.0
E01010336,8,12.083333333333334,0.0
E01010337,7,5.166666666666667,0.0
E01010338,35,15.583333333333334,0.0
E01010339,4,2.9166666666666665,0.10063163289046323
E01010340,8,5.25,0.10439821094803475
E01010341,4,6.25,0.004117845671396184
E01010342,8,4.166666666666667,0.04329410760603802
E01010343,12,5.0,0.04488638280696438
E01010344,4,4.833333333333333,0.11130235493881092
E01010345,0,3.3333333333333335,0.0
E01010346,0,1.1666666666666667,0.0
E01010347,9,9.083333333333334,0.0
E01010348,3,5.833333333333333,0.026734299797362523
E01010349,22,10.333333333333334,0.012868752042163204
E01010350,3,2.4166666666666665,0.0
E01010351,6,3.25,0.0
E01010352,6,5.916666666666667,0.08168454701994143
E01010353,4,6.416666666666667,0.0
E01010354,4,6.75,0.0
E01010355,2,2.1666666666666665,0.0
E01010356,5,5.416666666666667,0.0
E01010357,5,2.9166666666666665,0.03309578819875525
E01010358,5,3.0,0.0
E01010359,2,2.3333333333333335,0.0
E01010360,2,3.1666666666666665,0.019769530888103633
E01010361,11,12.916666666666666,0.0
E01010362,10,10.25,0.0
E01010363,41,37.916666666666664,0.2173245749446398
E01010364,16,11.666666666666666,0.011870342874828903
E01010365,18,13.25,0.00969068211861182
E01010366,12,12.583333333333334,0.0
E01010367,9,6.916666666666667,0.01821802119127806
E01010368,133,124.25,0.3544228375538375
E01010369,23,29.0,0.09658172374954353
E01010370,33,20.166666666666668,0.11699708044077549
E01010371,0,0.0,0.0
E01010372,9,8.25,0.0
E01010373,9,5.333333333333333,0.10773490278073641
E01010374,13,12.25,0.1674920786796909
E01010375,17,18.666666666666668,0.0
E01010376,6,2.4166666666666665,0.00587232155682741
E01010377,4,5.166666666666667,0.0
E01010378,14,5.833333333333333,0.0
E01010379,5,3.75,0.0
E01010380,8,3.5833333333333335,0.0
E01010381,17,11.0,0.0929186836542249
E01010382,6,4.583333333333333,0.022592108111412913
E01010383,13,8.5,0.0
E01010384,2,2.1666666666666665,0.0
E01010385,4,1.75,0.09721009951107419
E01010386,1,1.9166666666666667,0.0
E01010387,0,1.8333333333333333,0.03685478627022164
E01010388,0,4.25,0.0
E01010389,4,3.6666666666666665,0.03562536870249436
E01010390,2,2.1666666666666665,0.0
E01010391,3,3.0833333333333335,0.0
E01010392,0,2.3333333333333335,0.0
E01010393,2,3.0,0.0
E01010394,2,2.75,0.0
E01010395,2,2.9166666666666665,0.055423443034197856
E01010396,5,8.833333333333334,0.0
E01010397,6,6.5,0.0
E01010398,2,3.3333333333333335,0.01475356128668494
E01010399,4,4.0,0.04261466921640107
E01010400,13,18.416666666666668,0.18898589304064267
E01010401,4,8.833333333333334,0.05088297374720743
E01010402,12,11.75,0.02333180863902659
E01010403,11,8.5,0.045154985387818744
E01010404,23,21.0,0.18552600660433277
E01010405,16,11.416666666666666,0.1295862493053521
E01010406,78,71.33333333333333,0.14104195296446104
E01010407,7,8.333333333333334,0.0
E01010408,4,8.083333333333334,0.0
E01010409,10,7.666666666666667,0.02219272153125702
E01010410,16,19.666666666666668,0.12674171221139485
E01010411,7,7.5,0.02137855417121887
E01010412,11,22.833333333333332,0.0
E01010413,7,9.5,0.09293041335267924
E01010414,49,47.916666666666664,0.2222060987056182
E01010415,8,11.5,0.0
E01010416,8,8.166666666666666,0.07146498420278694
E01010417,6,5.583333333333333,0.0
E01010418,3,4.916666666666667,0.13011752592893822
E01010419,12,7.416666666666667,0.12375365066437075
E01010420,8,8.416666666666666,0.030537288311218835
E01010421,8,8.333333333333334,0.08013254376222305
E01010422,3,10.583333333333334,0.14380962792967497
E01010423,15,9.166666666666666,0.023664071043441825
E01010424,2,5.083333333333333,0.0
E01010425,4,6.5,0.09379092778702725
E01010426,23,23.333333333333332,0.0
E01010427,7,8.75,0.0
E01010428,8,5.916666666666667,0.12582159594492084
E01010429,11,9.5,0.09318290530147949
E01010430,11,7.666666666666667,0.0
E01010431,4,6.75,0.0
E01010432,5,5.416666666666667,0.0
E01010433,20,11.083333333333334,0.0
E01010434,7,5.0,0.0
E01010435,0,0.0,0.07299987406969699
E01010436,1,4.416666666666667,0.0
E01010437,4,1.75,0.0
E01010438,7,4.833333333333333,0.0
E01010439,1,4.666666666666667,0.15732450640085024
E01010440,18,8.583333333333334,0.0
E01010441,5,4.75,0.0
E01010442,12,9.416666666666666,0.0
E01010443,7,17.916666666666668,0.07599000844493055
E01010444,3,5.5,0.044778446333455194
E01010445,4,6.166666666666667,0.0
E01010446,9,6.25,0.0
E01010447,27,12.166666666666666,0.0
E01010448,9,6.416666666666667,0.022428230730750086
E01010449,11,11.166666666666666,0.03181422183841939
E01010450,27,24.0,0.0
E01010451,20,20.0,0.0
E01010452,10,9.666666666666666,0.0
E01010453,0,0.0,0.0
E01010454,5,7.583333333333333,0.05355205947753961
E01010455,18,15.083333333333334,0.0
E01010456,5,8.25,0.0
E01010457,3,7.166666666666667,0.0
E01010458,10,9.416666666666666,0.16297998575505446
E01010459,16,17.25,0.15333466058311013
E01010460,2,3.0,0.0
E01010461,3,3.75,0.0
E01010462,9,8.583333333333334,0.0
E01010463,12,14.166666666666666,0.03612028386909311
E01010464,15,14.333333333333334,0.0
E01010465,6,7.083333333333333,0.0706891506844617
E01010466,4,6.333333333333333,0.024184913759082452
E01010467,5,6.0,0.13592191210339513
E01010468,12,6.166666666666667,0.0
E01010469,1,3.0833333333333335,0.09962469942505303
E01010470,5,8.833333333333334,0.1116300371592481
E01010471,8,8.0,0.0
E01010472,14,18.666666666666668,0.020372938483882413
E01010473,25,21.5,0.0
E01010474,4,7.666666666666667,0.0
E01010475,8,5.666666666666667,0.0
E01010476,17,28.583333333333332,0.09466633666996814
E01010477,9,8.5,0.0
E01010478,11,12.916666666666666,0.16947520523001586
E01010479,8,6.333333333333333,0.0
E01010480,2,4.666666666666667,0.15480893326522063
E01010481,8,10.5,0.0
E01010482,5,6.166666666666667,0.098646032127983
E01010483,7,11.083333333333334,0.0
E01010484,5,5.583333333333333,0.0
E01010485,17,11.833333333333334,0.13957360519963743
E01010486,11,9.416666666666666,0.0
E01010487,13,5.25,0.061945575679483805
E01010488,4,3.9166666666666665,0.03059311913451599
E01010489,2,5.916666666666667,0.007630317630145045
E01010490,4,12.25,0.03208673542123443
E01010491,13,6.416666666666667,0.0871356518416577
E01010492,0,1.5,0.0
E01010493,4,3.0,0.05861931539390364
E01010494,0,2.25,0.12486746802447268
E01010495,4,7.333333333333333,0.0
E01010496,7,12.666666666666666,0.0
E01010497,1,1.8333333333333333,0.06997937461460126
E01010498,2,3.1666666666666665,0.0
E01010499,10,19.583333333333332,0.024364654286746557
E01010500,5,6.0,0.0
E01010501,5,4.5,0.014278687425134554
E01010502,25,19.833333333333332,0.0
E01010503,7,6.0,0.009316370506226305
E01010504,2,4.583333333333333,0.09155907369847657
E01010505,2,3.6666666666666665,0.0
E01010506,15,10.916666666666666,0.023947803277687744
E01010507,1,3.0833333333333335,0.1559967164257642
E01010508,25,18.583333333333332,0.10657348944667386
E01010509,6,5.416666666666667,0.11714960340335363
E01010510,20,18.416666666666668,0.024579026808263515
E01010511,15,12.916666666666666,0.11551364096588086
E01010512,10,5.916666666666667,0.0
E01010513,11,12.5,0.0
E01010514,4,3.75,0.0
E01010515,5,3.0,0.0
E01010516,1,2.1666666666666665,0.10962049230244658
E01010517,4,3.75,0.0
E01010518,3,2.75,0.05387104846062662
E01010519,7,3.0833333333333335,0.07118621404775854
E01010520,3,5.0,0.039463234237389254
E01010521,0,0.0,0.0
E01010522,11,7.0,0.04216794172930484
E01010523,5,3.4166666666666665,0.0
E01010524,9,8.25,0.0
E01010525,10,7.333333333333333,0.16780036787177163
E01010526,6,6.833333333333333,0.0
E01010527,22,12.5,0.0
E01010528,14,17.416666666666668,0.16096226400006922
E01010529,9,8.0,0.0
E01010530,27,31.083333333333332,0.12968877468973203
E01010531,15,8.166666666666666,0.0
E01010532,7,9.583333333333334,0.0
E01010533,10,8.666666666666666,0.0
E01010534,3,5.166666666666667,0.0
E01010535,4,6.25,0.0
E01010536,5,3.75,0.07633121673586798
E01010537,2,3.1666666666666665,0.01207959267733253
E01010538,3,5.416666666666667,0.14781213715888714
E01010539,10,6.5,0.0
E01010540,2,3.1666666666666665,0.00953923119650344
E01010541,8,5.5,0.04023681746149095
E01010542,6,4.583333333333333,0.13853357983226175
E01010543,8,4.5,0.0
E01010544,5,5.416666666666667,0.03679244749235887
E01010545,14,13.583333333333334,0.14305881298796297
E01010546,2,2.1666666666666665,0.0
E01010547,9,11.333333333333334,0.14373370138185804
E01010548,3,3.75,0.0
E01010549,5,4.25,0.08130363754937273
E01010550,2,2.3333333333333335,0.13628461275567644
E01010551,5,17.5,0.09478914653012255
E01010552,6,5.25,0.0
E01010553,6,2.3333333333333335,0.0
E01010554,3,2.8333333333333335,0.13374564320295781
E01010555,18,12.083333333333334,0.023976142833782257
E01010556,4,4.583333333333333,0.0
E01010557,6,7.25,0.07667868701441446
E01010558,3,3.8333333333333335,0.004984380881224026
E01010559,14,10.0,0.0
E01010560,17,7.666666666666667,0.0
E01010561,4,2.3333333333333335,0.0
E01010562,2,3.6666666666666665,0.03226764912055574
E01010563,6,6.166666666666667,0.05339269498902986
E01010564,51,55.75,0.1534577768280214
E01010565,14,17.0,0.14139963513779966
E01010566,13,5.916666666666667,0.12440607120528682
E01010567,8,9.0,0.05918266942453427
E01010568,5,4.75,0.0
E01010569,16,13.583333333333334,0.09553873115389656
E01010570,3,6.833333333333333,0.0
E01010571,19,21.083333333333332,0.0770498714138222
E01010572,1,3.0,0.05288929741219742
E01010573,4,5.583333333333333,0.0
E01010574,9,3.25,0.13397509475861472
E01010575,3,2.8333333333333335,0.0
E01010576,5,2.1666666666666665,0.05735057098902885
E01010577,0,3.1666666666666665,0.0
E01010578,26,18.25,0.17706645886129113
E01010579,3,3.8333333333333335,0.0
E01010580,3,2.75,0.0
E01010581,10,3.75,0.0
E01010582,7,8.25,0.0
E01010583,7,8.666666666666666,0.0
E01010584,10,7.0,0.04458843749337897
E01010585,18,17.25,0.0298236510501486
E01010586,2,3.1666666666666665,0.0
E01010587,15,9.5,0.0
E01010588,1,4.333333333333333,0.10492393168138639
E01010589,4,3.25,0.06575600366563701
E01010590,11,11.083333333333334,0.09762682649809659
E01010591,6,5.5,0.07440445803703256
E01010592,8,8.5,0.0
E01010593,5,4.916666666666667,0.0
E01010594,4,8.583333333333334,0.0
E01010595,26,18.833333333333332,0.15079437889655478
E01010596,1,6.333333333333333,0.1613787081487113
E01010597,4,10.5,0.026732013245330734
E01010598,9,8.75,0.0
E01010599,5,7.25,0.0
E01010600,4,4.333333333333333,0.0
E01010601,4,7.416666666666667,0.04376158779403372
E01010602,9,8.083333333333334,0.0
E01010603,9,6.75,0.15137870242766166
E01010604,8,7.666666666666667,0.0
E01010605,6,9.083333333333334,0.14849742459722462
E01010606,21,21.833333333333332,0.14358044647464563
E01010607,14,12.416666666666666,0.11042569298170996
E01010608,11,11.833333333333334,0.06422272356043507
E01010609,20,12.5,0.07205646514277045
E01010610,28,23.666666666666668,0.10581466981640539
E01010611,28,24.833333333333332,0.10620543856174584
E01010612,23,27.166666666666668,0.0900581382786601
E01010613,31,20.25,0.20103874398895827
E01010614,9,17.0,0.11595616546472401
E01010615,22,13.916666666666666,0.120960986148058
E01010616,8,10.166666666666666,0.13940951814723881
E01010617,10,19.333333333333332,0.0
E01010618,14,12.0,0.0
E01010619,11,8.333333333333334,0.017549210997724312
E01010620,15,14.666666666666666,0.04414255751771661
E01010621,6,5.0,0.11236306199586213
E01010622,16,18.916666666666668,0.0346206714258892
E01010623,17,13.75,0.05867935969323259
E01010624,9,9.083333333333334,0.03284344077381522
E01010625,10,17.666666666666668,0.0
E01010626,8,6.583333333333333,0.052482364193408515
E01010627,27,16.916666666666668,0.1444551721691094
E01010628,12,15.25,0.0
E01010629,15,10.5,0.056877429000841064
E01010630,8,11.333333333333334,0.0589291601586011
E01010631,3,8.333333333333334,0.0
E01010632,13,12.25,0.0
E01010633,13,11.333333333333334,0.17486157971762223
E01010634,7,5.916666666666667,0.0
E01010635,14,14.583333333333334,0.0
E01010636,8,8.5,0.0
E01010637,6,6.75,0.06865202688966773
E01010638,5,4.25,0.04440083800743743
E01010639,16,9.666666666666666,0.0693754577172731
E01010640,8,6.75,0.0
E01010641,2,4.416666666666667,0.13008124145914776
E01010642,3,8.833333333333334,0.0
E01010643,2,2.8333333333333335,0.0
E01010644,4,9.666666666666666,0.015018254995369601
E01010645,10,10.916666666666666,0.0
E01010646,7,2.0833333333333335,0.11474332094627993
E01010647,2,2.0,0.13422170376372233
E01010648,1,1.4166666666666667,0.0
E01010649,9,11.833333333333334,0.1413875918637519
E01010650,16,17.083333333333332,0.13095274289711678
E01010651,23,25.25,0.19796536815840696
E01010652,7,9.25,0.0
E01010653,16,20.083333333333332,0.07774866588002247
E01010654,14,15.5,0.0
E01010655,13,13.583333333333334,0.1341981815748881
E01010656,3,4.25,0.0
E01010657,9,7.583333333333333,0.0400853496824305
E01010658,12,18.5,0.0021125830218566427
E01010659,18,14.666666666666666,0.0
E01010662,22,16.333333333333332,0.0879264219950387
E01010663,30,19.75,0.15919902043720113
E01010664,8,7.0,0.05181055663323943
E01010665,20,16.083333333333332,0.149725992029036
E01010666,21,17.583333333333332,0.0
E01010667,8,8.666666666666666,0.029438671648364827
E01010668,2,3.5833333333333335,0.0
E01010669,9,9.75,0.0
E01010670,9,9.25,0.04221941976236267
E01010671,11,7.5,0.0688700892601827
E01010672,3,3.5833333333333335,0.037327099733523245
E01010673,11,7.75,0.09197718805190101
E01010674,12,22.583333333333332,0.08286704338509528
E01010675,11,9.166666666666666,0.0
E01010676,11,8.75,0.0
E01010677,0,0.0,0.028942373263185717
E01010678,1,6.25,0.0
E01010679,22,24.833333333333332,0.0
E01010680,13,15.0,0.019706407067224492
E01010681,2,3.0833333333333335,0.02468870503181015
E01010682,2,11.25,0.0
E01010683,7,6.083333333333333,0.08268715308097901
E01010684,7,7.083333333333333,0.06240993044579639
E01010685,8,10.0,0.0
E01010686,5,5.833333333333333,0.09233837468526948
E01010687,7,4.333333333333333,0.05640257036934587
E01010688,12,11.0,0.07117237523932163
E01010689,8,12.916666666666666,0.05118367426424471
E01010690,3,8.583333333333334,0.0
E01010691,0,3.75,0.06915855105123184
E01010692,2,6.083333333333333,0.0
E01010693,0,1.6666666666666667,0.1373190890512256
E01010694,2,3.5,0.1049214009307824
E01010695,8,9.583333333333334,0.05239135288026006
E01010696,2,1.8333333333333333,0.0
E01010697,0,1.5,0.0
E01010698,3,9.166666666666666,0.0
E01010699,4,7.666666666666667,0.01383679269069869
E01010700,17,21.25,0.0
E01010701,5,9.666666666666666,0.030788669438792687
E01010702,13,17.5,0.0
E01010703,7,6.416666666666667,0.1607781214616214
E01010704,13,12.666666666666666,0.0
E01010705,0,4.5,0.14183091710610976
E01010706,5,2.4166666666666665,0.1306508586260704
E01010707,3,5.0,0.021216672556736225
E01010708,3,7.583333333333333,0.08811268236733699
E01010709,11,5.25,0.0
E01010710,62,96.25,0.30097453747230274
E01010711,17,14.416666666666666,0.0
E01010712,10,13.5,0.0
E01010713,20,13.0,0.058851108679159846
E01010714,10,6.833333333333333,0.018037223870072762
E01010715,3,6.666666666666667,0.04200561475951009
E01010716,6,12.25,0.0
E01010717,21,14.833333333333334,0.00045931597739615887
E01010718,13,15.916666666666666,0.0
E01010719,4,7.583333333333333,0.0
E01010720,17,11.166666666666666,0.0
E01010721,38,18.0,0.0
E01010722,23,10.583333333333334,0.0
E01010723,6,8.833333333333334,0.1179202544374145
E01010724,5,11.166666666666666,0.0
E01010725,6,9.333333333333334,0.0730854238007449
E01010726,3,2.0,0.0
E01010727,4,7.75,0.1325569226293125
E01010728,12,12.416666666666666,0.029292196600285474
E01010729,14,6.083333333333333,0.0
E01010730,36,36.5,0.10463393518630416
E01010731,18,23.166666666666668,0.027640252164022924
E01010732,11,11.75,0.051270360226533085
E01010733,17,14.083333333333334,0.0
E01010734,11,12.416666666666666,0.18289166207080093
E01010735,8,16.916666666666668,0.023708949745849
E01010736,14,16.75,5.776074868146103e-05
E01010737,13,13.166666666666666,0.09889874492354811
E01010738,8,16.25,0.003397537983981916
E01010739,8,16.75,0.14557086034509814
E01010740,15,8.75,0.010096141327179505
E01010741,14,10.75,0.09512585920303714
E01010742,16,11.833333333333334,0.0
E01010743,6,10.833333333333334,0.13332089969012167
E01010744,12,5.916666666666667,0.0868188208463157
E01010745,32,19.0,0.0
E01010746,13,10.75,0.0
E01010747,8,7.5,0.0
E01010748,10,9.833333333333334,0.16958461423098203
E01010749,15,7.5,0.0
E01010750,18,12.916666666666666,0.021993526712114284
E01010751,17,7.083333333333333,0.0
E01010752,25,17.0,0.015437254106884957
E01010753,8,2.5,0.028200268635374236
E01010754,4,6.916666666666667,0.15476251416744963
E01010755,8,11.083333333333334,0.03518638390615178
E01010756,5,9.583333333333334,0.12181520987417274
E01010758,0,1.5,0.01822085117393621
E01010759,4,6.416666666666667,0.0
E01010760,3,5.833333333333333,0.0
E01010761,9,8.666666666666666,0.04625296756820146
E01010762,15,12.333333333333334,0.16874589220619146
E01010763,7,5.666666666666667,0.12316210633770837
E01010764,2,3.1666666666666665,0.0
E01010765,13,9.666666666666666,0.0
E01010766,1,1.5833333333333333,0.0
E01010767,1,3.4166666666666665,0.13604882969819027
E01010768,4,2.4166666666666665,0.11237730113577815
E01010769,6,3.1666666666666665,0.0910837640827796
E01010770,4,2.1666666666666665,0.0
E01010771,1,0.6666666666666666,0.003128681691081628
E01010772,0,1.5,0.0
E01010773,7,4.25,0.0
E01010774,3,3.8333333333333335,0.011941618652976637
E01010775,2,4.166666666666667,0.0
E01010776,11,14.25,0.0
E01010777,12,17.083333333333332,0.16247268288788053
E01010778,10,9.666666666666666,0.10181375093047482
E01010779,7,11.833333333333334,0.009067372343491586
E01010781,4,6.083333333333333,0.02170215109840879
E01010782,24,29.0,0.0399291282511368
E01010783,6,6.833333333333333,0.09083228176308039
E01010784,7,6.833333333333333,0.10385447538450251
E01010785,9,8.666666666666666,0.10257367227981823
E01010786,4,5.083333333333333,0.08061885426140314
E01010787,10,10.666666666666666,0.0
E01010788,3,5.083333333333333,0.0
E01010789,7,6.833333333333333,0.009551952109981145
E01010790,1,2.8333333333333335,0.0
E01010791,7,8.5,0.09961655766600629
E01010792,4,10.833333333333334,0.0
E01010793,13,10.0,0.0
E01010794,15,16.0,0.013259425249329056
E01010795,10,8.666666666666666,0.1675624450535846
E01010796,12,9.083333333333334,0.0
E01010797,2,3.5833333333333335,0.04340037609077094
E01010798,7,10.5,0.008469823774774211
E01010799,5,11.25,0.0
E01010800,18,16.083333333333332,0.04013708023443712
E01010801,11,13.083333333333334,0.09625828022298094
E01010802,21,12.0,0.03662645997447401
E01010803,10,13.333333333333334,0.14792122715300585
E01010804,8,8.0,0.0
E01010805,27,40.25,0.0
E01010806,22,25.583333333333332,0.20059998515310606
E01010807,9,13.25,0.0
E01010808,8,10.25,0.05081914785840799
E01010809,17,16.75,0.13318950667552965
E01010810,9,9.666666666666666,0.0
E01010811,12,5.5,0.07981874226525885
E01010812,16,10.666666666666666,0.0
E01010813,15,15.25,0.0
E01010814,24,16.916666666666668,0.0
E01010815,38,23.583333333333332,0.15755605797175684
E01010816,13,17.416666666666668,0.0
E01010817,10,11.833333333333334,0.09742791624732855
E01010818,13,9.583333333333334,0.15907253119456216
E01010819,23,22.833333333333332,0.07047727397037959
E01010820,20,19.916666666666668,0.06621606092157215
E01010821,30,23.75,0.052950578481056
E01010822,10,15.583333333333334,0.0
E01010824,20,29.5,0.07298682454170738
E01010825,11,11.833333333333334,0.0630491093057933
E01010826,17,14.166666666666666,0.1843549676820438
E01010827,5,10.166666666666666,0.1590000414176038
E01010828,20,10.416666666666666,0.13699698751061742
E01010829,12,10.833333333333334,0.1462243047350456
E01010830,14,16.833333333333332,0.03617013262426518
E01010831,16,14.833333333333334,0.08760526458553702
E01010832,11,8.416666666666666,0.1414277056991904
E01010833,47,30.916666666666668,0.05203129436472277
E01010834,29,47.833333333333336,0.2687169948077912
E01010835,0,0.0,0.0
E01010836,13,15.416666666666666,0.0722844276515324
E01010837,3,9.75,0.08947804360294087
E01010838,9,13.916666666666666,0.17305467355308313
E01010839,15,14.083333333333334,0.0
E01010840,7,9.5,0.09969549669227765
E01010841,11,9.666666666666666,0.032554496664272514
E01010842,20,18.333333333333332,0.0
E01010843,7,10.25,0.11087953436123515
E01010845,11,17.666666666666668,0.06375014969062073
E01010846,7,16.25,0.09251986223028491
E01010847,10,9.083333333333334,0.0
E01010848,14,9.5,0.020238388768966466
E01010849,3,5.25,0.04949522970785128
E01010850,16,13.25,0.0075358435098032694
E01010851,18,13.75,0.0
E01010852,7,7.416666666666667,0.15867813091073998
E01010853,9,7.25,0.02317262762857111
E01010854,8,4.916666666666667,0.08355783029701554
E01010855,2,5.583333333333333,0.0
E01010856,11,9.333333333333334,0.0
E01010857,3,5.666666666666667,0.0
E01010858,4,6.416666666666667,0.0
E01010859,5,6.5,0.030945121196738947
E01010860,10,9.166666666666666,0.03798992901436811
E01010861,1,4.416666666666667,0.011167011174478186
E01010862,2,5.833333333333333,0.0
E01010863,8,4.083333333333333,0.009936274759050248
E01010864,11,10.416666666666666,0.0
E01010865,7,6.166666666666667,0.0
E01010866,11,7.166666666666667,0.14929927201795476
E01010867,8,12.5,0.06550632397152834
E01010868,14,13.333333333333334,0.08413642546640682
E01010869,9,10.833333333333334,2.324512359724168e-05
E01010870,11,4.083333333333333,0.13380789878335014
E01010871,18,18.916666666666668,0.09286474451508814
E01010872,19,22.0,0.14062848410497825
E01010873,12,6.583333333333333,0.0
E01010874,17,10.833333333333334,0.16748870826932577
E01010875,4,4.75,0.10906648865783698
E01010876,2,4.75,0.11911264051470559
E01010877,5,8.333333333333334,0.0
E01010878,34,18.833333333333332,0.0
E01010879,12,4.916666666666667,0.0
E01010880,10,10.083333333333334,0.0
E01010881,3,5.083333333333333,0.12045778544235464
E01010882,3,2.1666666666666665,0.0
E01010883,1,3.4166666666666665,0.0
E01010884,12,5.75,0.0
E01010885,2,4.416666666666667,0.0
E01010886,1,3.5,0.0
E01010887,1,3.75,0.0995893527841551
E01010888,4,4.666666666666667,0.031639270977775094
E01010889,19,18.75,0.0
E01010890,6,14.916666666666666,0.019395604943737606
E01010891,9,15.083333333333334,0.013417870887949587
E01010892,6,5.833333333333333,0.0
E01010893,3,6.166666666666667,0.06962638779386422
E01010894,14,19.083333333333332,0.11256837175539869
E01010895,8,6.0,0.0825981993286935
E01010896,0,3.6666666666666665,0.07852087087556128
E01010897,1,2.3333333333333335,0.0
E01010898,10,9.333333333333334,0.1615788267743387
E01010899,4,2.8333333333333335,0.10197412932256811
E01010900,1,3.6666666666666665,0.13117409618476927
E01010901,2,8.833333333333334,0.0
E01010902,7,5.333333333333333,0.1446734019473344
E01010903,3,4.0,0.10382338101514087
E01010904,2,3.25,0.11001128609468601
E01010905,6,8.416666666666666,0.0
E01010906,2,1.25,0.075035540678301
E01010907,5,3.0,0.14614012369915938
E01010908,13,12.583333333333334,0.08781233125284668
E01010909,6,5.333333333333333,0.03568418459899456
E01010910,4,6.166666666666667,0.15047275453812617
E01010911,6,6.75,0.0012526493350280034
E01010912,8,13.25,0.0658506691219937
E01010913,4,3.6666666666666665,0.002881075256293523
E01010914,13,9.75,0.15639049602931904
E01010915,5,7.083333333333333,0.0
E01010916,18,23.916666666666668,0.06543003589967976
E01010917,5,7.666666666666667,0.07695214203232463
E01010918,2,4.75,0.10050006313701355
E01010919,7,9.416666666666666,0.050534988653744416
E01010920,2,3.6666666666666665,0.13265491044441985
E01010921,6,6.5,0.1502885204793144
E01010922,3,6.25,0.0
E01010923,10,10.583333333333334,0.0
E01010924,9,9.0,0.0
E01010925,11,11.416666666666666,0.0
E01010926,12,13.5,0.04780349102057505
E01010927,7,10.416666666666666,0.15158957917566554
E01010928,16,12.083333333333334,0.1368535727659307
E01010929,4,17.416666666666668,0.0
E01010930,21,12.416666666666666,0.0
E01010931,3,4.666666666666667,0.03948149443716116
E01010932,9,6.5,0.027326478151787677
E01010933,6,6.25,0.0
E01010934,3,13.833333333333334,0.15748618619627075
E01010935,4,3.25,0.13705546604554245
E01010936,5,4.666666666666667,0.0
E01010937,1,3.5833333333333335,0.12684354554185828
E01010938,12,12.0,0.0
E01010939,0,7.5,0.09145784156524028
E01010940,10,6.333333333333333,0.010020134078107215
E01010941,11,11.166666666666666,0.0
E01010942,14,18.583333333333332,0.17895862281156916
E01010943,11,10.083333333333334,0.013672842835216074
E01010944,17,9.166666666666666,0.09529508011668027
E01010945,10,4.833333333333333,0.0
E01010946,2,1.3333333333333333,0.0
E01010947,2,3.1666666666666665,0.0
E01010948,2,4.083333333333333,0.009979475055868228
E01010949,27,26.166666666666668,0.1282072703948831
E01010950,8,8.5,0.0
E01010951,12,8.5,0.08178103537180269
E01010952,3,7.0,0.07864261604482835
E01010953,0,3.3333333333333335,0.07025312420560713
E01010954,6,6.166666666666667,0.014540407419579609
E01010955,4,4.583333333333333,0.13694032904643075
E01010956,6,6.583333333333333,0.014676850608519
E01010957,1,4.333333333333333,0.0
E01010958,11,10.416666666666666,0.0
E01010959,1,5.916666666666667,0.0
E01010960,25,25.5,0.0
E01010961,10,10.0,0.06727764410662472
E01010964,22,16.166666666666668,0.0
E01010965,17,13.0,0.0
E01010966,5,9.416666666666666,0.10687375091979986
E01010967,7,17.5,0.0
E01010968,4,10.083333333333334,0.0
E01010969,4,4.75,0.0
E01010970,5,7.5,0.10287031267091698
E01010971,2,7.75,0.0
E01010972,9,19.5,0.03919938731756466
E01010973,7,4.75,0.015007136433500807
E01010974,20,12.916666666666666,0.09137233783383868
E01010975,3,2.5,0.04678930870534205
E01010976,8,6.083333333333333,0.10977324429679805
E01010977,7,3.5833333333333335,0.0
E01010978,7,7.666666666666667,0.0
E01010979,18,15.166666666666666,0.0
E01010980,9,5.5,0.0
E01010981,5,7.666666666666667,0.0
E01010982,5,5.0,0.0
E01010983,21,22.083333333333332,0.06666967062632695
E01010984,12,7.0,0.06816328289311836
E01010985,8,5.416666666666667,0.0
E01010986,10,9.25,0.09101684621415497
E01010987,21,13.75,0.0
E01010988,7,6.666666666666667,0.0
E01010989,6,13.083333333333334,0.047965398385594486
E01010990,4,5.333333333333333,0.0
E01010991,7,6.5,0.0
E01010992,10,5.416666666666667,0.0
E01010993,10,9.666666666666666,0.1591836342385748
E01010994,0,0.0,0.06645353395302708
E01010995,14,10.75,0.0
E01010996,6,8.25,0.12634947505222538
E01010997,9,4.166666666666667,0.08103067119152664
E01010998,21,15.75,0.07615082094508943
E01010999,2,3.8333333333333335,0.10652109299109974
E01011000,10,12.833333333333334,0.006161509550829974
E01011001,6,8.166666666666666,0.0
E01011002,6,7.333333333333333,0.023566191148595147
E01011003,6,11.0,0.04459128830199316
E01011004,6,9.5,0.03735411482365858
E01011005,5,5.5,0.03449151825600709
E01011006,2,5.166666666666667,0.14867362108300397
E01011007,12,8.916666666666666,0.14494222854828423
E01011008,11,7.75,0.1338083293845564
E01011009,3,5.666666666666667,0.10584804168492652
E01011010,10,15.083333333333334,0.17408082501242755
E01011011,4,3.1666666666666665,0.0
E01011012,3,9.583333333333334,0.0
E01011013,4,3.75,0.008723179704540592
E01011014,4,6.25,0.12097100795063008
E01011015,16,10.75,0.030808048680226425
E01011016,8,7.666666666666667,0.09527683141916975
E01011017,1,4.166666666666667,0.0
E01011018,3,5.833333333333333,0.0
E01011019,3,5.166666666666667,0.08359497412255143
E01011020,0,4.75,0.0
E01011021,5,5.666666666666667,0.0
E01011022,4,4.416666666666667,0.0
E01011023,8,6.083333333333333,0.0
E01011024,9,9.5,0.08835341794407606
E01011025,4,6.0,0.0
E01011026,6,12.916666666666666,0.05173436081050635
E01011027,5,4.75,0.0
E01011028,9,12.0,0.1241657751965167
E01011029,31,40.083333333333336,0.07006162058171349
E01011030,7,9.75,0.07109687733123202
E01011031,11,6.666666666666667,0.08576158451306556
E01011032,9,17.0,0.0
E01011033,2,6.833333333333333,0.13400081710088363
E01011034,5,5.583333333333333,0.05006346509424282
E01011035,5,6.583333333333333,0.0
E01011036,6,7.916666666666667,0.0
E01011037,19,14.416666666666666,0.17192820380175233
E01011038,11,12.166666666666666,0.10963454606597879
E01011039,3,6.416666666666667,0.0
E01011040,5,8.25,0.0
E01011041,11,10.166666666666666,0.1205729510485585
E01011042,4,3.6666666666666665,0.06868288617258536
E01011043,12,15.75,0.12260215104901079
E01011044,4,6.25,0.0
E01011045,19,15.833333333333334,0.108036550827125
E01011046,5,4.666666666666667,0.0
E01011047,3,5.333333333333333,0.0
E01011048,17,14.25,0.07858741528343541
E01011049,0,6.75,0.16117569049433544
E01011050,1,3.5,0.0
E01011051,0,4.333333333333333,8.493527319713631e-05
E01011052,13,10.916666666666666,0.08191236414472564
E01011053,10,2.1666666666666665,0.01834891344146397
E01011054,5,4.583333333333333,0.11550282272269433
E01011055,10,5.25,0.09281176635228594
E01011056,6,3.0833333333333335,0.0
E01011057,3,5.916666666666667,0.16562979499001493
E01011058,0,4.333333333333333,0.0875147937252754
E01011059,11,12.916666666666666,0.14432635891635825
E01011060,11,10.333333333333334,0.07348360485110333
E01011061,15,25.166666666666668,0.17538179606882567
E01011062,10,8.833333333333334,0.0
E01011063,13,14.833333333333334,0.0
E01011064,7,9.0,0.13742163350094408
E01011065,10,10.333333333333334,0.0
E01011066,2,4.166666666666667,0.0
E01011067,14,9.333333333333334,0.11183826760388776
E01011068,2,2.5,0.10745011069843226
E01011069,7,6.166666666666667,0.0
E01011070,2,3.4166666666666665,0.11560295564225397
E01011071,3,3.8333333333333335,0.06646354348749745
E01011072,6,9.75,0.03256143458620448
E01011073,17,10.25,0.1269725402567335
E01011074,12,5.333333333333333,0.0
E01011075,6,6.166666666666667,0.0
E01011076,7,3.6666666666666665,0.0
E01011077,9,7.833333333333333,0.02286923270505047
E01011078,4,5.25,0.023688192213383894
E01011079,10,12.083333333333334,0.1245615239586799
E01011080,14,9.75,0.11394244671692963
E01011081,14,13.166666666666666,0.060245757590041076
E01011082,6,6.916666666666667,0.103060775424703
E01011083,2,4.416666666666667,0.0
E01011084,12,12.666666666666666,0.0
E01011085,7,9.833333333333334,0.13885358521182078
E01011086,2,5.166666666666667,0.0
E01011087,7,7.75,0.0
E01011088,1,1.75,0.06335866969112576
E01011089,6,4.833333333333333,0.0
E01011090,9,7.75,0.1339874093915272
E01011091,2,2.25,0.0
E01011092,4,4.416666666666667,0.0
E01011093,11,14.166666666666666,0.0
E01011094,4,9.583333333333334,0.049505526776315895
E01011095,5,6.083333333333333,0.0
E01011096,9,4.666666666666667,0.023163119537787612
E01011097,7,7.166666666666667,0.13248499246611004
E01011098,6,5.416666666666667,0.1384880882809046
E01011099,10,4.083333333333333,0.0
E01011100,7,6.75,0.007013654795667432
E01011101,19,13.5,0.051486230201829776
E01011102,0,3.5833333333333335,0.14448651547427632
E01011103,6,7.833333333333333,0.17090522296637145
E01011104,6,8.583333333333334,0.0
E01011105,19,14.75,0.10823911903586075
E01011106,16,20.0,0.01784343071350583
E01011107,130,111.25,0.15522220730809574
E01011108,5,3.6666666666666665,0.0
E01011109,3,4.0,0.0
E01011110,6,4.833333333333333,0.00965538431182432
E01011111,11,5.916666666666667,0.0
E01011112,2,4.75,0.06900632664263322
E01011113,5,6.666666666666667,0.0
E01011114,3,5.083333333333333,0.03180326727185309
E01011115,2,4.666666666666667,0.0
E01011116,3,3.1666666666666665,0.0
E01011117,7,2.5,0.0
E01011118,2,2.6666666666666665,0.0
E01011119,1,2.0,0.015883704280105153
E01011120,0,0.9166666666666666,0.0
E01011121,24,17.083333333333332,0.04901759703058475
E01011122,6,12.0,0.0
E01011123,10,9.416666666666666,0.07692180726623901
E01011124,10,7.666666666666667,0.09704771494912033
E01011125,9,9.166666666666666,0.0
E01011126,21,18.166666666666668,0.03978504205075722
E01011127,6,5.833333333333333,0.0
E01011128,8,7.833333333333333,0.050774760879656725
E01011129,5,4.083333333333333,0.0
E01011130,59,72.08333333333333,0.20447694920856402
E01011132,4,3.3333333333333335,0.014310654822545248
E01011133,3,8.0,0.14907994867555902
E01011134,18,22.166666666666668,0.07505610761888176
E01011136,5,17.0,0.0711685391525099
E01011137,10,11.416666666666666,0.0015687433541723243
E01011138,19,12.75,0.16942562738260641
E01011139,5,6.25,0.10016643284549141
E01011140,6,11.333333333333334,0.0
E01011141,9,9.333333333333334,0.12866546135319168
E01011142,4,5.916666666666667,0.0
E01011143,8,5.583333333333333,0.11379633267223511
E01011144,21,14.333333333333334,0.1358775341192595
E01011145,1,3.6666666666666665,0.0
E01011146,2,2.4166666666666665,0.06691979462033504
E01011147,2,7.5,0.0
E01011148,22,11.583333333333334,0.0
E01011149,15,16.75,0.0
E01011150,2,6.666666666666667,0.08581517828250021
E01011151,1,3.5,0.0
E01011152,3,3.6666666666666665,0.0
E01011153,11,9.5,0.0904272592654749
E01011154,8,7.833333333333333,0.0
E01011155,6,6.583333333333333,0.0
E01011156,6,4.0,0.0
E01011157,5,7.166666666666667,0.0
E01011158,15,18.5,0.043123451882241454
E01011159,3,3.9166666666666665,0.0
E01011160,1,2.1666666666666665,0.14706902859292575
E01011161,3,5.5,0.07978829683784293
E01011162,11,3.5,0.0
E01011163,6,5.833333333333333,0.0
E01011164,10,5.333333333333333,0.0
E01011165,8,4.416666666666667,0.04989431323852658
E01011166,9,8.75,0.0
E01011167,14,14.833333333333334,0.0
E01011168,1,1.6666666666666667,0.11236655085369422
E01011169,5,4.666666666666667,0.0
E01011170,6,3.8333333333333335,0.0
E01011171,0,0.0,0.1113815552850351
E01011172,0,0.0,0.04894434881994675
E01011173,3,2.8333333333333335,0.0
E01011174,1,3.4166666666666665,0.06440902452482557
E01011175,17,6.833333333333333,0.0
E01011176,4,5.5,0.08566217881538508
E01011177,7,4.833333333333333,0.00925972256539577
E01011178,6,11.333333333333334,0.12480064101001516
E01011179,2,2.0833333333333335,0.14206151560647667
E01011180,3,3.0833333333333335,0.13612849045508404
E01011181,12,10.0,0.14999656905837583
E01011182,2,4.75,0.01657908839050863
E01011183,4,4.75,0.0
E01011184,5,7.916666666666667,0.0110574334364393
E01011185,2,3.75,0.06717519700217334
E01011186,4,6.333333333333333,0.132436801875146
E01011187,3,4.833333333333333,0.0
E01011188,3,3.75,0.135664343546676
E01011189,3,4.666666666666667,0.10725536240112775
E01011190,3,3.6666666666666665,0.15363639176145405
E01011191,2,3.75,0.12428192799267124
E01011192,4,5.75,0.0
E01011193,3,7.666666666666667,0.0
E01011194,5,2.0833333333333335,0.0
E01011195,1,3.0,0.0
E01011196,0,2.5,0.0410593812008052
E01011197,2,6.25,0.10830675784276027
E01011198,1,2.25,0.1258989296993685
E01011199,3,2.3333333333333335,0.04347666171585036
E01011200,12,15.916666666666666,0.0
E01011201,16,12.083333333333334,0.0
E01011202,3,5.083333333333333,0.0
E01011203,5,4.416666666666667,0.0
E01011204,4,2.5833333333333335,0.007436370895748627
E01011205,0,2.75,0.0
E01011206,5,5.0,0.0
E01011207,2,4.75,0.0
E01011208,11,14.833333333333334,0.08449301630995976
E01011209,0,0.0,0.0
E01011210,3,4.083333333333333,0.009708925289063544
E01011211,4,3.75,0.0
E01011212,6,7.833333333333333,0.15812594036302613
E01011213,3,5.916666666666667,0.0
E01011214,4,4.083333333333333,0.0161129091620532
E01011215,18,12.916666666666666,0.10596057453772507
E01011216,3,4.916666666666667,0.03043504315107414
E01011217,3,4.5,0.14095394092483846
E01011218,16,11.833333333333334,0.0
E01011219,6,4.833333333333333,0.0022576521424773205
E01011220,19,12.333333333333334,0.0
E01011221,1,4.833333333333333,0.04585464372610247
E01011222,10,11.0,0.0
E01011223,6,16.75,0.0
E01011224,9,10.916666666666666,0.043071340695121994
E01011225,8,7.916666666666667,0.031239915031210645
E01011226,2,5.5,0.0
E01011227,17,12.333333333333334,0.09303233847519601
E01011228,7,7.5,0.05754444921158608
E01011229,35,35.333333333333336,0.002872116100882699
E01011230,4,9.0,0.015325809065809444
E01011231,10,9.75,0.09263350456479727
E01011232,6,13.583333333333334,0.04580055659195882
E01011233,2,2.5833333333333335,0.0
E01011234,7,11.75,0.0
E01011235,32,31.583333333333332,0.11907869526198449
E01011236,17,18.75,0.18276458953389774
E01011237,10,11.333333333333334,0.08236944896792182
E01011238,6,9.333333333333334,0.0
E01011239,4,5.0,0.0018140200555269645
E01011240,17,10.5,0.14582514827605056
E01011241,10,4.5,0.0
E01011242,12,10.75,0.1759210488646697
E01011243,3,4.666666666666667,0.1474221109037874
E01011244,10,5.166666666666667,0.0
E01011245,5,5.916666666666667,0.1461274209477492
E01011246,5,9.666666666666666,0.0
E01011247,6,4.0,0.11429957253146823
E01011248,4,4.5,0.0
E01011249,6,5.666666666666667,0.0
E01011250,11,20.583333333333332,0.09629470093808021
E01011251,15,12.666666666666666,0.11681816341037493
E01011252,4,3.3333333333333335,0.0
E01011253,10,8.333333333333334,0.050627678676284996
E01011254,8,6.666666666666667,0.0
E01011255,16,16.583333333333332,0.0
E01011256,6,8.833333333333334,0.0
E01011257,7,11.0,0.02065686369029709
E01011258,4,1.4166666666666667,0.0
E01011259,5,8.333333333333334,0.0
E01011260,13,6.333333333333333,0.0
E01011261,7,6.25,0.0
E01011262,9,6.5,0.008765812012779175
E01011263,5,5.0,0.14994283646678336
E01011264,1,4.083333333333333,0.0
E01011265,14,18.5,0.18423090154120586
E01011266,7,8.5,0.09314295203813565
E01011267,12,15.166666666666666,0.08252884251327232
E01011268,11,11.666666666666666,0.07533655862247146
E01011269,2,5.666666666666667,0.11344129293122303
E01011270,1,2.6666666666666665,0.0
E01011271,5,3.9166666666666665,0.01208631067819053
E01011272,1,1.3333333333333333,0.06275628228113073
E01011273,18,17.583333333333332,0.07390279036035444
E01011274,20,22.75,0.16175252375652344
E01011275,6,7.75,0.0
E01011276,4,6.416666666666667,0.07467458946372121
E01011277,5,3.0833333333333335,0.01860024472212885
E01011278,4,9.666666666666666,0.0
E01011279,6,2.5,0.0
E01011280,1,3.75,0.046456185840422964
E01011281,19,19.083333333333332,0.16923782763483083
E01011282,11,9.166666666666666,0.023801745850293748
E01011283,13,18.5,0.14776850286335727
E01011284,40,35.25,0.06658703702994236
E01011286,9,6.75,0.0
E01011287,3,16.416666666666668,0.0
E01011292,24,24.916666666666668,0.0
E01011293,28,28.833333333333332,0.042520887450081646
E01011294,18,30.75,0.03486377251770657
E01011295,6,9.5,0.09123731030745583
E01011296,2,1.9166666666666667,0.07806305287963301
E01011297,8,5.25,0.0
E01011298,4,9.333333333333334,0.0
E01011299,10,9.666666666666666,0.0
E01011300,4,4.916666666666667,0.027665314453548216
E01011301,4,2.0,0.0
E01011302,4,3.8333333333333335,0.0
E01011303,5,2.0833333333333335,0.1388068867669236
E01011304,16,13.666666666666666,0.12845751541909162
E01011305,7,3.6666666666666665,0.0
E01011306,0,2.25,0.0
E01011307,6,6.083333333333333,0.0
E01011308,5,6.916666666666667,0.1061263526346823
E01011309,6,4.0,0.013950697352146086
E01011310,1,3.0,0.0
E01011311,0,2.25,0.07782145655177222
E01011312,22,28.833333333333332,0.04754223833025635
E01011313,7,7.75,0.0
E01011314,4,5.75,0.0
E01011315,25,15.916666666666666,0.0426474499167253
E01011316,16,18.75,0.003966634965928417
E01011317,18,19.083333333333332,0.0
E01011318,30,11.666666666666666,0.0013038406665966881
E01011319,3,8.416666666666666,0.0
E01011320,15,11.0,0.11168811545284518
E01011321,12,7.166666666666667,0.0
E01011322,24,14.75,0.0
E01011323,3,5.666666666666667,0.061532606283862167
E01011324,8,13.583333333333334,0.11915067307667752
E01011325,10,9.583333333333334,0.12023175149871937
E01011326,9,11.083333333333334,0.028218325222312438
E01011327,5,4.75,0.0
E01011328,8,10.916666666666666,0.10088025599871758
E01011329,1,4.833333333333333,0.07306883355682507
E01011330,9,8.916666666666666,0.0
E01011331,3,6.166666666666667,0.13780617797226494
E01011332,4,10.166666666666666,0.0
E01011333,9,12.583333333333334,0.17905460070479617
E01011334,5,8.75,0.1318892673122913
E01011335,12,19.916666666666668,0.11057689688708841
E01011336,27,30.5,0.21463698735035946
E01011337,2,9.583333333333334,0.09277636251797874
E01011338,10,11.25,0.0
E01011339,21,15.25,0.024152851867048318
E01011340,14,13.666666666666666,0.0
E01011341,20,27.583333333333332,0.041970939546493585
E01011342,25,31.916666666666668,0.1593486763906568
E01011343,21,18.5,0.01628455891952646
E01011344,23,27.583333333333332,0.024161965500499205
E01011345,8,10.833333333333334,0.05809186077668168
E01011346,13,15.166666666666666,0.15294056033269188
E01011347,14,20.333333333333332,0.0
E01011348,26,20.666666666666668,0.021889712854919495
E01011349,10,18.166666666666668,0.0
E01011350,4,7.416666666666667,0.07879225843570967
E01011351,6,4.166666666666667,0.0
E01011352,30,21.083333333333332,0.10682495401997945
E01011353,6,5.416666666666667,0.0
E01011354,27,17.666666666666668,0.0
E01011355,7,6.166666666666667,0.1476896185609227
E01011356,16,12.333333333333334,0.0
E01011357,8,12.416666666666666,0.015127692793906293
E01011358,8,8.25,0.0
E01011359,6,8.833333333333334,0.019119647250532085
E01011360,5,12.333333333333334,0.03388191576517962
E01011361,33,31.833333333333332,0.033139703087736866
E01011362,18,26.583333333333332,0.0
E01011363,27,26.75,0.0357218861785871
E01011364,18,23.5,0.11563896363093787
E01011366,22,11.25,0.11533793061783307
E01011368,19,17.333333333333332,0.056401411154183664
E01011369,16,25.75,0.09703423758799382
E01011370,13,11.583333333333334,0.0
E01011371,20,20.666666666666668,0.0
E01011372,13,13.333333333333334,0.0
E01011373,16,11.166666666666666,0.0
E01011374,12,12.416666666666666,0.0
E01011375,9,13.25,0.041897235146221345
E01011376,4,3.0833333333333335,0.027198552343932376
E01011377,2,3.9166666666666665,0.14414423985497937
E01011378,16,13.833333333333334,0.0
E01011379,10,12.416666666666666,0.07629722427548438
E01011380,9,12.75,0.12987952712401823
E01011381,3,4.333333333333333,0.029866496744350986
E01011382,2,1.5833333333333333,0.0
E01011383,5,6.0,0.0
E01011384,3,5.75,0.0
E01011385,9,4.083333333333333,0.0
E01011386,8,7.25,0.09311346931679992
E01011388,20,6.5,0.0
E01011390,3,3.8333333333333335,0.0
E01011391,1,7.416666666666667,0.08205573277568337
E01011392,8,7.666666666666667,0.10566187846355611
E01011393,1,5.75,0.0022453302310983733
E01011394,4,3.8333333333333335,0.06985550635194121
E01011395,1,3.0,0.0
E01011396,12,13.75,0.0
E01011397,1,3.25,0.0
E01011398,0,1.75,0.028753330864753245
E01011399,2,3.9166666666666665,0.1450759981643951
E01011400,8,5.416666666666667,0.0
E01011401,2,5.0,0.015826756164375004
E01011402,18,15.083333333333334,0.0
E01011403,4,2.0833333333333335,0.00816372828754455
E01011404,0,1.75,0.0
E01011405,3,2.5833333333333335,0.0
E01011406,2,2.6666666666666665,0.10321832586390779
E01011407,8,8.583333333333334,0.039543826575080314
E01011408,17,17.333333333333332,0.0323509782825762
E01011409,4,8.25,0.0
E01011410,1,4.333333333333333,0.0
E01011411,17,23.416666666666668,0.028663702928161963
E01011412,5,7.666666666666667,0.12153762260606125
E01011413,4,3.0833333333333335,0.14855588764919406
E01011414,8,6.333333333333333,0.0
E01011415,17,13.333333333333334,0.004295259653360077
E01011416,5,3.25,0.11281077595303528
E01011417,5,6.0,0.0
E01011418,6,10.666666666666666,0.04463697811192059
E01011419,1,1.6666666666666667,0.0
E01011420,13,8.916666666666666,0.0973193023531374
E01011421,32,19.75,0.06335018112423751
E01011422,12,16.166666666666668,0.1367112723073032
E01011423,14,9.25,0.10939559582874152
E01011424,6,9.0,0.0
E01011425,13,5.833333333333333,0.08056728118003001
E01011426,8,9.083333333333334,0.11473848160518914
E01011427,25,11.833333333333334,0.0
E01011428,26,24.333333333333332,0.0
E01011429,17,13.833333333333334,0.0
E01011430,9,13.833333333333334,0.022921356758064663
E01011431,6,18.5,0.0060813731019337125
E01011432,10,22.0,0.0763504733955247
E01011433,20,36.75,0.006435008656653876
E01011434,15,22.166666666666668,0.16823080514820746
E01011435,11,11.916666666666666,0.0
E01011440,20,18.833333333333332,0.0
E01011441,4,9.416666666666666,0.019843611365810303
E01011442,7,4.0,0.010542129531991724
E01011443,5,6.833333333333333,0.0
E01011444,14,9.416666666666666,0.0
E01011445,3,4.916666666666667,0.0
E01011446,8,5.416666666666667,0.08028062550874408
E01011447,5,5.416666666666667,0.09576928138801862
E01011448,6,6.75,0.0070700620524819825
E01011449,3,6.75,0.08259761962020243
E01011450,8,6.083333333333333,0.08733765999447929
E01011451,5,7.333333333333333,0.0
E01011452,13,5.833333333333333,0.15573002346306233
E01011453,1,4.0,0.10719640653763875
E01011454,8,5.166666666666667,0.0
E01011455,2,1.5,0.0
E01011456,6,2.9166666666666665,0.0
E01011457,0,4.166666666666667,0.0
E01011458,6,5.75,0.0900983469211287
E01011459,29,17.25,0.03784569872304659
E01011460,5,7.333333333333333,0.1048394262379275
E01011461,2,1.5,0.07795902670832766
E01011462,5,7.75,0.05247703246844106
E01011463,5,7.083333333333333,0.07518872998902686
E01011464,4,7.166666666666667,0.0
E01011465,7,7.833333333333333,0.0
E01011466,12,10.833333333333334,0.07083179780141119
E01011467,57,30.166666666666668,0.0
E01011468,21,23.25,0.0
E01011469,2,6.583333333333333,0.1234842899554493
E01011470,9,9.833333333333334,0.0819708969290323
E01011471,17,29.583333333333332,0.010128044000516881
E01011472,19,14.5,0.09585358326718449
E01011473,26,12.416666666666666,0.12153151196881459
E01011474,10,9.333333333333334,0.0
E01011475,12,11.583333333333334,0.0
E01011476,7,11.083333333333334,0.1599993078304528
E01011477,45,27.75,0.029081281949111
E01011478,9,13.416666666666666,0.0
E01011479,1,3.6666666666666665,0.00753664862592787
E01011480,3,4.25,0.09210758750849393
E01011481,7,10.583333333333334,0.0
E01011482,20,19.416666666666668,0.0
E01011483,16,14.916666666666666,0.0
E01011484,15,21.833333333333332,0.20692582149704253
E01011485,5,5.916666666666667,0.0
E01011488,7,11.75,0.05463610591542123
E01011489,8,8.916666666666666,0.15184793411650413
E01011490,0,0.0,0.0
E01011491,11,11.166666666666666,0.17164863858462398
E01011492,12,11.166666666666666,0.16463554954300125
E01011493,19,14.5,0.15483632734905053
E01011494,8,15.333333333333334,0.0
E01011496,3,4.083333333333333,0.0513301480121859
E01011497,12,12.333333333333334,0.1118351443152262
E01011499,0,0.0,0.14580837845892888
E01011500,6,5.75,0.0
E01011502,8,6.25,0.09681842986939747
E01011504,6,9.25,0.0
E01011505,6,6.166666666666667,0.0
E01011506,1,2.5833333333333335,0.0
E01011507,4,2.0833333333333335,0.09382099364912108
E01011508,0,1.75,0.0
E01011509,4,2.9166666666666665,0.019195238067265197
E01011510,18,11.833333333333334,0.18075467268580184
E01011511,5,7.833333333333333,0.0
E01011512,6,5.166666666666667,0.048682372024021675
E01011513,4,5.833333333333333,0.0
E01011514,10,7.583333333333333,0.0
E01011515,7,10.416666666666666,0.0870433260563033
E01011516,3,3.0,0.13953120963499713
E01011517,2,6.5,0.030398771561849305
E01011518,18,9.25,0.10569575550477457
E01011519,5,4.833333333333333,0.0
E01011520,2,3.6666666666666665,0.0
E01011521,15,10.166666666666666,0.02831016589799628
E01011522,7,4.25,0.0
E01011523,8,16.083333333333332,0.0
E01011524,5,5.166666666666667,0.019282532558739546
E01011525,5,2.8333333333333335,0.0
E01011526,5,2.0833333333333335,0.0
E01011527,6,5.333333333333333,0.018725009054373444
E01011528,4,4.666666666666667,0.03464606720453474
E01011529,13,7.25,0.14745787353237752
E01011530,8,9.333333333333334,0.06900627259550443
E01011531,30,44.916666666666664,0.09667068405679806
E01011532,8,10.75,0.15836368836332704
E01011533,6,8.416666666666666,0.10837258383466443
E01011534,4,7.666666666666667,0.0
E01011535,5,4.583333333333333,0.0
E01011536,11,7.833333333333333,0.07406351793987591
E01011537,6,9.75,0.044501579294324446
E01011538,12,11.583333333333334,0.11842850736304786
E01011540,12,13.5,0.10838454065300035
E01011541,43,46.666666666666664,0.16457638825886484
E01011545,7,7.166666666666667,0.1654202083042721
E01011546,12,16.083333333333332,0.05385101746814188
E01011547,13,13.333333333333334,0.0
E01011548,4,4.833333333333333,0.11163697985532044
E01011549,3,0.6666666666666666,0.0
E01011550,4,4.0,0.09407746685188494
E01011551,3,3.5833333333333335,0.14688490720781766
E01011552,14,9.25,0.084214431009443
E01011553,2,4.166666666666667,0.04014948829401268
E01011554,6,3.9166666666666665,0.0
E01011555,1,2.0833333333333335,0.0
E01011556,6,6.0,0.0
E01011557,2,1.6666666666666667,0.04544798771650611
E01011558,20,12.166666666666666,0.10849601990781503
E01011559,26,18.666666666666668,0.10436029208596846
E01011560,3,9.166666666666666,0.0
E01011561,3,7.416666666666667,0.018382137259196133
E01011562,2,3.0833333333333335,0.09588394726163244
E01011563,2,2.8333333333333335,0.0004227226628860615
E01011564,1,2.0833333333333335,0.016657203925184324
E01011565,3,2.0833333333333335,0.08701103445578282
E01011566,4,3.3333333333333335,0.05745194388678533
E01011567,1,3.5833333333333335,0.0
E01011568,3,3.25,0.1274693565653421
E01011569,10,10.25,0.0
E01011570,1,4.833333333333333,0.16180984498762135
E01011571,5,2.5833333333333335,0.0
E01011572,2,2.5,0.0
E01011573,2,3.25,0.12585121355170584
E01011574,18,12.083333333333334,0.0
E01011576,2,4.25,0.08047713704327009
E01011578,3,4.083333333333333,0.1044182436885117
E01011579,2,2.9166666666666665,0.11563422531598569
E01011580,4,3.25,0.1563238139063264
E01011581,3,3.4166666666666665,0.0
E01011582,14,6.833333333333333,0.0816713241930564
E01011583,2,3.8333333333333335,0.0
E01011584,5,4.833333333333333,0.0
E01011585,4,6.25,0.12140216800738561
E01011586,8,9.166666666666666,0.0
E01011587,42,34.583333333333336,0.12145426623598474
E01011588,3,5.75,0.016781840329910057
E01011589,2,3.5833333333333335,0.05353823774141575
E01011590,2,5.75,0.15751812402882834
E01011591,5,5.583333333333333,0.0
E01011592,5,5.166666666666667,0.03625060086173862
E01011593,1,3.75,0.11911502978325056
E01011594,2,4.583333333333333,0.0068892975345078485
E01011595,11,8.25,0.0
E01011596,7,6.416666666666667,0.03562608333900268
E01011597,13,11.666666666666666,0.0
E01011598,9,12.0,0.0
E01011599,5,5.416666666666667,0.11945292599683595
E01011600,3,5.5,0.021449234709311996
E01011601,9,9.666666666666666,0.15629274453476782
E01011602,7,10.083333333333334,0.11924881620287581
E01011603,3,4.333333333333333,0.06968559574153546
E01011604,1,4.666666666666667,0.0
E01011605,2,4.666666666666667,0.0
E01011606,16,14.416666666666666,0.0
E01011607,2,5.5,0.1382087541266358
E01011608,6,9.666666666666666,0.0
E01011609,11,8.0,0.0
E01011610,3,7.666666666666667,0.025917439937042885
E01011611,20,18.75,0.0
E01011612,25,21.0,0.0
E01011613,8,7.333333333333333,0.04968897194679306
E01011614,7,6.5,0.0
E01011615,8,8.916666666666666,0.0
E01011616,11,10.833333333333334,0.0
E01011617,12,6.916666666666667,0.0850244667674188
E01011618,3,11.25,0.04706121550667975
E01011620,8,11.75,0.008842981365617675
E01011621,13,16.583333333333332,0.06486042050348267
E01011622,32,28.25,0.03652362865749263
E01011623,4,30.916666666666668,0.21498996549695074
E01011624,5,11.583333333333334,0.0
E01011625,19,15.25,0.09352345414215538
E01011626,19,17.0,0.16365379468534036
E01011627,10,11.25,0.12178460064507135
E01011628,2,2.9166666666666665,0.0
E01011629,1,5.583333333333333,0.0
E01011630,3,10.5,0.09369229043499372
E01011632,8,7.083333333333333,0.0
E01011633,5,9.916666666666666,0.12054875717136741
E01011634,5,10.75,0.09493041860484376
E01011635,6,8.75,0.09269691878965472
E01011636,12,8.416666666666666,0.0
E01011637,6,7.416666666666667,0.08551414666101803
E01011638,4,2.6666666666666665,0.06120331917179729
E01011639,6,8.333333333333334,0.12195762726469987
E01011641,3,6.333333333333333,0.0
E01011642,5,4.25,0.0
E01011643,7,5.25,0.0
E01011644,10,6.666666666666667,0.0
E01011645,11,8.083333333333334,0.03951579688866694
E01011646,7,8.75,0.14901959447107657
E01011647,13,10.0,0.0
E01011648,7,6.416666666666667,0.12094939079575268
E01011649,2,3.4166666666666665,0.0
E01011650,2,5.75,0.0
E01011651,3,5.0,0.0
E01011652,7,5.0,0.0
E01011653,11,7.0,0.1415088179241924
E01011654,2,4.333333333333333,0.0
E01011655,7,5.5,0.04689231383511562
E01011656,16,13.25,0.02151138096468333
E01011657,21,15.333333333333334,0.17327328294313
E01011658,8,9.75,0.0
E01011659,8,9.666666666666666,0.0
E01011660,13,19.166666666666668,0.0
E01011661,22,24.583333333333332,0.04708917094293899
E01011662,16,16.083333333333332,0.0
E01011663,18,18.083333333333332,0.1601892898064703
E01011664,20,8.0,0.05325588877674545
E01011665,18,16.416666666666668,0.07890855502845556
E01011666,7,3.25,0.01841875227146718
E01011667,13,15.166666666666666,0.0
E01011668,7,7.916666666666667,0.0050524411348440365
E01011669,26,7.583333333333333,0.17049115772906662
E01011670,29,14.083333333333334,0.138899474484469
E01011671,8,9.916666666666666,0.14502796347172697
E01011673,30,23.0,0.15956713662402922
E01011677,14,17.833333333333332,0.0
E01011678,76,54.833333333333336,0.06747466673883205
E01011681,17,20.333333333333332,0.0
E01011684,10,8.0,0.0
E01011685,8,5.75,0.0
E01011686,15,14.5,0.0313027348220467
E01011687,11,7.75,0.07423146498904516
E01011688,8,5.083333333333333,0.12618692532249137
E01011689,5,4.5,0.08701282473706759
E01011690,3,3.75,0.14178207474171667
E01011691,13,12.75,0.0
E01011692,6,4.583333333333333,0.0
E01011693,12,6.666666666666667,0.06654613816537955
E01011694,5,4.583333333333333,0.0
E01011695,17,16.25,0.0
E01011696,1,3.9166666666666665,0.0
E01011697,7,17.416666666666668,0.0
E01011698,0,2.8333333333333335,0.011142421096645368
E01011699,1,1.3333333333333333,0.0
E01011700,11,18.666666666666668,0.05453373665364104
E01011701,7,5.333333333333333,0.06632984666174346
E01011702,3,1.1666666666666667,0.0
E01011703,0,0.5,0.0
E01011704,13,20.833333333333332,0.0
E01011705,5,5.75,0.0
E01011706,4,2.0833333333333335,0.07821216257838778
E01011707,8,5.25,0.09130042744487202
E01011708,2,1.9166666666666667,0.05528821840943636
E01011709,1,2.5,0.0
E01011710,1,1.1666666666666667,0.029601196958949572
E01011711,2,2.0,0.026650309677409133
E01011712,1,5.166666666666667,0.009342005044167353
E01011713,5,1.75,0.019756680718969643
E01011714,7,5.416666666666667,0.012279761798894489
E01011715,1,3.5,0.029162879429853232
E01011716,3,6.583333333333333,0.08256968160067293
E01011717,6,7.083333333333333,0.0
E01011718,16,14.25,0.11367203047573454
E01011719,1,2.75,0.0
E01011720,15,14.0,0.0
E01011721,20,14.083333333333334,0.1811545930971048
E01011722,16,13.083333333333334,0.1727065122896196
E01011723,32,29.083333333333332,0.0
E01011724,15,11.083333333333334,0.013141602866621114
E01011725,13,14.583333333333334,0.0
E01011726,13,41.25,0.10787382523014172
E01011727,11,8.416666666666666,0.12196086171820238
E01011728,8,5.166666666666667,0.1492456780341168
E01011729,34,23.416666666666668,0.10400906888644784
E01011730,15,15.083333333333334,0.0
E01011731,4,2.75,0.03848236009936728
E01011732,7,7.916666666666667,0.0
E01011733,7,8.416666666666666,0.14585478106794425
E01011734,9,14.833333333333334,0.15149210536404864
E01011735,15,16.25,0.06169724111928046
E01011736,4,4.25,0.0
E01011737,13,14.916666666666666,0.0
E01011738,26,10.083333333333334,0.0
E01011739,20,13.583333333333334,0.13171608973716442
E01011740,7,9.833333333333334,0.011878402333113141
E01011741,2,6.333333333333333,0.0
E01011742,30,20.5,0.04712807134396212
E01011743,0,3.6666666666666665,0.10560098434437926
E01011744,2,2.8333333333333335,0.0
E01011745,15,11.833333333333334,0.13950364609831364
E01011746,7,17.166666666666668,0.16597526336988427
E01011747,12,13.916666666666666,0.17188944414046808
E01011748,8,8.166666666666666,0.0
E01011749,0,0.0,0.0
E01011750,20,15.416666666666666,0.004051873573577246
E01011751,1,3.8333333333333335,0.0
E01011752,12,18.166666666666668,0.0
E01011753,7,8.833333333333334,0.05622173384967977
E01011754,3,9.166666666666666,0.017936216172547825
E01011755,17,10.75,0.1389686329206078
E01011756,14,12.75,0.0
E01011757,9,7.0,0.06221231748177945
E01011758,20,16.833333333333332,0.12470004119012063
E01011759,8,11.416666666666666,0.10891877638135035
E01011760,0,0.0,0.11582219012865755
E01011761,20,15.0,0.10953570688150868
E01011762,35,21.083333333333332,0.18572564494021498
E01011763,7,10.083333333333334,0.0
E01011764,18,12.416666666666666,0.034757336252498515
E01011765,5,7.166666666666667,0.0
E01011766,1,4.333333333333333,0.0
E01011767,4,4.583333333333333,0.0
E01011768,1,4.333333333333333,0.0
E01011769,0,0.0,0.0
E01011770,6,9.083333333333334,0.0
E01011771,5,9.333333333333334,0.0
E01011772,4,5.083333333333333,0.13662658073288309
E01011773,6,2.1666666666666665,0.0
E01011774,9,6.833333333333333,0.08942296491600427
E01011775,0,0.0,0.0
E01011776,5,11.5,0.15496850102491966
E01011777,14,9.5,0.14369498509765072
E01011778,0,4.666666666666667,0.058871636720938245
E01011779,6,7.666666666666667,0.07253665455687468
E01011780,33,18.833333333333332,0.0
E01011781,4,16.0,0.18900875946891846
E01011782,13,4.583333333333333,0.1258242650827239
E01011783,9,15.583333333333334,0.1609451133529582
E01011784,8,6.166666666666667,0.06455721232868868
E01011785,4,8.75,0.0
E01011786,6,7.083333333333333,0.13737334274256727
E01011787,13,13.25,0.0
E01011788,7,5.25,0.033102417414092006
E01011789,13,10.5,0.0
E01011790,13,12.416666666666666,0.16038120026686065
E01011791,6,6.5,0.0
E01011792,15,12.916666666666666,0.0
E01011793,3,5.083333333333333,0.03127558424953278
E01011794,8,7.0,0.09827983927913601
E01011795,1,4.666666666666667,0.04850668459105072
E01011796,1,3.1666666666666665,0.0
E01011797,2,2.75,0.0
E01011798,16,10.25,0.10504265651454975
E01011799,6,5.833333333333333,0.1614388137860294
E01011800,3,4.25,0.10454118490108091
E01011801,15,8.666666666666666,0.011650100665855083
E01011802,5,9.083333333333334,0.1458523376395097
E01011803,18,23.416666666666668,0.03668757478649162
E01011804,6,9.916666666666666,0.03447047249463246
E01011805,5,14.166666666666666,0.03169642624955097
E01011806,5,10.166666666666666,0.01195783542179401
E01011807,8,9.583333333333334,0.10864024280903811
E01011808,14,19.666666666666668,0.061557549023669104
E01011809,7,11.333333333333334,0.0
E01011810,3,4.25,0.0
E01011811,9,17.5,0.0
E01011812,4,4.166666666666667,0.03629898857398616
E01011813,8,11.25,0.0
E01011814,17,12.25,0.0
E01011815,5,6.25,0.06315964916191182
E01011816,0,9.166666666666666,0.07931174536642384
E01011817,2,7.083333333333333,0.09492521569272279
E01011818,6,4.583333333333333,0.01354755291155702
E01011819,30,25.5,0.18761987441668876
E01011820,3,5.583333333333333,0.14609901563162528
E01011821,4,5.25,0.10650023634917799
E01011822,12,5.916666666666667,0.0567814694153389
E01011823,6,4.166666666666667,0.0
E01011824,5,7.0,0.16393541570130787
E01011825,4,6.25,0.0
E01011826,4,3.4166666666666665,0.0
E01011827,2,3.8333333333333335,0.0
E01011828,11,7.25,0.0
E01011829,7,4.833333333333333,0.15670324981206118
E01011830,11,13.416666666666666,0.0630462837541404
E01011831,9,7.416666666666667,0.03727161071540136
E01011832,2,5.333333333333333,0.06125464718152857
E01011833,14,5.916666666666667,0.015210519146044738
E01011834,7,7.666666666666667,0.0
E01011835,6,6.916666666666667,0.052518517067179124
E01011836,12,15.333333333333334,0.10658498232031546
E01011837,58,50.25,0.1117904246966285
E01011838,11,16.333333333333332,0.12164319645692148
E01011839,10,14.166666666666666,0.0
E01011840,6,9.833333333333334,0.0
E01011841,16,16.666666666666668,0.0
E01011842,9,8.083333333333334,0.0
E01011843,7,11.666666666666666,0.13585684264212763
E01011844,3,4.416666666666667,0.110394485054336
E01011845,6,3.3333333333333335,0.0
E01011846,2,4.25,0.03830286960332476
E01011847,3,4.5,0.07849257015227282
E01011848,3,3.25,0.0
E01011849,6,7.5,0.0
E01011850,12,10.666666666666666,0.1706603243869185
E01011851,10,7.416666666666667,0.055453177179034335
E01011852,9,15.416666666666666,0.18638434458366687
E01011853,5,7.333333333333333,0.0
E01011854,6,7.5,0.08132230200856969
E01011855,5,6.75,0.0
E01011856,23,6.25,0.0
E01011857,4,2.4166666666666665,0.010148091586149162
E01011858,5,4.833333333333333,0.0
E01011859,14,14.0,0.0
E01011860,11,12.75,0.0
E01011861,4,3.9166666666666665,0.0
E01011862,12,10.833333333333334,0.09081223046683409
E01011863,13,7.75,0.018728215542633056
E01011864,4,12.416666666666666,0.0
E01011865,6,7.25,0.0
E01011866,11,10.0,0.0
E01011867,29,24.583333333333332,0.10068643853628981
E01011868,10,13.333333333333334,0.0
E01011869,29,17.833333333333332,0.12482178314939449
E01011870,1,6.916666666666667,0.0
E01011871,12,9.5,0.0
E01011872,23,19.083333333333332,0.16913921800912354
E01011873,3,4.0,0.07644621784538326
E01011874,0,2.8333333333333335,0.0
E01011875,1,6.083333333333333,0.11289487375879956
E01011876,12,19.583333333333332,0.05121060450470148
E01011877,2,3.0833333333333335,0.11242683375736232
E01011878,2,2.25,0.03634576994001709
E01011879,6,4.0,0.06543673201856708
E01011880,4,7.416666666666667,0.16823645133486123
E01011881,3,3.9166666666666665,0.0
E01011882,8,5.833333333333333,0.05306028844111779
E01011883,6,5.083333333333333,0.0019317538282877765
E01011884,27,31.0,0.0
E01011885,5,7.666666666666667,0.0
E01011886,10,6.333333333333333,0.0
E01011887,17,14.583333333333334,0.08441906219331768
E01011888,7,6.0,0.036479159987081844
E01011889,11,6.333333333333333,0.03326633716290821
E01011890,3,3.6666666666666665,0.0
E01011891,7,7.333333333333333,0.010750073323969458
E01011892,16,7.833333333333333,0.14870687256981457
E01011893,2,3.0,0.0
E01011894,6,3.75,0.047683136944702026
E01011895,2,3.0,0.09211071949347516
E01011896,2,8.583333333333334,0.10853889016125531
E01011897,11,10.416666666666666,0.03413512474126229
E01011898,12,12.5,0.14140690364791797
E01011899,14,16.666666666666668,0.012775188045413492
E01011900,6,11.75,0.14858800526102353
E01011901,13,10.916666666666666,0.0
E01011902,7,9.166666666666666,0.0
E01011903,33,16.333333333333332,0.0
E01011904,11,10.083333333333334,0.11611841578463997
E01011905,5,8.916666666666666,0.0
E01011906,14,18.166666666666668,0.0
E01011907,35,35.0,0.01479677936118165
E01011908,16,19.916666666666668,0.1746272856121358
E01011909,5,6.0,0.11650521375137526
E01011910,20,13.25,0.05212186483600506
E01011911,11,14.666666666666666,0.07475158895665102
E01011912,24,28.25,0.06918585442659785
E01011913,14,12.75,0.0022017092914040567
E01011914,6,11.333333333333334,0.15548906119017625
E01011915,11,11.583333333333334,0.0
E01011916,0,0.0,0.0
E01011917,34,21.916666666666668,0.013019286844083176
E01011918,15,18.333333333333332,0.04934315211526285
E01011919,23,15.666666666666666,0.029929616797664572
E01011920,44,32.833333333333336,0.09502952676681455
E01011921,7,8.166666666666666,0.0
E01011922,6,10.333333333333334,0.032066741676482546
E01011923,12,16.666666666666668,0.0
E01011924,3,5.083333333333333,0.0
E01011925,13,12.5,0.0
E01011926,17,20.083333333333332,0.133456688470571
E01011927,10,10.0,0.005449632278741637
E01011928,3,3.4166666666666665,0.047292265800966835
E01011929,4,4.166666666666667,0.07961844300049535
E01011930,7,7.333333333333333,0.0737541740100334
E01011931,2,3.0833333333333335,0.0
E01011932,2,3.8333333333333335,0.0
E01011933,12,6.416666666666667,0.0
E01011934,5,5.666666666666667,0.057437637491355296
E01011935,6,4.833333333333333,0.011593216893085942
E01011936,6,8.25,0.1271937456145164
E01011937,3,5.75,0.1280604025105335
E01011938,8,14.166666666666666,0.0
E01011939,18,10.5,0.0
E01011940,10,7.75,0.060213496227674426
E01011941,0,3.25,0.0
E01011942,4,2.8333333333333335,0.0
E01011943,15,16.083333333333332,0.16036689924390582
E01011944,12,19.75,0.0
E01011945,5,6.333333333333333,0.14602166431953273
E01011946,1,1.6666666666666667,0.06976651126710505
E01011947,1,1.5833333333333333,0.08310541417689277
E01011948,2,2.25,0.0
E01011964,0,0.08333333333333333,0.0
E01011965,0,0.08333333333333333,0.0066071349474011755
E01011973,0,0.0,0.0
E01011974,0,0.08333333333333333,0.0
E01011979,0,0.0,0.0
E01011981,0,0.08333333333333333,0.0
E01011985,0,0.08333333333333333,0.0
E01011989,1,0.0,0.08656555260247698
E01012002,0,0.0,0.0
E01012005,0,0.0,0.0
E01012010,0,0.08333333333333333,0.039033291588862984
E01012016,0,0.08333333333333333,0.14302174461791642
E01012018,0,0.08333333333333333,0.0
E01012020,0,0.08333333333333333,0.0
E01012021,0,0.08333333333333333,0.021343006410440683
E01012040,0,0.16666666666666666,0.12235988092905672
E01012041,0,0.0,0.08521853394854365
E01012051,0,0.0,0.036754760523814795
E01012057,0,0.08333333333333333,0.0
E01012058,0,0.16666666666666666,0.01301766958322887
E01012060,0,0.0,0.0
E01012067,0,0.0,0.05368362728420098
E01012068,0,0.08333333333333333,0.0677556144694767
E01012082,0,0.0,0.13950948687297562
E01012100,0,0.0,0.0
E01012110,0,0.08333333333333333,0.0
E01012114,0,0.0,0.013682539328145171
E01012117,0,0.08333333333333333,0.062263960119225775
E01012137,0,0.0,0.08712224276489638
E01012138,0,0.0,0.0
E01012144,0,0.08333333333333333,0.0
E01012150,0,0.08333333333333333,0.00400408638037034
E01012163,0,0.08333333333333333,0.0
E01012170,0,0.08333333333333333,0.10838025477641497
E01012175,0,0.0,0.0
E01012189,0,0.08333333333333333,0.09010040203078232
E01012194,0,0.08333333333333333,0.02441273694488758
E01012198,0,0.08333333333333333,0.08215385128531502
E01012201,0,0.08333333333333333,0.0
E01012254,0,0.0,0.09942498657909335
E01012273,0,0.08333333333333333,0.0
E01012277,0,0.08333333333333333,0.014056451201168694
E01012284,0,0.08333333333333333,0.0
E01012286,0,0.0,0.0
E01012314,0,0.08333333333333333,0.0
E01012327,0,0.0,0.0
E01012332,1,0.0,0.14009550540841123
E01012347,0,0.08333333333333333,0.0
E01012355,0,0.08333333333333333,0.08642456003740001
E01012359,0,0.0,0.14524948784496447
E01012374,0,0.08333333333333333,0.0
E01012385,0,0.08333333333333333,0.059935033012809946
E01012386,0,0.0,0.0
E01012389,0,0.3333333333333333,0.0
E01012391,0,0.0,0.0
E01012393,0,0.0,0.13056534305126252
E01012401,0,0.08333333333333333,0.0
E01012417,0,0.0,0.0263657075789345
E01012420,0,0.0,0.00041894357859728615
E01012421,0,0.0,0.11201524931131426
E01012436,0,0.0,0.0
E01012442,0,0.08333333333333333,0.05468461776617656
E01012443,0,0.08333333333333333,0.05425971833016463
E01012455,0,0.08333333333333333,0.050950813858866406
E01012457,0,0.08333333333333333,0.13292715728069252
E01012459,0,0.0,0.09692625870206412
E01012460,0,0.08333333333333333,0.0
E01012468,0,0.0,0.0
E01012469,0,0.3333333333333333,0.0
E01012471,0,0.0,0.0
E01012480,1,0.08333333333333333,0.0
E01012494,0,0.16666666666666666,0.0
E01012496,0,0.0,0.0
E01012525,0,0.0,0.14377855968259276
E01012546,0,0.0,0.0
E01012557,0,0.0,0.12666926095161893
E01012561,0,0.0,0.0
E01012575,0,0.0,0.03712267364986235
E01012594,0,0.0,0.09905488998530815
E01012597,0,0.0,0.0
E01012605,0,0.16666666666666666,0.0
E01012606,0,0.08333333333333333,0.0
E01012619,0,0.0,0.0
E01012621,0,0.08333333333333333,0.12788560529424994
E01012625,0,0.0,0.09867896735790363
E01012638,0,0.0,0.0
E01012643,0,0.0,0.0
E01012644,0,0.0,0.0
E01012650,0,0.08333333333333333,0.0
E01012656,0,0.08333333333333333,0.03595473738151733
E01012657,0,0.0,0.0
E01012672,0,0.0,0.006711979190040324
E01012675,0,0.08333333333333333,0.0
E01012679,0,0.16666666666666666,0.0
E01012681,0,0.25,0.05383764350234097
E01012686,0,0.08333333333333333,0.0
E01012694,0,0.0,0.14348084579969642
E01012697,0,0.0,0.11223113881986321
E01012698,0,0.0,0.0
E01012714,0,0.0,0.0
E01012719,0,0.08333333333333333,0.1039146988346871
E01012736,0,0.0,0.12337029309440142
E01012737,0,0.08333333333333333,0.09641502682589248
E01012739,0,0.08333333333333333,0.0
E01012745,0,0.16666666666666666,0.14982815792404922
E01012747,0,0.0,0.0
E01012748,0,0.08333333333333333,0.06748828264269247
E01012751,0,0.0,0.12241046290071647
E01012756,6,8.333333333333334,0.0
E01012757,16,17.5,0.1701074144412237
E01012758,9,5.583333333333333,0.0
E01012759,8,10.833333333333334,0.17240911073880494
E01012760,1,3.5,0.0
E01012761,22,14.75,0.17617590505946665
E01012762,4,5.166666666666667,0.0
E01012763,20,28.083333333333332,0.13921616916209156
E01012764,2,4.083333333333333,0.020746971359992025
E01012765,3,4.25,0.00493037194607298
E01012766,2,3.4166666666666665,0.0
E01012767,5,6.083333333333333,0.07823577934619322
E01012768,6,6.666666666666667,0.0
E01012769,0,1.9166666666666667,0.021069141199603753
E01012770,1,2.5,0.0
E01012771,1,2.3333333333333335,0.14303706033948732
E01012772,2,5.166666666666667,0.0
E01012773,2,3.6666666666666665,0.0
E01012774,1,5.5,0.0
E01012775,4,9.583333333333334,0.0003033597512113323
E01012776,2,5.5,0.0
E01012777,6,5.75,0.013054534293155416
E01012778,8,7.916666666666667,0.13328649299479917
E01012779,8,9.833333333333334,0.090382464844162
E01012780,9,10.583333333333334,0.05279331178357709
E01012781,15,10.333333333333334,0.0
E01012782,7,9.833333333333334,0.08496107093819343
E01012783,10,12.5,0.0
E01012784,8,7.333333333333333,0.10586939020447672
E01012785,14,7.833333333333333,0.0
E01012786,10,9.416666666666666,0.0007440129167737772
E01012787,30,21.083333333333332,0.012523687141284476
E01012788,13,9.916666666666666,0.1346344216240492
E01012789,17,13.25,0.0
E01012790,18,13.416666666666666,0.056209681544649566
E01012791,6,3.5,0.0
E01012792,2,2.0,0.06688216204401072
E01012793,7,3.25,0.1303689815454208
E01012794,7,6.833333333333333,0.0
E01012795,11,9.583333333333334,0.022510690100359165
E01012796,1,1.8333333333333333,0.1332166445488205
E01012797,1,3.0833333333333335,0.014689342201520688
E01012798,3,10.25,0.02417701383718626
E01012799,6,2.4166666666666665,0.030076186016553215
E01012800,9,7.333333333333333,0.07672809532485292
E01012801,2,1.1666666666666667,0.0
E01012802,6,5.666666666666667,0.11175615673479321
E01012803,2,3.0,0.0
E01012804,3,9.583333333333334,0.0
E01012805,38,34.083333333333336,0.17861960003367577
E01012806,8,12.833333333333334,0.0
E01012807,2,3.3333333333333335,0.0
E01012808,6,11.833333333333334,0.07234056148874063
E01012809,20,21.75,0.17323650287745018
E01012810,6,5.75,0.13197586003671577
E01012811,4,4.916666666666667,0.15068076165339733
E01012812,3,4.833333333333333,0.12346654834053032
E01012813,1,2.3333333333333335,0.0
E01012814,2,2.5,0.0
E01012815,0,1.9166666666666667,0.1007793763758242
E01012816,12,5.75,0.0
E01012817,23,20.583333333333332,0.08648632555872926
E01012818,2,3.3333333333333335,0.04096743621961747
E01012819,6,2.5833333333333335,0.0
E01012820,3,3.0833333333333335,0.12973410379109981
E01012821,14,8.666666666666666,0.024556618834705772
E01012822,7,8.25,0.011889332999213496
E01012823,0,0.0,0.14925412369856875
E01012824,5,5.75,0.013699916434304842
E01012825,14,11.666666666666666,0.0
E01012826,0,0.0,0.003920826859031418
E01012827,31,24.75,0.16156723430986875
E01012828,3,4.416666666666667,0.09507896447910111
E01012829,12,5.916666666666667,0.10267795434542404
E01012830,9,5.833333333333333,0.07828375121207481
E01012832,19,14.416666666666666,0.0
E01012833,2,7.25,0.12835759136785532
E01012834,10,8.916666666666666,0.14230158123229433
E01012835,2,3.75,0.0
E01012836,23,18.75,0.0
E01012837,10,10.0,0.16989854659850723
E01012838,11,11.083333333333334,0.14066275951924284
E01012839,4,5.083333333333333,0.13180618097405228
E01012840,8,12.0,0.1485733826134469
E01012841,7,12.25,0.04584694083679121
E01012842,7,6.916666666666667,0.06274565141480003
E01012843,17,25.666666666666668,0.0834659660959782
E01012844,12,10.5,0.0
E01012845,3,6.833333333333333,0.09224924722071046
E01012846,11,13.583333333333334,0.03856944443033995
E01012847,6,13.333333333333334,0.08060213046610046
E01012848,24,31.416666666666668,0.08629885916106612
E01012849,15,7.833333333333333,0.0188634239137928
E01012850,28,19.583333333333332,0.0
E01012851,0,0.0,0.0
E01012852,30,31.083333333333332,0.0
E01012854,32,34.333333333333336,0.002145114362358924
E01012855,30,28.083333333333332,0.21832777978723913
E01012856,14,10.5,0.0
E01012857,19,23.25,0.0
E01012858,17,11.25,0.05779608534607084
E01012859,10,14.333333333333334,0.07206468650220145
E01012860,3,7.416666666666667,0.0
E01012862,5,12.833333333333334,0.12304378296350653
E01012863,8,8.916666666666666,0.10982940199326233
E01012864,18,9.833333333333334,0.0
E01012865,24,20.5,0.0
E01012866,15,13.666666666666666,0.16859300286760642
E01012867,7,10.583333333333334,0.12650615141688717
E01012868,27,15.083333333333334,0.10039150275159907
E01012869,27,17.0,0.0
E01012870,3,6.416666666666667,0.0
E01012871,30,33.416666666666664,0.10874089049580835
E01012872,8,7.583333333333333,0.0
E01012873,6,6.25,0.0014786346460758798
E01012874,4,7.416666666666667,0.050493746462755784
E01012875,25,15.0,0.0
E01012876,20,11.25,0.11490263370964149
E01012877,9,9.666666666666666,0.12844469531268948
E01012878,18,10.833333333333334,0.0
E01012879,9,7.916666666666667,0.12314398236497459
E01012880,21,14.416666666666666,0.0
E01012881,27,16.916666666666668,0.14736091602363066
E01012882,12,7.083333333333333,0.0
E01012883,1,3.0,0.0
E01012884,24,19.25,0.09492545417421763
E01012886,6,8.083333333333334,0.013581663344188671
E01012887,10,10.25,0.1502646625461678
E01012888,16,12.416666666666666,0.0
E01012889,86,45.833333333333336,0.06089051913108448
E01012891,23,19.583333333333332,0.05352053988589957
E01012892,6,14.333333333333334,0.025794969361807293
E01012893,11,10.583333333333334,0.0
E01012894,13,16.75,0.10371095844596942
E01012895,0,0.0,0.07786855017417249
E01012896,12,12.5,0.13991651073625805
E01012897,0,0.0,0.14185698141310285
E01012898,8,9.5,0.0
E01012899,3,5.666666666666667,0.08025104315932684
E01012900,6,13.25,0.004340069877573655
E01012901,3,6.166666666666667,0.0699084427987595
E01012902,0,4.833333333333333,0.005949417515290031
E01012903,12,9.416666666666666,0.173761325250883
E01012904,2,4.75,0.08159874234756746
E01012905,13,7.0,0.15479932934553886
E01012906,7,11.25,0.13111005286885108
E01012907,12,7.5,0.14128309536534153
E01012908,9,3.8333333333333335,0.10475896397274903
E01012909,1,2.0,0.0
E01012910,1,2.5833333333333335,0.0
E01012911,3,2.5,0.0
E01012912,1,2.4166666666666665,0.0
E01012913,13,15.416666666666666,0.04915757827296784
E01012914,16,11.166666666666666,0.03190971930543651
E01012915,7,10.75,0.036833474672553115
E01012916,4,7.916666666666667,0.1637562035088566
E01012917,6,7.166666666666667,0.14294175785205623
E01012918,13,10.75,0.0
E01012919,3,1.75,0.0
E01012920,0,0.0,0.0
E01012921,2,1.5,0.0
E01012922,1,2.0833333333333335,0.0952190090857101
E01012923,7,2.0,0.012654712164630814
E01012924,2,3.4166666666666665,0.03092910589892685
E01012925,0,0.9166666666666666,0.10839896449837355
E01012926,2,2.8333333333333335,0.09948994523077678
E01012927,1,0.9166666666666666,0.0
E01012928,13,10.5,0.0927522840479526
E01012929,14,12.583333333333334,0.014878967498009155
E01012930,3,2.25,0.0
E01012931,4,7.666666666666667,0.0
E01012932,8,8.833333333333334,0.02021660092286867
E01012933,2,2.0,0.0
E01012934,7,6.166666666666667,0.0
E01012935,3,1.6666666666666667,0.06293769488271621
E01012936,10,5.833333333333333,0.09672223220737738
E01012937,9,5.166666666666667,0.0
E01012938,0,0.0,0.0
E01012939,1,1.9166666666666667,0.10984241257374376
E01012940,4,2.6666666666666665,0.0
E01012941,4,1.8333333333333333,0.13612354178043343
E01012942,5,4.0,0.049172784603521244
E01012943,17,22.25,0.007111940208842447
E01012944,23,25.083333333333332,0.0
E01012945,18,8.166666666666666,0.0
E01012946,8,7.833333333333333,0.0
E01012947,12,5.75,0.0
E01012948,19,30.5,0.1166618870833533
E01012949,9,9.333333333333334,0.0
E01012950,10,10.0,0.03580600728275944
E01012951,11,10.333333333333334,0.055159217925840665
E01012952,6,5.75,0.0
E01012953,5,4.0,0.0
E01012954,5,6.083333333333333,0.0
E01012955,2,3.6666666666666665,0.0
E01012956,2,1.5,0.0758199585442299
E01012957,9,8.333333333333334,0.0
E01012958,0,0.6666666666666666,0.09070452619175065
E01012959,3,3.3333333333333335,0.0
E01012960,9,8.25,0.00835350146695241
E01012961,8,10.0,0.031081836774645752
E01012962,6,4.166666666666667,0.07524987692160352
E01012963,2,6.083333333333333,0.0
E01012964,2,4.5,0.0
E01012966,0,2.9166666666666665,0.024755508563789108
E01012967,2,2.5,0.0
E01012968,4,1.9166666666666667,0.0
E01012969,1,1.5833333333333333,0.04839337970463911
E01012970,4,3.0833333333333335,0.006629647949094713
E01012972,1,0.9166666666666666,0.03857854193224878
E01012973,0,0.0,0.01326000063408836
E01012974,2,2.75,0.07942360198681749
E01012975,6,2.25,0.06790482291838507
E01012976,8,5.083333333333333,0.024092304353654028
E01012977,0,0.0,0.05367090625791207
E01012978,3,1.5833333333333333,0.11637724788523132
E01012979,6,4.0,0.0
E01012980,9,7.083333333333333,0.0
E01012981,6,2.0,0.08471709746006877
E01012982,19,8.5,0.04790064873110582
E01012983,3,2.1666666666666665,0.0
E01012984,2,2.5,0.12443786871276781
E01012985,4,3.1666666666666665,0.0
E01012986,3,7.083333333333333,0.09379765487834592
E01012987,5,3.25,0.0864837860183703
E01012988,1,1.9166666666666667,0.14114992798875242
E01012989,7,2.0833333333333335,0.0
E01012990,2,2.1666666666666665,0.03495408704006492
E01012991,0,2.5,0.0
E01012992,4,6.166666666666667,0.0
E01012993,10,7.5,0.0
E01012994,5,4.333333333333333,0.030590293510828006
E01012995,13,11.916666666666666,0.026145876128331025
E01012996,1,2.5833333333333335,0.0
E01012997,7,11.166666666666666,0.06413923135343891
E01012998,6,5.083333333333333,0.0852212728869498
E01012999,10,9.666666666666666,0.10649331113714233
E01013000,71,36.5,0.220954210958202
E01013001,10,10.333333333333334,0.0009655137891325972
E01013002,4,8.666666666666666,0.15950994580551156
E01013003,4,4.916666666666667,0.1230105407355112
E01013004,8,6.75,0.0
E01013005,2,5.75,0.0
E01013006,3,4.0,0.0
E01013007,10,5.5,0.0
E01013008,6,3.5,0.03224176120698207
E01013009,9,6.166666666666667,0.04179972091175148
E01013010,4,6.5,0.09268718172814544
E01013011,11,7.5,0.02337977647801329
E01013012,8,3.0833333333333335,0.0
E01013013,2,3.3333333333333335,0.11655975267318973
E01013014,2,2.1666666666666665,0.0
E01013015,9,8.583333333333334,0.16475054451066665
E01013016,0,2.9166666666666665,0.0
E01013017,13,7.25,0.15720771728553687
E01013018,4,4.333333333333333,0.0
E01013019,13,14.25,0.0
E01013020,4,2.9166666666666665,0.0
E01013021,3,2.0833333333333335,0.06720416399623466
E01013022,0,2.8333333333333335,0.11280112017770674
E01013023,1,4.5,0.0
E01013024,6,3.3333333333333335,0.1376289745199868
E01013025,0,1.5833333333333333,0.03139908873012737
E01013026,3,3.9166666666666665,0.04966215424248497
E01013027,3,3.6666666666666665,0.11360534771821462
E01013028,1,1.9166666666666667,0.0
E01013029,3,2.5,0.0
E01013030,2,0.6666666666666666,0.12360004615984488
E01013031,1,2.5833333333333335,0.127320121617254
E01013032,2,1.6666666666666667,0.14748100886389018
E01013033,3,3.1666666666666665,0.1291702293393963
E01013034,4,1.4166666666666667,0.0
E01013035,5,2.1666666666666665,0.10301431464581381
E01013036,9,6.0,0.0
E01013037,13,4.25,0.15880765559303514
E01013038,22,8.5,0.014818786917147928
E01013039,9,10.666666666666666,0.0451823511738914
E01013040,5,5.75,0.024582281789559395
E01013041,11,10.666666666666666,0.0
E01013042,5,3.0833333333333335,0.0
E01013043,0,2.8333333333333335,0.12640686832674478
E01013044,3,3.75,0.10100913976605116
E01013045,8,5.666666666666667,0.0
E01013046,4,4.083333333333333,0.09414411261391277
E01013047,7,4.0,0.048640822223892474
E01013048,2,3.4166666666666665,0.0
E01013049,9,5.583333333333333,0.0
E01013050,10,6.916666666666667,0.12674376546572985
E01013051,2,3.5,0.06958244739583669
E01013052,0,0.0,0.014321972840741048
E01013053,1,2.5833333333333335,0.039901632975164095
E01013054,5,4.583333333333333,0.0
E01013055,6,2.6666666666666665,0.0
E01013056,8,7.916666666666667,0.0
E01013057,4,0.6666666666666666,0.0
E01013058,3,2.75,0.05587587909204777
E01013059,3,2.5,0.1301811095557298
E01013060,2,2.6666666666666665,0.0
E01013061,0,1.25,0.0
E01013062,23,24.583333333333332,0.11153267722452312
E01013063,3,2.1666666666666665,0.11725314270981296
E01013064,1,1.5,0.07857819874001329
E01013065,4,1.1666666666666667,0.11380249236351637
E01013066,4,1.5,0.015048959706505854
E01013067,1,1.4166666666666667,0.07941862291384186
E01013068,2,3.5,0.0
E01013069,3,2.25,0.0
E01013070,3,2.0,0.0
E01013071,9,12.333333333333334,0.03695642630066453
E01013072,4,4.0,0.13960973048575653
E01013073,1,4.666666666666667,0.1249902608768133
E01013074,7,11.25,0.0
E01013075,1,2.3333333333333335,0.0
E01013076,5,3.0,0.0
E01013077,3,5.416666666666667,0.0
E01013078,6,3.6666666666666665,0.04441087315486236
E01013079,5,2.0,0.1262762255337182
E01013080,10,6.416666666666667,0.15615174011574745
E01013081,0,2.75,0.05356557616655571
E01013082,7,5.25,0.11573671483175718
E01013083,6,10.083333333333334,0.03500452489119423
E01013084,5,9.333333333333334,0.0
E01013085,1,2.5,0.014210787633486637
E01013086,4,2.9166666666666665,0.02446308843764597
E01013087,1,3.9166666666666665,0.083397282872595
E01013088,1,2.3333333333333335,0.0
E01013089,2,2.1666666666666665,0.0
E01013090,6,6.25,0.0
E01013091,1,1.3333333333333333,0.1414608195252526
E01013092,3,4.833333333333333,0.0
E01013093,1,3.5,0.08605415979706471
E01013094,7,2.4166666666666665,0.08182086961759366
E01013095,12,7.25,0.0
E01013096,8,7.75,0.042654125228394194
E01013097,4,1.3333333333333333,0.12191980879849759
E01013098,3,1.8333333333333333,0.0
E01013099,5,2.8333333333333335,0.14124675140893303
E01013100,3,2.0833333333333335,0.0
E01013101,3,1.4166666666666667,0.0
E01013102,2,2.9166666666666665,0.12537446994977544
E01013103,0,2.1666666666666665,0.1102013881933826
E01013104,2,2.0,0.15322037398450816
E01013105,5,10.0,0.08103510245550145
E01013106,12,10.333333333333334,0.15913066922264427
E01013107,8,8.333333333333334,0.12076558754337795
E01013108,0,2.4166666666666665,0.10990535514128802
E01013110,6,4.0,0.03162929354498993
E01013111,2,1.75,0.0
E01013112,6,2.6666666666666665,0.13762530336879084
E01013113,3,3.75,0.0
E01013114,0,0.6666666666666666,0.013460280576352287
E01013115,3,2.5833333333333335,0.0
E01013116,17,5.666666666666667,0.03486849260039753
E01013117,1,1.8333333333333333,0.0
E01013118,1,1.1666666666666667,0.0
E01013119,2,1.3333333333333333,0.11824339660521274
E01013120,5,2.9166666666666665,0.0
E01013121,7,5.5,0.04165247536418011
E01013122,2,1.0,0.0
E01013123,3,4.916666666666667,0.0
E01013124,8,7.916666666666667,0.0
E01013125,6,2.3333333333333335,0.06772645604508559
E01013126,10,6.666666666666667,0.0
E01013127,4,2.8333333333333335,0.13037773132210953
E01013128,18,13.583333333333334,0.0
E01013129,22,27.166666666666668,0.0
E01013130,7,6.0,0.0
E01013131,5,9.166666666666666,0.0
E01013132,2,3.1666666666666665,0.09016037495036536
E01013133,10,5.083333333333333,0.1263456961846458
E01013134,7,5.666666666666667,0.04967180919719807
E01013135,6,10.0,0.0
E01013136,20,24.166666666666668,0.0013579511348835727
E01013137,0,0.0,0.0
E01013138,12,14.916666666666666,0.17690256071946928
E01013139,0,0.0,0.0
E01013140,12,19.416666666666668,0.12234022161824358
E01013141,11,14.75,0.021979624619992227
E01013142,16,19.75,0.0
E01013143,6,4.583333333333333,0.0
E01013144,24,17.666666666666668,0.0
E01013145,4,3.25,0.09845175448618516
E01013146,3,5.5,0.0
E01013147,11,13.916666666666666,0.1055007065881928
E01013148,2,3.9166666666666665,0.0
E01013149,0,1.9166666666666667,0.14174616925387912
E01013150,1,0.9166666666666666,0.0
E01013151,6,6.416666666666667,0.13228690047609554
E01013152,8,7.25,0.11257432850041624
E01013153,3,4.5,0.15260565243422294
E01013154,1,1.8333333333333333,0.0
E01013155,7,1.6666666666666667,0.07275536415741442
E01013156,11,8.0,0.0
E01013157,8,2.3333333333333335,0.0
E01013158,8,6.25,0.0
E01013159,17,13.416666666666666,0.0
E01013160,7,4.666666666666667,0.15731467964607618
E01013161,25,23.166666666666668,0.0
E01013162,10,10.666666666666666,0.05579504345901133
E01013163,7,3.3333333333333335,0.04701150858347465
E01013164,14,16.25,0.05565157889759845
E01013165,9,16.25,0.09288348174893224
E01013166,0,0.0,0.0
E01013167,4,8.416666666666666,0.039413246079913464
E01013168,0,0.0,0.0
E01013169,0,0.0,0.13205281899031698
E01013170,2,2.0,0.08406490723627243
E01013171,2,4.0,0.15264116705663222
E01013172,7,5.916666666666667,0.0
E01013173,0,3.8333333333333335,0.0
E01013174,14,12.916666666666666,0.0
E01013175,0,3.0833333333333335,0.0
E01013176,9,5.25,0.0
E01013177,17,11.666666666666666,0.08538602708153126
E01013178,3,2.4166666666666665,0.0
E01013179,2,4.333333333333333,0.014495091254220712
E01013180,2,5.333333333333333,0.1308611977011122
E01013181,37,17.583333333333332,0.1059840329430079
E01013182,8,5.75,0.0
E01013183,9,9.25,0.0
E01013184,7,5.666666666666667,0.002143742614883806
E01013185,6,7.916666666666667,0.0
E01013186,6,4.5,0.05244790543459457
E01013187,19,13.083333333333334,0.0
E01013188,2,6.25,0.12272026479222163
E01013189,1,1.4166666666666667,0.08082154762042948
E01013190,0,0.0,0.03315394922764803
E01013191,7,4.583333333333333,0.0
E01013192,6,8.833333333333334,0.0
E01013193,1,1.8333333333333333,0.08783535283567868
E01013194,3,2.9166666666666665,0.003861037703676599
E01013195,10,10.75,0.0
E01013196,5,5.833333333333333,0.0
E01013197,29,38.25,0.003725510633691892
E01013198,8,5.666666666666667,0.09857135727401688
E01013199,22,18.0,0.0
E01013200,4,3.0,0.01615779586409133
E01013201,17,18.0,0.034454609131109495
E01013202,10,10.333333333333334,0.05200756099098461
E01013203,12,16.75,0.15873503894782914
E01013204,11,8.666666666666666,0.1339123322433897
E01013205,22,16.166666666666668,0.029323728782658626
E01013206,1,5.5,0.0
E01013207,8,4.916666666666667,0.0
E01013208,15,9.166666666666666,0.05680702924720128
E01013209,7,5.75,0.03297923494193838
E01013210,10,8.583333333333334,0.06876213815875071
E01013211,10,9.75,0.0
E01013212,8,10.75,0.07321886485762642
E01013213,3,3.0833333333333335,0.0
E01013214,3,1.75,0.07992017901283509
E01013215,8,2.0833333333333335,0.0
E01013216,2,1.4166666666666667,0.06682437961752066
E01013217,0,2.4166666666666665,0.0
E01013218,11,9.416666666666666,0.0
E01013219,7,12.083333333333334,0.09439763270530964
E01013220,14,11.833333333333334,0.0
E01013221,93,99.91666666666667,0.3605298648567218
E01013222,41,30.666666666666668,0.1226995583982521
E01013223,0,0.0,0.026268531644939502
E01013224,5,7.583333333333333,0.0
E01013225,4,7.083333333333333,0.01401418912975826
E01013226,6,5.75,0.044854597505875775
E01013227,2,5.0,0.005347162185353964
E01013228,7,2.6666666666666665,0.06675187878797433
E01013229,8,6.333333333333333,0.0
E01013231,8,12.75,0.0
E01013233,15,11.083333333333334,0.0
E01013234,12,7.833333333333333,0.0
E01013236,2,5.166666666666667,0.0
E01013237,5,8.166666666666666,0.0969025545613377
E01013238,13,13.583333333333334,0.12521864708085872
E01013239,22,17.5,0.0
E01013240,0,0.0,0.1377131990614223
E01013241,1,2.8333333333333335,0.008432337250207225
E01013242,0,3.3333333333333335,0.13416597671280867
E01013243,4,5.5,0.07699896537046484
E01013244,10,4.5,0.07897770211652205
E01013245,6,6.916666666666667,0.0
E01013246,2,5.25,0.0
E01013247,5,5.583333333333333,0.0
E01013248,2,5.0,0.07844682015390808
E01013249,2,5.166666666666667,0.0
E01013250,7,3.6666666666666665,0.0959753420308877
E01013251,2,1.4166666666666667,0.0
E01013252,2,2.4166666666666665,0.10237758089492027
E01013253,5,5.166666666666667,0.0
E01013254,9,7.166666666666667,0.0
E01013255,9,9.833333333333334,0.0
E01013256,3,3.6666666666666665,0.0
E01013257,2,2.9166666666666665,0.0
E01013258,5,4.0,0.08998093216567542
E01013259,5,7.5,0.0
E01013260,6,4.833333333333333,0.0
E01013261,2,2.9166666666666665,0.10911030786098844
E01013262,2,1.4166666666666667,0.0
E01013263,6,2.75,0.140187742707395
E01013264,4,4.333333333333333,0.15768911029103913
E01013265,2,1.5,0.0
E01013266,6,2.3333333333333335,0.0
E01013267,2,2.5,0.0
E01013268,0,1.5,0.08699996899908385
E01013269,2,1.5,0.032860602038286196
E01013270,7,4.916666666666667,0.05669142935847559
E01013271,8,9.25,0.1024287236656924
E01013272,25,17.583333333333332,0.0
E01013273,4,5.333333333333333,0.11447860028469131
E01013274,6,4.416666666666667,0.07370680766365989
E01013275,3,2.75,0.030687207964898842
E01013276,6,4.75,0.12984870204525947
E01013277,0,1.5833333333333333,0.06440127336858964
E01013278,14,14.916666666666666,0.0
E01013279,17,13.5,0.015666639952094448
E01013280,7,5.166666666666667,0.012275005691969711
E01013281,3,7.166666666666667,0.0
E01013282,17,13.916666666666666,0.1742683236383184
E01013283,12,10.583333333333334,0.0
E01013284,10,9.0,0.08373373058761432
E01013285,5,4.0,0.012756133235973506
E01013286,29,29.166666666666668,0.0
E01013287,1,3.0,0.1355893595658406
E01013288,3,3.4166666666666665,0.11485020345311929
E01013289,7,5.083333333333333,0.021112715182218935
E01013290,5,2.8333333333333335,0.0
E01013291,4,8.166666666666666,0.0
E01013292,9,5.25,0.0
E01013293,4,1.8333333333333333,0.0
E01013294,1,2.4166666666666665,0.008584815507151573
E01013295,6,3.0,0.14808790564356075
E01013296,14,15.5,0.06467248480264157
E01013297,11,9.75,0.14351594638825865
E01013298,21,22.833333333333332,0.10740926249844965
E01013299,6,11.416666666666666,0.02364676360101837
E01013300,18,17.0,0.15265126405702656
E01013301,6,7.25,0.011142798667685135
E01013302,5,3.0,0.1187535679596404
E01013303,2,3.5833333333333335,0.0
E01013304,1,3.4166666666666665,0.0
E01013305,6,1.8333333333333333,0.11158413291287332
E01013306,0,4.0,0.037111371546509495
E01013307,4,4.583333333333333,0.12920220348466763
E01013308,13,8.666666666666666,0.15493627731658546
E01013309,2,3.0,0.0
E01013310,15,14.25,0.039075095388687954
E01013311,18,18.5,0.012840918362640022
E01013312,17,17.0,0.08402651435805034
E01013313,7,8.75,0.111892283179749
E01013314,5,5.916666666666667,0.0
E01013315,5,10.583333333333334,0.045844232934995274
E01013316,7,4.083333333333333,0.07373220518036076
E01013317,19,20.333333333333332,0.0
E01013318,2,5.25,0.10850902619681121
E01013319,13,13.5,0.06857590558528634
E01013320,2,5.833333333333333,0.1507378471467968
E01013321,3,4.333333333333333,0.0
E01013322,1,4.666666666666667,0.0
E01013323,1,2.5,0.008754624316521003
E01013324,2,2.6666666666666665,0.0
E01013325,2,1.75,0.1456209418010124
E01013326,2,2.5,0.0
E01013327,1,1.75,0.0808141551360028
E01013328,1,0.9166666666666666,0.010025616244669112
E01013329,2,3.6666666666666665,0.0
E01013330,77,64.83333333333333,0.046209895893762176
E01013331,31,32.166666666666664,0.12419827412212088
E01013332,15,8.916666666666666,0.04983464043670141
E01013333,17,8.833333333333334,0.0
E01013334,3,8.416666666666666,0.14597419924141974
E01013336,0,0.0,0.0
E01013343,0,0.08333333333333333,0.0
E01013344,1,0.0,0.0131287367755967
E01013350,0,0.0,0.0
E01013357,0,0.0,0.12964851576408967
E01013361,0,0.0,0.0
E01013362,0,0.0,0.0
E01013366,0,0.08333333333333333,0.0
E01013368,0,0.0,0.030060764127774198
E01013373,0,0.0,0.004095801546398881
E01013378,0,0.0,0.0583625922111822
E01013382,0,0.0,0.0
E01013385,0,0.08333333333333333,0.0
E01013386,0,0.0,0.09576917305203067
E01013396,0,0.08333333333333333,0.0
E01013409,0,0.0,0.10664578640878727
E01013410,0,0.08333333333333333,0.0
E01013412,0,0.0,0.10033626446750885
E01013419,0,0.08333333333333333,0.0
E01013420,0,0.0,0.033662718977164746
E01013424,0,0.0,0.0
E01013432,0,0.16666666666666666,0.0
E01013439,0,0.0,0.0
E01013440,0,0.0,0.0
E01013447,0,0.0,0.0
E01013453,0,0.16666666666666666,0.004768591553668939
E01013454,0,0.0,0.026627839069502862
E01013455,0,0.16666666666666666,0.08741404981428574
E01013457,0,0.08333333333333333,0.047098776774689044
E01013459,0,0.08333333333333333,0.032854306339047346
E01013460,0,0.08333333333333333,0.0
E01013461,0,0.08333333333333333,0.0
E01013464,0,0.08333333333333333,0.0
E01013468,0,0.0,0.10264980901841494
E01013470,0,0.0,0.0
E01013471,0,0.08333333333333333,0.0
E01013472,0,0.08333333333333333,0.045622777968053224
E01013474,0,0.08333333333333333,0.0
E01013475,0,0.08333333333333333,0.11726134969312421
E01013476,0,0.08333333333333333,0.10794070771217826
E01013477,0,0.0,0.0
E01013480,1,0.0,0.0
E01013483,0,0.08333333333333333,0.0
E01013484,0,0.25,0.03344722523135075
E01013486,0,0.0,0.0
E01013488,0,0.0,0.0650393150098112
E01013491,0,0.0,0.028474806275661457
E01013493,1,0.0,0.0
E01013494,0,0.0,0.0
E01013496,0,0.0,0.07504508438955529
E01013499,1,0.08333333333333333,0.0
E01013500,0,0.0,0.1003421230387885
E01013501,0,0.16666666666666666,0.0
E01013502,0,0.0,0.02312323278952963
E01013506,1,0.0,0.11188461912270056
E01013509,0,0.3333333333333333,0.10999413547671182
E01013510,0,0.16666666666666666,0.0
E01013511,0,0.08333333333333333,0.0
E01013515,0,0.0,0.0825438233185784
E01013517,0,0.0,0.0
E01013519,1,0.16666666666666666,0.0
E01013520,0,0.0,0.12132760269514506
E01013521,0,0.0,0.0
E01013522,0,0.0,0.0
E01013523,0,0.25,0.0
E01013524,0,0.08333333333333333,0.03692141573646074
E01013525,0,0.0,0.04850251821525911
E01013528,0,0.0,0.0
E01013529,0,0.08333333333333333,0.0
E01013530,0,0.0,0.0
E01013535,0,0.0,0.054047564027663586
E01013536,0,0.16666666666666666,0.0
E01013537,0,0.0,0.1287349058073977
E01013539,0,0.0,0.0
E01013542,1,0.0,0.14990196157262767
E01013543,0,0.0,0.0
E01013545,0,0.08333333333333333,0.08169074599389467
E01013547,0,0.0,0.0
E01013549,0,0.16666666666666666,0.0
E01013550,0,0.08333333333333333,0.11270680610537612
E01013553,0,0.0,0.10762537775726758
E01013554,0,0.08333333333333333,0.0
E01013555,0,0.0,0.06071884276212805
E01013558,0,0.0,0.01711977980517515
E01013561,0,0.0,0.10588683410212466
E01013562,0,0.0,0.0
E01013565,0,0.0,0.007101719999695555
E01013566,0,0.0,0.0
E01013567,0,0.16666666666666666,0.0
E01013570,0,0.0,0.11743651936691166
E01013571,0,0.0,0.0
E01013573,0,0.16666666666666666,0.0
E01013575,0,0.0,0.023072860596825395
E01013580,0,0.0,0.047248268995482595
E01013581,0,0.08333333333333333,0.0
E01013582,0,0.0,0.0
E01013583,0,0.16666666666666666,0.13442277049398602
E01013584,0,0.08333333333333333,0.0
E01013587,0,0.0,0.05050821063521821
E01013589,0,0.08333333333333333,0.07227162690945868
E01013590,1,0.25,0.0
E01013591,0,0.0,0.13125779602787488
E01013593,1,0.0,0.07099702056563714
E01013595,0,0.08333333333333333,0.0
E01013597,0,0.0,0.020800560532828194
E01013598,0,0.0,0.05778403302753021
E01013600,14,19.083333333333332,0.07959626937031683
E01013601,6,5.333333333333333,0.12812503835943534
E01013602,14,10.166666666666666,0.0
E01013603,10,12.666666666666666,0.0
E01013604,8,6.916666666666667,0.0
E01013605,2,9.166666666666666,0.0
E01013606,6,4.666666666666667,0.0
E01013607,0,0.0,0.11101655793278484
E01013608,6,4.75,0.06644604553211468
E01013609,6,8.0,0.06993336944836476
E01013610,5,8.583333333333334,0.05775415209915485
E01013611,3,7.833333333333333,0.12608577062528747
E01013612,12,14.5,0.033544808931260016
E01013613,6,10.333333333333334,0.13924753978998952
E01013614,17,13.833333333333334,0.0
E01013615,7,6.25,0.14502291131533568
E01013616,9,8.666666666666666,0.08318520924324252
E01013617,43,29.916666666666668,0.008577500072467659
E01013618,3,2.5,0.02602974051203095
E01013619,11,10.583333333333334,0.038713886069520434
E01013620,7,7.583333333333333,0.0
E01013621,19,15.416666666666666,0.06933249975875194
E01013622,11,16.833333333333332,0.0
E01013623,10,9.166666666666666,0.0
E01013624,4,4.666666666666667,0.14729814012213047
E01013625,8,11.666666666666666,0.07420034274468892
E01013626,5,5.083333333333333,0.12691101637232238
E01013627,4,2.4166666666666665,0.059394256709237904
E01013628,17,12.666666666666666,0.0
E01013629,6,3.6666666666666665,0.013786008906627093
E01013630,3,3.4166666666666665,0.06202318891159243
E01013631,10,10.25,0.16597317998274927
E01013632,8,13.25,0.0
E01013633,8,9.833333333333334,0.13925655600864606
E01013634,19,10.25,0.15512082401059882
E01013635,4,9.833333333333334,0.07788809281909771
E01013636,3,6.916666666666667,0.14820511863546143
E01013637,10,15.75,0.012230439477504025
E01013638,4,9.583333333333334,0.1619878648329992
E01013639,6,3.6666666666666665,0.07081445035777614
E01013640,18,10.75,0.0
E01013641,5,12.583333333333334,0.15630997837311433
E01013642,6,6.25,0.012352502723566292
E01013643,2,4.583333333333333,0.0005725794433294514
E01013646,0,0.0,0.019939981793890282
E01013647,0,0.0,0.0
E01013648,22,30.916666666666668,0.07489587943753645
E01013649,16,13.333333333333334,0.13562757304435522
E01013650,7,11.166666666666666,0.0
E01013651,14,8.416666666666666,0.0
E01013652,2,4.333333333333333,0.0
E01013653,23,14.25,0.013497697575981939
E01013654,5,8.333333333333334,0.0911755331662651
E01013655,9,7.0,0.1086834879496301
E01013656,4,2.75,0.14104161874408974
E01013657,3,3.1666666666666665,0.04117011829813095
E01013658,3,6.166666666666667,0.0
E01013659,1,3.25,0.13608992794808608
E01013660,9,7.166666666666667,0.10210028297971727
E01013661,6,9.75,0.04886517452217266
E01013662,2,5.0,0.07230059272656761
E01013663,5,3.0833333333333335,0.13568683210894225
E01013664,8,7.833333333333333,0.0850382357589325
E01013665,8,5.916666666666667,0.0
E01013666,6,6.083333333333333,0.08046550309997463
E01013667,5,4.75,0.0
E01013668,16,9.916666666666666,0.0
E01013669,5,8.833333333333334,0.0
E01013670,7,5.083333333333333,0.0
E01013671,6,4.666666666666667,0.0
E01013672,3,6.083333333333333,0.0
E01013673,3,4.083333333333333,0.05750007994800742
E01013674,19,24.916666666666668,0.1585024761633589
E01013675,5,6.5,0.16415213423224512
E01013676,10,16.083333333333332,0.0
E01013677,9,8.416666666666666,0.052721455496656675
E01013678,10,11.0,0.1610822516684876
E01013679,4,7.0,0.0
E01013680,15,17.25,0.11224309754038235
E01013681,10,9.083333333333334,0.10121577916452669
E01013682,9,7.916666666666667,0.0
E01013683,23,18.0,0.15736551639411206
E01013684,18,18.666666666666668,0.14473668537389728
E01013685,9,5.166666666666667,0.0
E01013686,6,4.5,0.0
E01013687,3,6.5,0.0
E01013688,41,39.0,0.05656957802472588
E01013689,10,9.0,0.02728204762357412
E01013690,12,17.0,0.055973313623403825
E01013691,11,9.083333333333334,0.0
E01013692,6,5.916666666666667,0.139582490780965
E01013693,5,5.666666666666667,0.0
E01013694,6,9.916666666666666,0.0
E01013695,0,0.0,0.0
E01013696,14,14.666666666666666,0.04925117559518132
E01013697,0,0.0,0.0
E01013698,4,6.166666666666667,0.0
E01013699,3,4.666666666666667,0.0
E01013700,13,7.0,0.11480128924411047
E01013702,1,4.083333333333333,0.15995720384614842
E01013703,2,2.9166666666666665,0.0
E01013704,10,4.5,0.0
E01013705,3,5.833333333333333,0.051287873415788415
E01013706,2,2.0,0.07097585362501711
E01013707,2,2.6666666666666665,0.0
E01013709,3,2.0833333333333335,0.12714907509908074
E01013710,6,3.75,0.028207592776840623
E01013711,2,6.916666666666667,0.003942153336839404
E01013712,19,14.75,0.08414698358008765
E01013713,6,4.0,0.1467279768834614
E01013714,2,3.1666666666666665,0.09698442273340663
E01013715,0,2.1666666666666665,0.0
E01013716,0,0.0,0.0
E01013717,1,4.75,0.00409150709570928
E01013718,3,2.5,0.0
E01013719,1,4.666666666666667,0.072757561059298
E01013720,17,7.75,0.11897396337564888
E01013721,5,8.5,0.09253802617408906
E01013722,23,18.916666666666668,0.19828558368967106
E01013723,11,9.666666666666666,0.0
E01013725,16,12.583333333333334,0.1467449773347249
E01013726,10,18.916666666666668,0.13147239719353435
E01013727,7,12.916666666666666,0.0
E01013728,2,7.583333333333333,0.09087696391360228
E01013729,4,4.0,0.0
E01013730,10,13.416666666666666,0.12331626153137867
E01013731,19,11.75,0.04167922160171483
E01013732,5,7.916666666666667,0.0
E01013733,10,10.083333333333334,0.07417705535720914
E01013734,7,6.916666666666667,0.06131113002938281
E01013735,6,2.4166666666666665,0.0
E01013736,13,18.75,0.0
E01013737,2,2.1666666666666665,0.0
E01013738,5,6.0,0.03718379441639055
E01013739,11,7.333333333333333,0.13294075792714685
E01013740,7,6.166666666666667,0.14524888990770538
E01013741,1,2.4166666666666665,0.015219020652291894
E01013742,4,2.25,0.08226488273546254
E01013743,0,1.1666666666666667,0.0
E01013744,1,2.5,0.08062891097731133
E01013745,6,8.5,0.0
E01013746,17,18.0,0.010310121280251994
E01013747,5,8.0,0.062042044461503354
E01013748,10,5.916666666666667,0.0
E01013749,1,1.4166666666666667,0.0705941427047708
E01013750,3,2.6666666666666665,0.10791853198625635
E01013751,9,5.0,0.0
E01013752,3,3.9166666666666665,0.0
E01013753,5,5.25,0.11967361807639043
E01013754,8,7.75,0.10378960901468458
E01013755,12,6.75,0.0
E01013756,15,7.0,0.0
E01013757,2,3.75,0.06386986572534412
E01013758,0,3.0,0.027124544540980455
E01013759,3,2.0833333333333335,0.0
E01013760,23,19.666666666666668,0.0
E01013761,3,5.666666666666667,0.13541798147593462
E01013762,1,5.5,0.07142171182865452
E01013763,15,10.666666666666666,0.17482382172888103
E01013764,1,2.25,0.08622759659912987
E01013765,8,13.583333333333334,0.16956216407265295
E01013766,1,2.6666666666666665,0.0
E01013767,4,6.083333333333333,0.09800250485832335
E01013768,7,13.583333333333334,0.0
E01013770,0,1.1666666666666667,0.05440332971600044
E01013771,1,2.4166666666666665,0.0
E01013772,10,6.916666666666667,0.0
E01013773,12,18.0,0.1577120065271193
E01013774,13,17.666666666666668,0.15436377343572596
E01013775,0,0.0,0.0
E01013776,14,13.916666666666666,0.07072860636513095
E01013777,0,4.583333333333333,0.0
E01013778,0,0.0,0.0
E01013779,8,6.833333333333333,0.11821054338051143
E01013780,5,10.416666666666666,0.0
E01013781,15,14.416666666666666,0.17215256562267633
E01013782,9,7.25,0.0
E01013783,4,2.8333333333333335,0.05652822621662253
E01013784,4,6.166666666666667,0.0684153713175565
E01013785,3,3.3333333333333335,0.0
E01013786,10,7.416666666666667,0.0
E01013787,2,1.5,0.10452210617724819
E01013788,3,4.416666666666667,0.09056244289610241
E01013789,2,4.083333333333333,0.0
E01013790,9,10.75,0.039445299303886835
E01013791,2,2.3333333333333335,0.0
E01013792,4,1.8333333333333333,0.0
E01013793,5,1.8333333333333333,0.0007359612621115749
E01013794,0,2.5833333333333335,0.0
E01013795,1,2.9166666666666665,0.1109380144739319
E01013796,6,6.083333333333333,0.08195890544553999
E01013797,4,1.9166666666666667,0.13830670359872171
E01013798,0,1.75,0.06280305659301853
E01013799,12,10.833333333333334,0.16160555570224377
E01013800,1,1.8333333333333333,0.02134356031128133
E01013801,0,0.0,0.030065583318590827
E01013802,0,0.0,0.14309131638787828
E01013803,8,3.6666666666666665,0.052618331267261786
E01013804,1,1.9166666666666667,0.0
E01013805,3,3.8333333333333335,0.07757403779750355
E01013806,2,5.666666666666667,0.13706360605356308
E01013807,4,4.416666666666667,0.10069494134791468
E01013808,3,2.5833333333333335,0.03218105459325164
E01013809,1,1.4166666666666667,0.055246803531139504
E01013810,22,14.25,0.18584184160652895
E01013811,16,12.583333333333334,0.0
E01013812,10,11.5,0.08147306301501155
E01013813,20,13.0,0.0
E01013814,30,21.833333333333332,0.10145102462339013
E01013815,30,27.5,0.10713397682505917
E01013816,32,30.5,0.0
E01013817,8,8.916666666666666,0.0
E01013818,9,13.75,0.07391232544290283
E01013819,10,5.75,0.0
E01013820,13,11.25,0.0
E01013821,12,17.0,0.1468426595584159
E01013822,15,10.75,0.0
E01013823,6,6.333333333333333,0.013655515694688855
E01013824,4,3.5833333333333335,0.14209487895155432
E01013825,7,8.083333333333334,0.0
E01013826,5,7.083333333333333,0.0
E01013827,7,6.083333333333333,0.04849437507630933
E01013828,8,6.5,0.09429276526534452
E01013829,9,6.75,0.13886752882850872
E01013830,7,4.833333333333333,0.1377968066825785
E01013831,5,7.333333333333333,0.10295119672775421
E01013832,16,9.5,0.0
E01013833,9,6.583333333333333,0.0
E01013834,10,5.166666666666667,0.0
E01013835,4,8.416666666666666,0.0
E01013836,18,12.416666666666666,0.09691080545852504
E01013837,1,3.3333333333333335,0.05741152805497292
E01013838,3,3.5,0.0
E01013839,33,24.0,0.1662990681915421
E01013840,10,13.0,0.0
E01013841,9,8.166666666666666,0.0018953850650944848
E01013842,12,11.916666666666666,0.08281377906266965
E01013843,22,15.25,0.0203316464888808
E01013844,5,7.333333333333333,0.002345515255950361
E01013845,10,7.833333333333333,0.0
E01013846,16,16.083333333333332,0.014207163213020423
E01013847,4,7.166666666666667,0.09895992478159948
E01013849,10,6.0,0.1408831347690435
E01013850,14,17.75,0.022359415557659745
E01013851,4,7.166666666666667,0.0
E01013852,4,5.583333333333333,0.07598432150925259
E01013853,2,8.083333333333334,0.1548320539491833
E01013854,8,8.25,0.0
E01013855,8,10.5,0.010621170784243385
E01013856,6,4.75,0.10172007467603282
E01013858,10,6.583333333333333,0.05082596602654588
E01013859,7,5.0,0.0
E01013860,7,6.666666666666667,0.05646452468319549
E01013861,8,8.75,0.0
E01013862,10,6.583333333333333,0.02098267543785556
E01013863,7,4.166666666666667,0.0200714203072039
E01013864,12,13.916666666666666,0.15073807829779712
E01013865,5,9.583333333333334,0.014831294224597863
E01013866,9,5.583333333333333,0.0
E01013867,10,9.5,0.0
E01013868,11,13.083333333333334,0.147884544633788
E01013870,67,45.416666666666664,0.02491405242435714
E01013871,7,11.333333333333334,0.008606565089619916
E01013872,5,3.5833333333333335,0.0
E01013873,2,5.25,0.09628016644574378
E01013874,8,6.25,0.009322452005994228
E01013875,1,1.9166666666666667,0.0
E01013876,17,9.75,0.0
E01013877,16,10.166666666666666,0.13333493563903034
E01013878,9,6.0,0.03246241990139562
E01013879,5,6.5,0.08305144175353196
E01013880,7,9.25,0.14428733169534597
E01013881,8,7.5,0.14093529482852282
E01013882,7,15.25,0.0
E01013883,5,6.416666666666667,0.15319965655788703
E01013884,6,6.666666666666667,0.0
E01013885,30,33.5,0.05422780597779141
E01013886,5,5.75,0.13438946446517233
E01013887,1,2.0833333333333335,0.0
E01013888,27,8.75,0.0
E01013889,4,5.25,0.0
E01013890,2,2.25,0.03981785305897573
E01013891,22,18.083333333333332,0.030717342323680133
E01013892,3,4.583333333333333,0.08049493491598236
E01013893,9,9.0,0.14296854318899602
E01013894,3,2.5833333333333335,0.059290885288483045
E01013895,6,3.1666666666666665,0.0
E01013896,0,2.9166666666666665,0.13774287871450128
E01013897,8,5.416666666666667,0.0
E01013898,4,5.0,0.0
E01013899,4,4.5,0.0
E01013900,6,7.916666666666667,0.040561958217087156
E01013901,13,11.666666666666666,0.0
E01013902,1,4.25,0.0
E01013903,15,11.5,0.0
E01013904,8,7.25,0.0
E01013905,7,6.333333333333333,0.04850932191343267
E01013906,5,5.5,0.10999296465377996
E01013907,36,27.333333333333332,0.15279818332038234
E01013908,14,7.416666666666667,0.0
E01013909,3,6.5,0.0
E01013910,8,10.083333333333334,0.16718132385404536
E01013911,10,5.666666666666667,0.0
E01013912,2,8.5,0.1370506575365723
E01013913,10,7.333333333333333,0.0
E01013914,12,1.5833333333333333,0.13849466413037784
E01013915,11,5.0,0.0
E01013916,14,4.916666666666667,0.0
E01013917,18,21.5,0.12065285463012762
E01013918,6,5.166666666666667,0.04036286105322781
E01013919,10,9.916666666666666,0.0
E01013920,26,27.833333333333332,0.09190341402095036
E01013921,16,11.333333333333334,0.10005806213354267
E01013924,0,0.0,0.0
E01013926,0,0.0,0.0
E01013928,20,7.75,0.008513300138741978
E01013929,13,9.083333333333334,0.0
E01013930,6,7.583333333333333,0.06994288825592598
E01013931,7,6.666666666666667,0.0
E01013932,11,7.166666666666667,0.0
E01013933,10,8.333333333333334,0.0
E01013934,13,9.583333333333334,0.04062808774560375
E01013935,18,8.666666666666666,0.0
E01013936,10,7.25,0.0
E01013937,16,8.75,0.0
E01013938,5,4.25,0.1478447812638468
E01013939,9,5.833333333333333,0.0
E01013940,5,7.25,0.08227584155683645
E01013941,9,7.916666666666667,0.0
E01013942,13,9.666666666666666,0.0
E01013943,13,12.916666666666666,0.037818239450924704
E01013944,27,19.916666666666668,0.04366858228966894
E01013945,20,12.916666666666666,0.17062945686008513
E01013947,11,12.666666666666666,0.16792557353380116
E01013948,16,13.0,0.11926476559104526
E01013953,5,4.666666666666667,0.04333184184836596
E01013954,17,10.916666666666666,0.016200048041672875
E01013957,14,10.166666666666666,0.0
E01013958,9,6.916666666666667,0.1529513945077267
E01013959,8,10.916666666666666,0.06058459625117523
E01013960,26,20.583333333333332,0.07974353195061576
E01013961,24,16.166666666666668,0.0
E01013962,9,13.25,0.0
E01013963,13,7.333333333333333,0.15351574834383067
E01013964,5,4.916666666666667,0.0
E01013965,5,6.0,0.0
E01013966,5,4.166666666666667,0.0
E01013967,26,13.416666666666666,0.13759351580200055
E01013968,6,1.25,0.0
E01013969,22,17.666666666666668,0.1482806942681957
E01013970,5,4.666666666666667,0.0
E01013971,20,17.166666666666668,0.1626918466267237
E01013972,20,15.583333333333334,0.11134503683477781
E01013973,0,0.0,0.0
E01013974,0,0.0,0.019745397857840435
E01013975,0,0.0,0.0
E01013976,0,0.0,0.0
E01013977,5,15.083333333333334,0.14880705265617444
E01013978,6,3.5833333333333335,0.0
E01013979,28,10.75,0.0
E01013980,2,3.1666666666666665,0.0
E01013981,0,3.0,0.0
E01013982,2,0.8333333333333334,0.11375314190046953
E01013983,6,2.9166666666666665,0.0
E01013984,14,9.166666666666666,0.16043003676989556
E01013985,1,2.0,0.13933608096687095
E01013992,0,0.0,0.0
E01013995,0,0.08333333333333333,0.0
E01013999,0,0.0,0.10880222109956675
E01014013,0,0.0,0.0
E01014015,0,0.0,0.0
E01014024,0,0.0,0.0
E01014034,0,0.0,0.02928869795866798
E01014048,0,0.25,0.09046021618853474
E01014052,0,0.08333333333333333,0.0
E01014053,0,0.08333333333333333,0.0
E01014092,0,0.08333333333333333,0.1268546048718809
E01014107,0,0.08333333333333333,0.07557131914695622
E01014108,0,0.08333333333333333,0.02716068903360497
E01014109,0,0.08333333333333333,0.08098284579895984
E01014112,0,0.0,0.0
E01014113,0,0.0,0.07753672419273797
E01014116,1,0.0,0.0
E01014120,0,0.08333333333333333,0.0
E01014129,0,0.0,0.06870402638789058
E01014130,0,0.08333333333333333,0.0
E01014144,0,0.0,0.14441313129785846
E01014145,0,0.08333333333333333,0.0
E01014150,0,0.08333333333333333,0.1267450349595012
E01014157,0,0.0,0.12988876457012385
E01014163,0,0.0,0.0
E01014170,0,0.08333333333333333,0.08969316327658544
E01014177,0,0.16666666666666666,0.0
E01014179,0,0.0,0.12525741816910443
E01014182,0,0.08333333333333333,0.0
E01014192,0,0.08333333333333333,0.07351792400139129
E01014193,0,0.08333333333333333,0.0
E01014194,0,0.0,0.0
E01014201,0,0.08333333333333333,0.0
E01014213,0,0.08333333333333333,0.0
E01014219,0,0.0,0.07664839710426447
E01014228,0,0.0,0.03152144555423003
E01014234,0,0.0,0.05658878697016298
E01014242,0,0.08333333333333333,0.0
E01014243,0,0.08333333333333333,0.0
E01014245,0,0.08333333333333333,0.0
E01014246,0,0.0,0.09525972478743619
E01014249,0,0.08333333333333333,0.14719445747214385
E01014250,0,0.08333333333333333,0.0
E01014252,0,0.0,0.0
E01014256,0,0.0,0.0
E01014269,0,0.0,0.045758063325125664
E01014270,0,0.0,0.03362379546115776
E01014278,0,0.08333333333333333,0.08658622467584462
E01014282,0,0.0,0.0
E01014283,0,0.08333333333333333,0.07931638346432165
E01014284,0,0.0,0.056395206457100944
E01014285,0,0.0,0.0
E01014287,0,0.0,0.013646444417088593
E01014289,0,0.0,0.0
E01014290,0,0.08333333333333333,0.0
E01014295,0,0.0,0.11435920186669227
E01014296,0,0.0,0.0
E01014297,0,0.08333333333333333,0.10209682074280804
E01014298,0,0.08333333333333333,0.027302818378089764
E01014302,0,0.0,0.0
E01014305,0,0.0,0.02433187340936893
E01014306,0,0.08333333333333333,0.0020218075473004723
E01014319,0,0.0,0.0
E01014322,0,0.08333333333333333,0.0
E01014325,0,0.08333333333333333,0.0
E01014333,0,0.0,0.0
E01014338,0,0.0,0.0
E01014339,0,0.08333333333333333,0.0
E01014341,0,0.0,0.0
E01014344,0,0.08333333333333333,0.1278901065588485
E01014345,0,0.08333333333333333,0.0
E01014355,0,0.08333333333333333,0.07758424542181147
E01014361,0,0.0,0.009074257909872818
E01014364,0,0.0,0.06122570059270063
E01014370,0,0.16666666666666666,0.0
E01014380,0,0.16666666666666666,0.1330251094518616
E01014392,0,0.08333333333333333,0.009253357874508625
E01014411,0,0.0,0.09939722138557489
E01014420,0,0.0,0.0
E01014425,1,0.0,0.0
E01014429,0,0.08333333333333333,0.05234030311643609
E01014436,0,0.08333333333333333,0.0
E01014449,0,0.0,0.0
E01014463,0,0.08333333333333333,0.0
E01014470,0,0.0,0.03821265133060864
E01014488,0,0.08333333333333333,0.14405277074153708
E01014489,0,0.0,0.0
E01014496,0,0.08333333333333333,0.09547628575788145
E01014501,0,0.08333333333333333,0.0025620648855177483
E01014521,0,0.0,0.0
E01014526,0,0.08333333333333333,0.1293538567538148
E01014527,0,0.0,0.11698976062400443
E01014537,0,0.0,0.08574013955639231
E01014545,0,0.0,0.0
E01014549,0,0.0,0.013502524717182163
E01014555,0,0.0,0.0
E01014561,0,0.0,0.0
E01014563,0,0.0,0.0
E01014564,0,0.0,0.09949201205079927
E01014566,0,0.08333333333333333,0.11903531839767936
E01014567,0,0.08333333333333333,0.0
E01014569,0,0.08333333333333333,0.0
E01014571,0,0.08333333333333333,0.10875896073698785
E01014574,0,0.0,0.0
E01014575,1,0.0,0.03656458916711805
E01014582,0,0.0,0.0
E01014589,0,0.0,0.0
E01014600,0,0.08333333333333333,0.14601489943478638
E01014612,0,0.0,0.0
E01014620,1,0.0,0.0
E01014626,0,0.08333333333333333,0.0
E01014632,0,0.08333333333333333,0.12175324581666072
E01014644,0,0.08333333333333333,0.11102884117238801
E01014654,0,0.16666666666666666,0.0
E01014655,0,0.0,0.0
E01014659,0,0.0,0.03814151821833525
E01014660,0,0.08333333333333333,0.0
E01014664,0,0.0,0.051625317181818925
E01014670,0,0.0,0.0
E01014671,0,0.08333333333333333,0.0
E01014678,0,0.0,0.05591166983179302
E01014684,0,0.0,0.0
E01014689,0,0.0,0.10727630272872049
E01014694,0,0.0,0.0
E01014700,0,0.0,0.0
E01014701,0,0.0,0.1495680745455206
E01014721,0,0.0,0.0
E01014736,0,0.0,0.06088969906339306
E01014750,0,0.08333333333333333,0.0
E01014762,0,0.0,0.032960620495661314
E01014774,0,0.0,0.06783182051082554
E01014793,0,0.16666666666666666,0.0
E01014801,0,0.0,0.09866913359276333
E01014829,0,0.0,0.031025273541684995
E01014830,0,0.0,0.0
E01014832,0,0.08333333333333333,0.01751952680312902
E01014847,0,0.0,0.023028254230777284
E01014848,0,0.08333333333333333,0.0
E01014851,0,0.0,0.0
E01014854,1,0.08333333333333333,0.0
E01014865,0,0.08333333333333333,0.0
E01014872,0,0.08333333333333333,0.07855998534575881
E01014888,0,0.0,0.0
E01014890,0,0.08333333333333333,0.13232165477196076
E01014907,0,0.0,0.0
E01014921,1,0.08333333333333333,0.0
E01014935,0,0.3333333333333333,0.08699427834443822
E01014953,0,0.16666666666666666,0.014260995596587979
E01014964,0,0.0,0.014108443927334319
E01014969,0,0.08333333333333333,0.0
E01014975,0,0.0,0.0
E01014984,0,0.0,0.0
E01014989,0,0.0,0.14980053684933461
E01015007,0,0.08333333333333333,0.0
E01015013,0,0.0,0.11534896043815904
E01015027,0,0.08333333333333333,0.05309692931232468
E01015035,0,0.08333333333333333,0.0
E01015089,0,0.08333333333333333,0.013287122312418551
E01015092,0,0.0,0.10216076398475812
E01015096,0,0.0,0.11501048940927358
E01015102,0,0.0,0.0
E01015105,0,0.08333333333333333,0.0
E01015116,0,0.08333333333333333,0.0
E01015152,0,0.0,0.0
E01015156,0,0.08333333333333333,0.029698136755750396
E01015173,0,0.08333333333333333,0.10667282469783781
E01015190,0,0.0,0.0
E01015209,0,0.08333333333333333,0.07223759229543456
E01015216,0,0.0,0.03831012408022197
E01015231,0,0.08333333333333333,0.0
E01015232,0,0.0,0.0
E01015240,0,0.0,0.06279715583279019
E01015255,0,0.0,0.10636955068237211
E01015256,0,0.08333333333333333,0.05598315652062902
E01015266,0,0.0,0.0
E01015268,0,0.08333333333333333,0.0
E01015272,0,0.08333333333333333,0.0
E01015277,0,0.08333333333333333,0.021342638673049478
E01015289,0,0.0,0.0769433036521237
E01015291,0,0.08333333333333333,0.0
E01015294,0,0.08333333333333333,0.10172815497819701
E01015306,0,0.0,0.016652693518644957
E01015308,0,0.0,0.05699070364251746
E01015318,0,0.08333333333333333,0.1416473633827753
E01015335,0,0.0,0.0
E01015337,0,0.08333333333333333,0.12059401569351821
E01015345,0,0.08333333333333333,0.0
E01015367,1,0.08333333333333333,0.0
E01015368,0,0.08333333333333333,0.10565841769951576
E01015377,0,0.0,0.12187627102136048
E01015379,0,0.0,0.0019115020635435964
E01015406,0,0.08333333333333333,0.02845820028280899
E01015409,0,0.08333333333333333,0.0626710091797486
E01015410,0,0.08333333333333333,0.10005440933599569
E01015411,0,0.0,0.0
E01015413,0,0.08333333333333333,0.09324760126894974
E01015415,0,0.08333333333333333,0.0
E01015427,0,0.0,0.0
E01015438,0,0.0,0.0
E01015441,0,0.08333333333333333,0.0029902843739942372
E01015442,0,0.08333333333333333,0.1337419748185625
E01015452,0,0.0,0.014461131837645469
E01015453,0,0.0,0.13595326147894174
E01015460,0,0.08333333333333333,0.0
E01015462,0,0.0,0.06724079364978994
E01015480,0,0.25,0.09435228798316851
E01015481,0,0.0,0.05373864940045858
E01015494,1,0.0,0.0320766840679621
E01015499,0,0.0,0.01944383432585467
E01015501,0,0.0,0.10827914477360881
E01015503,0,0.0,0.09649397914935001
E01015504,0,0.08333333333333333,0.0
E01015509,1,0.0,0.10457629710926344
E01015510,0,0.16666666666666666,0.0
E01015511,0,0.0,0.0
E01015516,0,0.0,0.11093057040417778
E01015523,0,0.08333333333333333,0.0
E01015530,0,0.0,0.092509407053045
E01015534,0,0.0,0.0
E01015538,0,0.08333333333333333,0.0
E01015556,0,0.0,0.0
E01015560,0,0.0,0.0
E01015580,0,0.08333333333333333,0.07653959545765435
E01015582,0,0.0,0.0
E01015590,0,0.08333333333333333,0.0
E01015593,0,0.0,0.0
E01015594,0,0.08333333333333333,0.0
E01015597,0,0.0,0.08444707297757159
E01015598,0,0.0,0.0
E01015599,0,0.25,0.04482829473863154
E01015600,0,0.0,0.12522775584135035
E01015601,0,0.0,0.0539510279273161
E01015603,0,0.0,0.09330650678766805
E01015605,0,0.0,0.0
E01015606,0,0.08333333333333333,0.0
E01015609,0,0.16666666666666666,0.11881527327254018
E01015610,0,0.08333333333333333,0.0647584928856082
E01015613,0,0.08333333333333333,0.04209295671337479
E01015615,0,0.0,0.04913002083651
E01015616,1,0.08333333333333333,0.0
E01015617,0,0.0,0.0
E01015621,0,0.0,0.08533246262121871
E01015622,0,0.0,0.05361397086460615
E01015623,0,0.0,0.0
E01015629,0,0.08333333333333333,0.12015469341065868
E01015632,0,0.0,0.0
E01015633,0,0.0,0.0
E01015634,0,0.16666666666666666,0.11229251512419572
E01015636,0,0.08333333333333333,0.08932310522787709
E01015637,0,0.08333333333333333,0.004720751994684861
E01015638,0,0.08333333333333333,0.0
E01015639,0,0.08333333333333333,0.0
E01015644,0,0.0,0.046868397122641986
E01015647,0,0.16666666666666666,0.0
E01015650,0,0.0,0.10094195749979137
E01015654,0,0.16666666666666666,0.1354401204000241
E01015661,0,0.25,0.09237150398301981
E01015664,0,0.0,0.0
E01015668,0,0.08333333333333333,0.08683273756960866
E01015685,0,0.08333333333333333,0.0
E01015688,0,0.0,0.0
E01015690,0,0.08333333333333333,0.0
E01015695,0,0.16666666666666666,0.0
E01015696,0,0.08333333333333333,0.121294599909366
E01015697,0,0.0,0.0
E01015699,0,0.08333333333333333,0.0
E01015702,0,0.08333333333333333,0.14117304437249353
E01015704,0,0.08333333333333333,0.0
E01015705,0,0.08333333333333333,0.08596145391830773
E01015710,0,0.0,0.0
E01015711,0,0.16666666666666666,0.0
E01015713,1,0.0,0.12534076206287506
E01015714,0,0.08333333333333333,0.0
E01015717,0,0.08333333333333333,0.015760593917890062
E01015718,0,0.0,0.0
E01015719,0,0.16666666666666666,0.0
E01015720,0,0.16666666666666666,0.0
E01015721,0,0.08333333333333333,0.0
E01015722,0,0.0,0.0
E01015723,0,0.0,0.07816743465597686
E01015726,0,0.0,0.0
E01015727,0,0.16666666666666666,0.0
E01015728,0,0.0,0.0
E01015729,0,0.0,0.128684020671787
E01015731,0,0.0,0.12322554382144416
E01015732,0,0.08333333333333333,0.06492975283695451
E01015734,0,0.0,0.11540471322650633
E01015735,0,0.0,0.0
E01015736,0,0.08333333333333333,0.0
E01015738,0,0.0,0.034113654556268413
E01015739,0,0.08333333333333333,0.037314592989360684
E01015741,0,0.0,0.0
E01015742,0,0.08333333333333333,0.0
E01015743,0,0.0,0.14585409348260855
E01015745,0,0.08333333333333333,0.09656389663549875
E01015748,0,0.0,0.0
E01015749,0,0.08333333333333333,0.06841455197205198
E01015750,0,0.08333333333333333,0.0
E01015751,0,0.08333333333333333,0.0
E01015752,0,0.08333333333333333,0.0
E01015753,0,0.0,0.0
E01015754,0,0.08333333333333333,0.0
E01015756,0,0.0,0.0944376004907688
E01015757,0,0.0,0.0
E01015758,0,0.08333333333333333,0.02435225853422557
E01015760,0,0.08333333333333333,0.0
E01015763,0,0.16666666666666666,0.0
E01015765,0,0.0,0.116908117598268
E01015769,0,0.08333333333333333,0.032833067165021684
E01015771,0,0.16666666666666666,0.13553883265150854
E01015773,0,0.0,0.14962501031739509
E01015774,0,0.0,0.0
E01015779,0,0.25,0.0
E01015784,0,0.08333333333333333,0.10773362534791045
E01015785,0,0.16666666666666666,0.15003704571159912
E01015787,0,0.08333333333333333,0.03911917906991863
E01015788,0,0.08333333333333333,0.08876902555363814
E01015789,1,0.0,0.08452375764458234
E01015790,1,0.08333333333333333,0.0
E01015792,0,0.16666666666666666,0.022734731677489052
E01015793,0,0.08333333333333333,0.10014389117944553
E01015795,0,0.08333333333333333,0.056660971678498095
E01015796,0,0.0,0.0
E01015803,0,0.08333333333333333,0.0
E01015804,0,0.08333333333333333,0.0
E01015805,0,0.0,0.0
E01015808,0,0.16666666666666666,0.12210046084776058
E01015811,0,0.25,0.0
E01015818,0,0.08333333333333333,0.0
E01015819,0,0.0,0.0
E01015820,0,0.08333333333333333,0.0352920303900999
E01015821,0,0.0,0.010230507025759644
E01015822,0,0.0,0.0
E01015829,0,0.0,0.0
E01015830,0,0.08333333333333333,0.0
E01015831,0,0.08333333333333333,0.0009856968106781191
E01015832,0,0.08333333333333333,0.0
E01015834,0,0.0,0.13428075048231666
E01015837,0,0.0,0.0
E01015839,0,0.08333333333333333,0.0
E01015841,0,0.5,0.07014077455207869
E01015842,0,0.08333333333333333,0.0
E01015843,1,0.0,0.04604667961747427
E01015844,0,0.16666666666666666,0.0
E01015845,0,0.0,0.021223122519995974
E01015846,0,0.0,0.0816457514422394
E01015847,0,0.0,0.1284026225323662
E01015849,0,0.0,0.0
E01015851,0,0.25,0.0
E01015852,0,0.16666666666666666,0.0
E01015855,0,0.08333333333333333,0.12837926012097808
E01015856,0,0.0,0.1204160570431971
E01015858,0,0.0,0.0
E01015860,0,0.08333333333333333,0.0
E01015861,0,0.0,0.0
E01015863,0,0.08333333333333333,0.0
E01015867,0,0.16666666666666666,0.0
E01015869,0,0.08333333333333333,0.0
E01015870,1,0.0,0.04081210653956574
E01015871,0,0.08333333333333333,0.13507543832192995
E01015873,0,0.08333333333333333,0.14924693988849588
E01015875,0,0.0,0.0
E01015876,0,0.0,0.029703791134383678
E01015877,1,0.08333333333333333,0.10710710485740585
E01015879,0,0.0,0.0
E01015882,0,0.08333333333333333,0.05709613211577094
E01015883,0,0.08333333333333333,0.0
E01015884,0,0.0,0.0
E01015887,0,0.08333333333333333,0.0
E01015892,0,0.16666666666666666,0.0
E01015894,0,0.25,0.05930257097733605
E01015896,0,0.0,0.0
E01015898,0,0.08333333333333333,0.0
E01015900,0,0.0,0.0
E01015902,0,0.08333333333333333,0.10962454296714894
E01015904,1,0.08333333333333333,0.0
E01015905,0,0.08333333333333333,0.021870872136101536
E01015906,0,0.0,0.020829804928456375
E01015914,0,0.0,0.0
E01015917,0,0.08333333333333333,0.0
E01015921,1,0.0,0.07353982454951999
E01015922,0,0.0,0.0
E01015923,0,0.08333333333333333,0.0
E01015924,1,0.3333333333333333,0.06395074647967681
E01015925,1,0.4166666666666667,0.0
E01015926,0,0.25,0.0
E01015927,0,0.25,0.0
E01015928,0,0.08333333333333333,0.0
E01015929,0,0.08333333333333333,0.06280054631968121
E01015930,0,0.25,0.03770996443355263
E01015931,0,0.0,0.04331884868455971
E01015932,0,0.4166666666666667,0.06535034319754442
E01015933,0,0.0,0.0
E01015934,0,0.0,0.0
E01015935,0,0.16666666666666666,0.0
E01015936,0,0.0,0.0
E01015937,0,0.16666666666666666,0.14593497829162191
E01015938,0,0.75,0.09625685712806192
E01015939,0,0.16666666666666666,0.0
E01015941,0,0.25,0.0
E01015946,1,0.08333333333333333,0.0
E01015948,1,0.3333333333333333,0.0
E01015949,0,0.08333333333333333,0.0
E01015950,1,0.0,0.01000143446777163
E01015951,0,0.0,0.10739856681820756
E01015952,0,0.0,0.07102506627396821
E01015953,1,0.0,0.0
E01015954,0,0.16666666666666666,0.0
E01015955,0,0.16666666666666666,0.0028218804597461905
E01015956,0,0.08333333333333333,0.0932885636511821
E01015957,0,0.0,0.10173648093184942
E01015958,1,0.25,0.12359591997287715
E01015959,0,0.08333333333333333,0.003000383951043992
E01015960,0,0.08333333333333333,0.05850923273094033
E01015961,0,0.08333333333333333,0.0
E01015962,0,0.16666666666666666,0.020040305586557512
E01015965,0,0.0,0.0
E01015967,0,0.16666666666666666,0.0
E01015968,2,0.0,0.04021515249201582
E01015969,0,0.0,0.0
E01015970,0,0.0,0.0
E01015971,1,0.16666666666666666,0.0
E01015972,0,0.16666666666666666,0.0
E01015974,0,0.0,0.0
E01015975,0,0.3333333333333333,0.0
E01015976,0,0.16666666666666666,0.0
E01015978,1,0.16666666666666666,0.0
E01015979,0,0.0,0.14603897825396903
E01015980,0,0.0,0.0
E01015982,0,0.16666666666666666,0.0
E01015983,0,0.08333333333333333,0.013895572050508846
E01015984,0,0.0,0.10738723661925251
E01015985,0,0.0,0.05341811303630256
E01015986,0,0.25,0.0
E01015988,0,0.08333333333333333,0.018711656737617936
E01015989,1,0.08333333333333333,0.06468360106030419
E01015991,0,0.25,0.06911177411086704
E01015992,0,0.08333333333333333,0.050188345389488104
E01015993,0,0.08333333333333333,0.11146993623286686
E01015994,1,0.0,0.11103163750323128
E01015995,0,0.16666666666666666,0.02413458542246389
E01015996,0,0.08333333333333333,0.0
E01015997,0,0.0,0.04247108866952995
E01016000,0,0.16666666666666666,0.09591721801150183
E01016002,0,0.0,0.0
E01016003,0,0.08333333333333333,0.14782591150463678
E01016004,0,0.16666666666666666,0.0
E01016005,0,0.0,0.0
E01016006,0,0.08333333333333333,0.11183572925304144
E01016007,0,0.16666666666666666,0.0
E01016008,0,0.0,0.0
E01016009,0,0.25,0.0
E01016010,0,0.0,0.0
E01016011,0,0.25,0.0
E01016012,0,0.0,0.0
E01016013,3,0.75,0.0
E01016014,0,0.25,0.14863166328004415
E01016015,0,0.16666666666666666,0.14889752639149453
E01016017,0,0.16666666666666666,0.0
E01016018,0,0.0,0.06779063379850417
E01016019,0,0.16666666666666666,0.0
E01016020,0,0.08333333333333333,0.0
E01016021,1,0.0,0.0
E01016022,0,0.08333333333333333,0.13987250590256164
E01016024,0,0.0,0.1322590643684092
E01016028,0,0.0,0.0
E01016029,0,0.08333333333333333,0.0
E01016032,1,0.0,0.0
E01016033,0,0.0,0.004664098222542656
E01016034,0,0.08333333333333333,0.02113819841080442
E01016035,0,0.08333333333333333,0.0
E01016037,1,0.0,0.07698683642698356
E01016040,0,0.25,0.0
E01016041,0,0.08333333333333333,0.12686620645900457
E01016042,0,0.08333333333333333,0.04724362073720062
E01016045,0,0.0,0.0
E01016046,0,0.0,0.0869736005108536
E01016047,0,0.08333333333333333,0.09560119661418087
E01016048,0,0.16666666666666666,0.0
E01016049,0,0.08333333333333333,0.0
E01016056,0,0.08333333333333333,0.13101335491876245
E01016057,0,0.0,0.0
E01016062,0,0.08333333333333333,0.0
E01016063,0,0.08333333333333333,0.0
E01016066,0,0.0,0.09036297007308866
E01016067,2,0.0,0.08150043189322373
E01016069,0,0.08333333333333333,0.12608599747403118
E01016070,0,0.16666666666666666,0.010413816911074965
E01016071,0,0.08333333333333333,0.0
E01016073,0,0.4166666666666667,0.02774073630171205
E01016074,0,0.08333333333333333,0.0837454931061449
E01016077,0,0.08333333333333333,0.0
E01016078,0,0.0,0.0
E01016081,0,0.0,0.0
E01016085,0,0.0,0.028095773834043103
E01016101,0,0.08333333333333333,0.11624712638395276
E01016102,0,0.08333333333333333,0.05142580360081128
E01016111,0,0.25,0.14529245267783894
E01016113,0,0.0,0.0
E01016115,0,0.0,0.12090032554544886
E01016116,0,0.08333333333333333,0.09444729501618565
E01016117,0,0.16666666666666666,0.0
E01016121,0,0.0,0.14205796555117553
E01016123,0,0.08333333333333333,0.0
E01016124,0,0.08333333333333333,0.117018225948647
E01016125,0,0.08333333333333333,0.11445138192243828
E01016128,0,0.0,0.07729728498089175
E01016129,0,0.0,0.01904114214385555
E01016130,0,0.08333333333333333,0.0
E01016132,0,0.0,0.009591520348949473
E01016133,0,0.08333333333333333,0.0
E01016134,0,0.0,0.08766510994660551
E01016135,0,0.0,0.07743876194905347
E01016139,0,0.0,0.12318375221178154
E01016140,0,0.08333333333333333,0.0
E01016141,0,0.0,0.09273096504691383
E01016142,0,0.0,0.13153861593740065
E01016143,0,0.08333333333333333,0.08701694353262648
E01016144,0,0.08333333333333333,0.0
E01016148,0,0.08333333333333333,0.0
E01016149,0,0.0,0.0
E01016151,0,0.08333333333333333,0.03885037654860274
E01016153,0,0.0,0.03890179555796619
E01016154,0,0.08333333333333333,0.1463009230656451
E01016156,0,0.0,0.0
E01016158,1,0.08333333333333333,0.0
E01016159,0,0.08333333333333333,0.03755428695549917
E01016160,0,0.08333333333333333,0.09790941055245964
E01016162,0,0.0,0.13103218485690057
E01016169,0,0.0,0.09093724985371157
E01016171,0,0.0,0.0
E01016172,0,0.08333333333333333,0.04070107939380069
E01016173,0,0.08333333333333333,0.10711660681501653
E01016174,0,0.16666666666666666,0.0
E01016176,0,0.08333333333333333,0.0
E01016177,0,0.0,0.0
E01016179,0,0.16666666666666666,0.0
E01016181,0,0.08333333333333333,0.06569820729456671
E01016187,0,0.0,0.0
E01016191,0,0.0,0.0
E01016192,0,0.0,0.0
E01016200,0,0.08333333333333333,0.018340766841211945
E01016204,0,0.0,0.0
E01016207,0,0.08333333333333333,0.052629006407129975
E01016209,0,0.08333333333333333,0.0
E01016210,0,0.0,0.0
E01016217,0,0.08333333333333333,0.0
E01016229,0,0.0,0.0
E01016231,0,0.08333333333333333,0.0
E01016233,0,0.16666666666666666,0.0
E01016234,0,0.0,0.11871575242440044
E01016235,0,0.08333333333333333,0.05777238463769668
E01016236,0,0.0,0.0
E01016238,0,0.0,0.0
E01016240,0,0.08333333333333333,0.14268856882955436
E01016242,0,0.08333333333333333,0.054578573932032914
E01016255,0,0.08333333333333333,0.0
E01016263,0,0.08333333333333333,0.0607461210269169
E01016264,0,0.08333333333333333,0.07712634474422916
E01016271,0,0.08333333333333333,0.08421546951681524
E01016272,0,0.08333333333333333,0.0
E01016276,0,0.08333333333333333,0.0
E01016277,0,0.0,0.0
E01016296,0,0.08333333333333333,0.12819394334273285
E01016301,0,0.0,0.030992363516682914
E01016304,0,0.0,0.0
E01016305,0,0.0,0.125881025826431
E01016308,1,0.0,0.1244795705310889
E01016310,0,0.0,0.14675524930982878
E01016311,0,0.0,0.11221696894169367
E01016321,0,0.08333333333333333,0.14956212514620085
E01016336,0,0.08333333333333333,0.0
E01016339,0,0.0,0.1026748755597702
E01016344,0,0.08333333333333333,0.09713530143891078
E01016345,0,0.08333333333333333,0.0
E01016355,0,0.08333333333333333,0.0
E01016356,0,0.0,0.1438261541032799
E01016358,0,0.08333333333333333,0.0
E01016359,0,0.0,0.1112675371403418
E01016360,0,0.0,0.0
E01016366,0,0.08333333333333333,0.0
E01016367,0,0.08333333333333333,0.0
E01016368,0,0.08333333333333333,0.0
E01016369,0,0.0,0.05695238503078928
E01016372,0,0.08333333333333333,0.01989610647056775
E01016381,1,0.0,0.0
E01016388,0,0.08333333333333333,0.0
E01016390,0,0.0,0.0
E01016391,0,0.0,0.0
E01016392,0,0.16666666666666666,0.08812032177354145
E01016393,0,0.08333333333333333,0.0
E01016394,0,0.08333333333333333,0.0
E01016396,0,0.0,0.0
E01016397,0,0.0,0.0
E01016402,0,0.08333333333333333,0.0
E01016405,0,0.08333333333333333,0.0
E01016406,0,0.08333333333333333,0.10808512037442838
E01016410,0,0.0,0.12738375969989155
E01016413,0,0.0,0.09787731879962072
E01016416,0,0.0,0.0
E01016417,0,0.0,0.0
E01016423,0,0.08333333333333333,0.014973516037253196
E01016433,0,0.0,0.06655594815993371
E01016437,0,0.08333333333333333,0.1482386452482339
E01016441,0,0.0,0.0
E01016443,0,0.08333333333333333,0.0
E01016445,0,0.08333333333333333,0.05853357549876276
E01016446,0,0.08333333333333333,0.0998945438513531
E01016447,0,0.0,0.10390463395992697
E01016448,0,0.08333333333333333,0.05376587352332965
E01016449,0,0.08333333333333333,0.13643155003593757
E01016451,0,0.08333333333333333,0.0035282378635575237
E01016453,0,0.0,0.12414443950086376
E01016455,0,0.25,0.14102406749800125
E01016456,0,0.9166666666666666,0.1066421339029282
E01016457,0,0.0,0.0
E01016458,0,0.0,0.0
E01016460,0,0.08333333333333333,0.014662828294726985
E01016462,0,0.3333333333333333,0.0
E01016463,0,0.16666666666666666,0.1137811202581828
E01016464,0,0.16666666666666666,0.0
E01016465,0,0.08333333333333333,0.0
E01016467,0,0.08333333333333333,0.07576649215579401
E01016468,0,0.16666666666666666,0.0
E01016469,0,0.0,0.0
E01016471,1,0.0,0.0
E01016473,0,0.08333333333333333,0.03700494776898844
E01016474,0,0.0,0.0
E01016475,0,0.0,0.10818134710491287
E01016476,0,0.0,0.0
E01016477,0,0.08333333333333333,0.12533332236434838
E01016479,1,0.0,0.0
E01016480,1,0.3333333333333333,0.0
E01016481,0,0.0,0.0
E01016482,2,0.6666666666666666,0.0
E01016483,1,0.25,0.01032767189599502
E01016485,0,0.08333333333333333,0.0
E01016486,0,0.08333333333333333,0.0
E01016487,0,0.08333333333333333,0.027008337171307465
E01016488,0,0.25,0.0
E01016491,0,0.08333333333333333,0.0
E01016492,0,0.16666666666666666,0.08287010438316536
E01016496,0,0.0,0.1340373516844862
E01016498,0,0.0,0.0
E01016499,0,0.16666666666666666,0.0
E01016500,0,0.08333333333333333,0.13823060597599704
E01016501,0,0.08333333333333333,0.0
E01016502,0,0.08333333333333333,0.14351650976532312
E01016503,1,0.08333333333333333,0.0
E01016504,1,0.0,0.11210059669539937
E01016505,0,0.5,0.0
E01016506,0,0.08333333333333333,0.1318034662533704
E01016507,0,0.08333333333333333,0.0
E01016508,0,0.08333333333333333,0.04651870526039825
E01016509,0,0.0,0.0
E01016511,0,0.08333333333333333,0.0
E01016512,0,0.0,0.08210380394377523
E01016514,0,0.16666666666666666,0.009059373704008812
E01016515,0,0.08333333333333333,0.12861752733629486
E01016516,0,0.08333333333333333,0.0
E01016517,0,0.0,0.11094370974417692
E01016519,1,0.08333333333333333,0.0
E01016520,0,0.16666666666666666,0.14422810121095844
E01016521,0,0.08333333333333333,0.13817712321984446
E01016524,0,0.08333333333333333,0.0
E01016525,0,0.08333333333333333,0.11600390992522239
E01016526,0,0.16666666666666666,0.10473702986505765
E01016531,0,0.0,0.0
E01016537,0,0.08333333333333333,0.03751392903516235
E01016540,0,0.08333333333333333,0.0
E01016543,0,0.16666666666666666,0.10146683377540136
E01016544,0,0.16666666666666666,0.0
E01016545,0,0.0,0.0
E01016548,0,0.08333333333333333,0.0
E01016549,0,0.0,0.02307664157989303
E01016550,0,0.0,0.10647508756793131
E01016551,1,0.0,0.14227275765652095
E01016553,1,0.0,0.0
E01016554,0,0.0,0.0
E01016555,0,0.08333333333333333,0.07496148250794266
E01016562,0,0.0,0.019551976867181242
E01016563,0,0.0,0.0
E01016564,0,0.08333333333333333,0.0
E01016565,0,0.16666666666666666,0.0011731759534235949
E01016566,0,0.0,0.0
E01016567,0,0.0,0.07710356032420809
E01016569,0,0.08333333333333333,0.013394917747973776
E01016572,0,0.25,0.11373475864677794
E01016573,0,0.16666666666666666,0.013516791995195516
E01016575,0,0.0,0.0
E01016576,0,0.08333333333333333,0.1055543734698248
E01016577,0,0.08333333333333333,0.017392522279194637
E01016579,0,0.0,0.0
E01016580,0,0.08333333333333333,0.037279151787048076
E01016582,0,0.08333333333333333,0.0
E01016583,0,0.0,0.10332168368761971
E01016584,0,0.0,0.0
E01016585,0,0.0,0.067932407432225
E01016587,0,0.0,0.0
E01016588,0,0.08333333333333333,0.0
E01016589,0,0.16666666666666666,0.1454260485420825
E01016594,0,0.08333333333333333,0.09276489564332593
E01016597,0,0.08333333333333333,0.0
E01016599,0,0.0,0.0
E01016603,0,0.0,0.0
E01016604,0,0.08333333333333333,0.04533647694881515
E01016608,0,0.08333333333333333,0.0773252366470781
E01016626,0,0.0,0.07485798264237292
E01016628,0,0.08333333333333333,0.0031890256921022794
E01016634,0,0.0,0.09324616135144537
E01016637,0,0.08333333333333333,0.0
E01016651,0,0.0,0.0
E01016654,0,0.08333333333333333,0.019559361296325437
E01016661,0,0.08333333333333333,0.13591722418051347
E01016662,0,0.08333333333333333,0.08812490421793484
E01016686,0,0.0,0.02361019430767272
E01016699,0,0.0,0.04404169810472908
E01016702,1,0.0,0.1291686081106718
E01016703,0,0.0,0.0
E01016705,1,0.0,0.0
E01016714,0,0.0,0.1431724695001347
E01016715,0,0.08333333333333333,0.10925974885328146
E01016716,0,0.08333333333333333,0.0
E01016717,0,0.0,0.0
E01016718,0,0.08333333333333333,0.0
E01016719,0,0.08333333333333333,0.0
E01016721,0,0.0,0.13734579714397774
E01016728,0,0.08333333333333333,0.0
E01016729,1,0.0,0.11259872479137237
E01016733,1,0.0,0.0
E01016734,0,0.08333333333333333,0.014588051991347387
E01016737,0,0.08333333333333333,0.0
E01016742,0,0.08333333333333333,0.07949295395287401
E01016766,0,0.08333333333333333,0.024500978274064947
E01016768,0,0.0,0.03767687504092582
E01016772,0,0.0,0.0
E01016778,0,0.0,0.0
E01016781,0,0.0,0.0
E01016783,0,0.0,0.0
E01016794,0,0.08333333333333333,0.03845851110482673
E01016797,0,0.16666666666666666,0.020309412895575453
E01016798,1,0.0,0.033644946484017085
E01016806,0,0.0,0.014775381413368288
E01016807,0,0.16666666666666666,0.0
E01016812,0,0.08333333333333333,0.0
E01016813,0,0.16666666666666666,0.0
E01016816,0,0.0,0.1047212624710476
E01016820,0,0.16666666666666666,0.03539742516273623
E01016823,0,0.0,0.0
E01016828,0,0.08333333333333333,0.0
E01016829,0,0.08333333333333333,0.11213748925802244
E01016831,0,0.0,0.07281925912899578
E01016835,0,0.0,0.04781972397161141
E01016842,0,0.3333333333333333,0.0
E01016843,0,0.0,0.0
E01016846,0,0.16666666666666666,0.14428884653421
E01016849,0,0.08333333333333333,0.0893986813070215
E01016850,0,0.08333333333333333,0.0
E01016852,0,0.08333333333333333,0.10449624768372986
E01016858,0,0.0,0.07767958458440444
E01016860,0,0.08333333333333333,0.0
E01016861,0,0.16666666666666666,0.0
E01016867,0,0.08333333333333333,0.0
E01016872,0,0.08333333333333333,0.0
E01016873,0,0.16666666666666666,0.06728222745227191
E01016880,0,0.08333333333333333,0.0
E01016885,0,0.08333333333333333,0.09624461852405752
E01016897,0,0.0,0.14868261345432784
E01016898,0,0.08333333333333333,0.0
E01016899,0,0.16666666666666666,0.0
E01016908,0,0.08333333333333333,0.09084557659342235
E01016913,0,0.0,0.08668526896237005
E01016915,0,0.16666666666666666,0.07845276509965343
E01016921,0,0.0,0.0
E01016923,0,0.0,0.0
E01016925,0,0.08333333333333333,0.02871731600262251
E01016926,0,0.0,0.14218217507197714
E01016928,0,0.08333333333333333,0.0
E01016935,0,0.08333333333333333,0.12716997511523878
E01016936,0,0.08333333333333333,0.0
E01016941,0,0.08333333333333333,0.14694914844229282
E01016944,0,0.0,0.051079106048277534
E01016947,0,0.08333333333333333,0.0
E01016949,0,0.3333333333333333,0.03492436361980726
E01016951,0,0.08333333333333333,0.0
E01016952,0,0.5,0.0
E01016953,0,0.08333333333333333,0.0
E01016954,0,0.08333333333333333,0.0
E01016957,0,0.08333333333333333,0.0
E01016961,0,0.0,0.07885664336891149
E01016964,0,0.5,0.03375220308053744
E01016969,0,0.08333333333333333,0.0
E01016971,0,0.08333333333333333,0.10589776629295475
E01016972,0,0.0,0.030410288097019927
E01016975,1,0.16666666666666666,0.1387102906357968
E01016981,0,0.0,0.05105564022336226
E01016993,0,0.08333333333333333,0.0
E01017003,0,0.08333333333333333,0.0
E01017008,0,0.08333333333333333,0.04477608806434269
E01017011,0,0.0,0.0
E01017012,0,0.0,0.0
E01017024,0,0.16666666666666666,0.0
E01017026,0,0.0,0.0
E01017027,0,0.0,0.0
E01017028,0,0.0,0.0
E01017032,0,0.08333333333333333,0.0
E01017034,0,0.08333333333333333,0.052244282534930686
E01017035,0,0.08333333333333333,0.029068227309141884
E01017037,0,0.16666666666666666,0.0
E01017040,0,0.0,0.0
E01017041,0,0.0,0.0
E01017050,0,0.0,0.0
E01017051,0,0.0,0.0
E01017064,0,0.08333333333333333,0.0
E01017068,0,0.0,0.03845478135310654
E01017082,0,0.0,0.014171228363785066
E01017084,0,0.08333333333333333,0.0
E01017091,0,0.0,0.0
E01017095,0,0.0,0.034209359534595196
E01017099,0,0.08333333333333333,0.10848331721321605
E01017102,0,0.0,0.07596403162166318
E01017103,0,0.0,0.016020008050024487
E01017105,0,0.0,0.0
E01017109,0,0.0,0.0
E01017116,0,0.08333333333333333,0.11405200187950024
E01017122,0,0.0,0.0
E01017123,0,0.08333333333333333,0.14662160212625971
E01017125,0,0.0,0.049312623255468674
E01017126,0,0.08333333333333333,0.054568118521898606
E01017136,0,0.08333333333333333,0.0
E01017138,1,0.0,0.03165878246738166
E01017139,1,0.0,0.0
E01017144,0,0.0,0.0
E01017145,0,0.08333333333333333,0.0
E01017148,0,0.08333333333333333,0.11732114566427679
E01017155,1,0.0,0.014996524759785884
E01017158,0,0.08333333333333333,0.0
E01017159,0,0.0,0.0
E01017163,0,0.0,0.06423645822069168
E01017166,0,0.0,0.06085524701880976
E01017184,0,0.0,0.03421308209176907
E01017187,0,0.0,0.003078793866194751
E01017190,0,0.0,0.0
E01017194,0,0.0,0.02798132789639768
E01017202,1,0.0,0.0
E01017207,0,0.0,0.1323777192532943
E01017208,1,0.0,0.026638358754068864
E01017210,0,0.08333333333333333,0.0
E01017223,0,0.0,0.0
E01017228,0,0.08333333333333333,0.09193224546324913
E01017233,0,0.08333333333333333,0.0
E01017238,0,0.0,0.0
E01017241,0,0.0,0.05385240682096662
E01017244,0,0.0,0.0
E01017245,0,0.08333333333333333,0.08797731335862122
E01017255,0,0.25,0.0
E01017257,0,0.0,0.07880585113638255
E01017261,0,0.08333333333333333,0.0
E01017262,0,0.0,0.0
E01017266,0,0.0,0.11946705564964863
E01017274,0,0.08333333333333333,0.024628573879871028
E01017275,0,0.08333333333333333,0.0
E01017276,1,0.0,0.0
E01017290,0,0.08333333333333333,0.03529254377842628
E01017312,0,0.08333333333333333,0.002927463861202909
E01017333,0,0.0,0.14747933265899557
E01017334,0,0.0,0.14496479599612375
E01017336,0,0.0,0.04050736984248288
E01017340,0,0.08333333333333333,0.0
E01017360,0,0.08333333333333333,0.0
E01017371,0,0.0,0.05474371987105858
E01017373,0,0.25,0.0
E01017376,1,0.08333333333333333,0.0
E01017377,0,0.08333333333333333,0.0
E01017378,0,0.0,0.0
E01017380,0,0.0,0.0
E01017383,0,0.0,0.0
E01017384,0,0.0,0.08543229634883678
E01017385,0,0.08333333333333333,0.0
E01017392,0,0.0,0.0
E01017398,0,0.08333333333333333,0.0
E01017401,0,0.08333333333333333,0.015315465755120331
E01017409,0,0.08333333333333333,0.0
E01017427,0,0.08333333333333333,0.03470706217532568
E01017430,0,0.08333333333333333,0.14338313053990695
E01017433,0,0.0,0.0
E01017434,0,0.08333333333333333,0.0
E01017442,0,0.08333333333333333,0.0
E01017443,0,0.0,0.14058414460377885
E01017444,0,0.0,0.08154293288099868
E01017450,0,0.08333333333333333,0.11969556674903045
E01017453,0,0.0,0.0
E01017455,0,0.0,0.14761154213357838
E01017460,0,0.08333333333333333,0.0
E01017465,0,0.08333333333333333,0.0
E01017466,0,0.0,0.10668078811620843
E01017470,0,0.08333333333333333,0.1284062698622773
E01017471,0,0.25,0.0
E01017475,0,0.08333333333333333,0.0
E01017478,1,0.0,0.0
E01017479,0,0.08333333333333333,0.0
E01017482,0,0.0,0.0
E01017483,0,0.3333333333333333,0.14193022087372606
E01017486,0,0.0,0.05035806667190412
E01017487,0,0.0,0.08356590765556263
E01017493,0,0.16666666666666666,0.08329543870781952
E01017499,0,0.08333333333333333,0.01074893373394584
E01017501,0,0.0,0.08924669331390514
E01017502,0,0.0,0.028742259716990903
E01017504,0,0.08333333333333333,0.0
E01017505,0,0.0,0.01833303263052022
E01017508,0,0.0,0.010052575840354044
E01017514,0,0.08333333333333333,0.09726272492797763
E01017519,0,0.0,0.1445181652144977
E01017520,0,0.0,0.0
E01017524,0,0.08333333333333333,0.07924401233258935
E01017527,0,0.0,0.0
E01017529,0,0.0,0.08304941083448655
E01017533,0,0.08333333333333333,0.0
E01017538,0,0.08333333333333333,0.0
E01017539,0,0.0,0.0
E01017541,0,0.0,0.03319282527649342
E01017549,0,0.0,0.0
E01017552,0,0.0,0.12721034772907638
E01017555,0,0.08333333333333333,0.0
E01017561,0,0.0,0.12900201594994984
E01017565,0,0.0,0.062141255380705945
E01017578,0,0.0,0.0
E01017579,0,0.0,0.0
E01017580,0,0.0,0.07224280941982325
E01017583,0,0.08333333333333333,0.030668139064543663
E01017584,0,0.08333333333333333,0.05171968523666501
E01017589,0,0.0,0.0
E01017594,0,0.08333333333333333,0.0
E01017597,0,0.0,0.146960245211368
E01017601,0,0.0,0.0
E01017604,0,0.0,0.0
E01017608,0,0.08333333333333333,0.0
E01017609,0,0.08333333333333333,0.0797602619321364
E01017616,0,0.0,0.0792037876997162
E01017617,0,0.3333333333333333,0.0
E01017618,1,0.0,0.0
E01017620,0,0.08333333333333333,0.0
E01017628,0,0.0,0.0
E01017629,0,0.08333333333333333,0.0
E01017631,0,0.08333333333333333,0.14674377239214034
E01017634,0,0.0,0.0
E01017636,0,0.0,0.0
E01017640,0,0.08333333333333333,0.11759564110962165
E01017643,0,0.08333333333333333,0.0
E01017645,0,0.08333333333333333,0.029979499363354787
E01017649,0,0.08333333333333333,0.0
E01017652,0,0.0,0.0
E01017654,0,0.08333333333333333,0.13349391114231748
E01017663,0,0.08333333333333333,0.027078424052809084
E01017664,0,0.08333333333333333,0.0
E01017665,0,0.08333333333333333,0.03792696298965936
E01017674,0,0.0,0.12312332687343483
E01017675,0,0.08333333333333333,0.0
E01017682,0,0.08333333333333333,0.0017618243413837806
E01017687,0,0.08333333333333333,0.13783400497370804
E01017690,1,0.08333333333333333,0.0
E01017699,0,0.08333333333333333,0.0661259864791949
E01017700,0,0.0,0.034344302460894705
E01017702,0,0.0,0.05390253934219044
E01017706,0,0.0,0.0
E01017708,0,0.08333333333333333,0.0
E01017711,0,0.0,0.05526290117651114
E01017712,0,0.08333333333333333,0.0
E01017715,0,0.08333333333333333,0.0
E01017717,0,0.08333333333333333,0.0
E01017723,0,0.0,0.0
E01017729,0,0.0,0.14101720801142084
E01017741,0,0.0,0.0
E01017743,0,0.08333333333333333,0.14103169312612904
E01017745,0,0.0,0.0
E01017747,0,0.08333333333333333,0.02643684263742727
E01017748,0,0.08333333333333333,0.0
E01017751,0,0.16666666666666666,0.0874758556893453
E01017754,0,0.16666666666666666,0.08556451422865544
E01017755,0,0.08333333333333333,0.0
E01017759,0,0.0,0.12361933586291676
E01017760,1,0.0,0.0
E01017761,0,0.25,0.03457362887735244
E01017763,0,0.0,0.1456900860263112
E01017766,0,0.0,0.11471896042990912
E01017767,0,0.08333333333333333,0.13719598736853214
E01017768,0,0.08333333333333333,0.0
E01017771,0,0.0,0.0
E01017776,0,0.08333333333333333,0.0
E01017783,0,0.08333333333333333,0.00037527732316558796
E01017784,0,0.08333333333333333,0.08819571228217807
E01017787,0,0.08333333333333333,0.0
E01017791,0,0.0,0.04791945967822714
E01017796,0,0.0,0.0
E01017797,0,0.08333333333333333,0.0
E01017798,0,0.08333333333333333,0.04880212784755933
E01017799,0,0.0,0.0
E01017800,0,0.16666666666666666,0.09406360550816106
E01017803,0,0.08333333333333333,0.0
E01017805,0,0.08333333333333333,0.08721128973029299
E01017806,0,0.0,0.0
E01017807,0,0.0,0.0
E01017808,0,0.08333333333333333,0.04707172315113106
E01017810,1,0.4166666666666667,0.10761174095422858
E01017811,0,0.3333333333333333,0.0
E01017812,0,0.08333333333333333,0.0
E01017813,2,1.3333333333333333,0.014765165288925125
E01017814,0,0.0,0.0
E01017817,0,0.0,0.0933468784762517
E01017818,0,0.0,0.08209099350172824
E01017819,0,0.08333333333333333,0.0
E01017820,0,0.08333333333333333,0.0
E01017821,0,0.0,0.0824483299963864
E01017824,0,0.0,0.0
E01017825,0,0.16666666666666666,0.0403856644156824
E01017827,1,0.5,0.0
E01017829,0,0.5833333333333334,0.03419428976006552
E01017831,0,0.08333333333333333,0.0
E01017832,0,0.16666666666666666,0.09962861513469828
E01017833,0,0.08333333333333333,0.0
E01017834,0,0.16666666666666666,0.0
E01017835,0,0.3333333333333333,0.1031739282141713
E01017836,0,0.0,0.0
E01017837,0,0.16666666666666666,0.0
E01017838,0,0.0,0.0
E01017839,0,0.0,0.0
E01017840,0,0.08333333333333333,0.12375310840062456
E01017841,0,0.16666666666666666,0.07573213565537956
E01017843,0,0.0,0.0
E01017845,0,0.08333333333333333,0.06463304363066769
E01017849,0,0.08333333333333333,0.008416548738819644
E01017850,1,0.08333333333333333,0.12048717712065518
E01017851,0,0.08333333333333333,0.0
E01017853,0,0.08333333333333333,0.02247540868305631
E01017856,0,0.0,0.00022658242229581238
E01017857,0,0.08333333333333333,0.0
E01017858,0,0.0,0.0
E01017859,0,0.08333333333333333,0.0
E01017867,0,0.0,0.07671297674771782
E01017868,0,0.08333333333333333,0.0
E01017874,0,0.08333333333333333,0.13778169130096315
E01017878,0,0.0,0.0
E01017881,0,0.08333333333333333,0.055049960688293764
E01017883,0,0.08333333333333333,0.13244193269191398
E01017884,1,0.0,0.049037496904827754
E01017886,0,0.0,0.11138187228521837
E01017889,0,0.08333333333333333,0.09847109672728327
E01017893,0,0.0,0.0
E01017899,0,0.16666666666666666,0.030490799582211854
E01017901,0,0.08333333333333333,0.0
E01017902,0,0.0,0.01065776480867986
E01017903,0,0.0,0.0
E01017904,0,0.0,0.07312104448573367
E01017905,0,0.3333333333333333,0.009324761768363178
E01017906,0,0.08333333333333333,0.0
E01017907,1,0.0,0.0
E01017910,0,0.0,0.14960954455238604
E01017912,0,0.0,0.0
E01017913,0,0.16666666666666666,0.0
E01017918,0,0.0,0.0
E01017919,0,0.08333333333333333,0.14154854638852735
E01017920,0,0.08333333333333333,0.1439982592961768
E01017922,0,0.08333333333333333,0.04670512923182224
E01017923,0,0.0,0.11403200016192142
E01017926,0,0.0,0.0
E01017927,0,0.16666666666666666,0.14206624585334995
E01017929,0,0.0,0.0
E01017933,0,0.0,0.0
E01017934,0,0.0,0.0
E01017939,0,0.08333333333333333,0.022165185781950845
E01017940,0,0.08333333333333333,0.08451912901559713
E01017943,0,0.08333333333333333,0.0
E01017947,0,0.0,0.14336879633583796
E01017953,0,0.0,0.0
E01017962,0,0.08333333333333333,0.0
E01017971,0,0.0,0.0
E01017975,0,0.16666666666666666,0.05416476722709485
E01017977,0,0.08333333333333333,0.09989454295149505
E01017980,0,0.0,0.0
E01017988,0,0.0,0.02808204781475024
E01017989,0,0.0,0.0
E01017990,0,0.08333333333333333,0.044001766721835645
E01017994,0,0.0,0.14579158318510313
E01017997,0,0.3333333333333333,0.0
E01017998,0,0.08333333333333333,0.11618601001173176
E01017999,0,0.08333333333333333,0.018911559630438283
E01018006,0,0.08333333333333333,0.0
E01018008,0,0.0,0.13646691300277738
E01018009,0,0.0,0.0
E01018012,1,0.0,0.0
E01018014,0,0.0,0.0
E01018017,0,0.16666666666666666,0.0
E01018021,0,0.0,0.09985471247743277
E01018027,1,0.25,0.03500342919569408
E01018033,0,0.0,0.12397368584649479
E01018034,0,0.08333333333333333,0.0
E01018041,0,0.0,0.0
E01018044,0,0.0,0.0
E01018051,0,0.0,0.00235861128479814
E01018058,0,0.08333333333333333,0.14971888791477786
E01018059,0,0.08333333333333333,0.05871638944577312
E01018060,0,0.08333333333333333,0.0
E01018068,0,0.08333333333333333,0.11328438370803293
E01018074,0,0.0,0.08451667979638791
E01018077,0,0.0,0.0
E01018081,0,0.08333333333333333,0.09528495296248818
E01018083,0,0.08333333333333333,0.0
E01018085,0,0.08333333333333333,0.0
E01018093,0,0.0,0.0
E01018095,0,0.08333333333333333,0.0
E01018101,0,0.16666666666666666,0.0
E01018106,0,0.0,0.0
E01018116,0,0.0,0.0
E01018129,0,0.25,0.07934966329319514
E01018140,0,0.08333333333333333,0.14725974392065658
E01018146,0,0.0,0.08333747412590711
E01018159,0,0.0,0.0
E01018169,0,0.0,0.0
E01018171,0,0.08333333333333333,0.0
E01018181,0,0.0,0.0
E01018187,0,0.0,0.01539916490769036
E01018196,0,0.08333333333333333,0.031846920386184696
E01018198,0,0.08333333333333333,0.06187760699912262
E01018199,0,0.0,0.05406401128010038
E01018200,0,0.0,0.0
E01018206,0,0.0,0.0
E01018212,1,0.0,0.05445436063270137
E01018213,0,0.08333333333333333,0.0
E01018223,0,0.08333333333333333,0.0
E01018224,0,0.0,0.0
E01018227,0,0.08333333333333333,0.0
E01018228,0,0.0,0.0
E01018251,0,0.0,0.09904167068299605
E01018268,0,0.0,0.1059334167471109
E01018273,1,0.0,0.0
E01018278,0,0.0,0.0
E01018279,0,0.0,0.07164823120535385
E01018284,0,0.0,0.0
E01018297,0,0.25,0.0
E01018298,0,0.0,0.0
E01018299,0,0.0,0.0
E01018317,0,0.0,0.08787068349889074
E01018351,0,0.16666666666666666,0.09177255167492343
E01018357,0,0.0,0.0
E01018360,0,0.0,0.0
E01018367,0,0.0,0.0
E01018373,0,0.08333333333333333,0.0
E01018395,0,0.0,0.1476515143345228
E01018399,0,0.0,0.04667818537345175
E01018400,0,0.0,0.012628952759495632
E01018418,0,0.0,0.07964955012158986
E01018433,0,0.08333333333333333,0.1022499567064987
E01018441,0,0.0,0.09201443041341825
E01018445,0,0.0,0.0
E01018460,0,0.0,0.0
E01018463,0,0.08333333333333333,0.04669839943553075
E01018479,0,0.0,0.0
E01018489,0,0.0,0.1447447953183321
E01018502,0,0.08333333333333333,0.04984824659165765
E01018518,0,0.0,0.13696467261876197
E01018525,0,0.08333333333333333,0.0
E01018537,0,0.16666666666666666,0.10964072603486982
E01018570,0,0.08333333333333333,0.0
E01018571,0,0.0,0.146869442471342
E01018583,0,0.08333333333333333,0.0
E01018586,0,0.0,0.004901945651497985
E01018591,0,0.0,0.08785336015113657
E01018612,0,0.08333333333333333,0.0
E01018615,0,0.08333333333333333,0.0
E01018622,0,0.08333333333333333,0.14613354745190374
E01018628,0,0.08333333333333333,0.0
E01018635,0,0.08333333333333333,0.03144843897990052
E01018654,0,0.0,0.0
E01018657,0,0.08333333333333333,0.10288983286325945
E01018682,0,0.0,0.044450414693863044
E01018694,0,0.0,0.0
E01018696,0,0.0,0.0
E01018715,0,0.08333333333333333,0.027727454978232622
E01018722,0,0.08333333333333333,0.0
E01018723,0,0.08333333333333333,0.0
E01018737,0,0.0,0.03482956864480641
E01018742,0,0.0,0.0
E01018743,0,0.3333333333333333,0.0
E01018754,0,0.0,0.04598146974982312
E01018773,0,0.0,0.0
E01018784,0,0.0,0.0
E01018798,0,0.08333333333333333,0.0
E01018805,0,0.08333333333333333,0.024279719739141618
E01018813,0,0.08333333333333333,0.04875635521840019
E01018826,0,0.0,0.06634075607971307
E01018844,1,0.0,0.0
E01018849,0,0.08333333333333333,0.0
E01018860,0,0.08333333333333333,0.0
E01018861,0,0.08333333333333333,0.0
E01018879,0,0.0,0.1337533227188145
E01018897,0,0.08333333333333333,0.0
E01018908,0,0.0,0.0
E01018927,0,0.0,0.0
E01018941,0,0.08333333333333333,0.031897890968360515
E01018952,0,0.08333333333333333,0.054188670984333914
E01018957,0,0.0,0.04287936244822799
E01018960,0,0.16666666666666666,0.10879269051379728
E01018967,0,0.0,0.0
E01019003,0,0.08333333333333333,0.0
E01019010,0,0.08333333333333333,0.0
E01019020,0,0.0,0.04872899202640554
E01019028,0,0.0,0.03393659212246797
E01019034,0,0.0,0.009300938922888746
E01019041,0,0.08333333333333333,0.05511613440678759
E01019054,1,0.0,0.041217255111989815
E01019062,0,0.08333333333333333,0.11462427563966696
E01019064,0,0.0,0.02580491324348899
E01019077,0,0.0,0.08358040761016694
E01019084,0,0.0,0.0
E01019092,0,0.0,0.05345477537672039
E01019094,0,0.08333333333333333,0.12088504431498417
E01019123,0,0.0,0.0
E01019137,0,0.0,0.08373125620159397
E01019144,0,0.0,0.06743679035863062
E01019178,0,0.08333333333333333,0.0
E01019195,0,0.0,0.024452492887221677
E01019198,0,0.08333333333333333,0.0
E01019206,1,0.0,0.14019575166917733
E01019207,0,0.0,0.09342225081019687
E01019210,1,0.0,0.0
E01019211,0,0.0,0.0
E01019229,0,0.08333333333333333,0.028568965273967132
E01019234,0,0.0,0.0
E01019240,0,0.08333333333333333,0.0
E01019267,0,0.0,0.012492452349915917
E01019284,0,0.0,0.0
E01019299,0,0.0,0.0
E01019303,0,0.0,0.0905761176767948
E01019307,0,0.0,0.12452302958364178
E01019309,0,0.0,0.076978180204239
E01019326,0,0.08333333333333333,0.09695350180506462
E01019333,0,0.08333333333333333,0.0
E01019340,0,0.08333333333333333,0.0
E01019343,0,0.0,0.0
E01019347,0,0.0,0.07951902940966918
E01019352,0,0.08333333333333333,0.13460193248053057
E01019354,0,0.0,0.06505116202017078
E01019355,0,0.08333333333333333,0.11466683826404825
E01019365,0,0.16666666666666666,0.04206334606531465
E01019373,0,0.0,0.0
E01019374,0,0.08333333333333333,0.0
E01019375,0,0.0,0.0
E01019377,0,0.0,0.0
E01019382,0,0.16666666666666666,0.05909629885708612
E01019384,0,0.0,0.0
E01019395,0,0.0,0.015664520416388855
E01019400,0,0.0,0.0172983742867249
E01019402,0,0.0,0.0
E01019403,0,0.0,0.0
E01019404,0,0.0,0.0
E01019405,0,0.08333333333333333,0.0
E01019409,0,0.0,0.09620261502032115
E01019411,0,0.16666666666666666,0.0
E01019414,0,0.08333333333333333,0.0313201661519778
E01019415,0,0.16666666666666666,0.11910965371461071
E01019419,0,0.16666666666666666,0.1103237044580396
E01019420,0,0.0,0.11712666113374956
E01019422,0,0.0,0.0
E01019428,0,0.08333333333333333,0.0
E01019429,0,0.08333333333333333,0.0
E01019430,0,0.08333333333333333,0.0
E01019431,0,0.08333333333333333,0.12303490681767185
E01019432,0,0.08333333333333333,0.04499962865157264
E01019433,0,0.16666666666666666,0.0
E01019434,0,0.0,0.0
E01019435,0,0.0,0.0
E01019436,0,0.16666666666666666,0.03958014205103983
E01019437,0,0.08333333333333333,0.07085101645228237
E01019438,0,0.08333333333333333,0.1081199819698003
E01019439,0,0.0,0.13219096524187293
E01019440,0,0.08333333333333333,0.0
E01019441,0,0.0,0.0
E01019442,0,0.16666666666666666,0.0
E01019444,0,0.16666666666666666,0.0
E01019445,0,0.0,0.12439953222712483
E01019448,0,0.16666666666666666,0.022987387682171352
E01019449,0,0.08333333333333333,0.07168437799753116
E01019450,0,0.25,0.0
E01019451,0,0.25,0.0
E01019452,0,0.08333333333333333,0.0
E01019453,0,0.5833333333333334,0.01296457098163586
E01019455,0,0.0,0.06563671044600769
E01019456,0,0.0,0.0
E01019457,0,0.0,0.0665728721976912
E01019458,0,0.0,0.09319973204505372
E01019459,1,0.0,0.0
E01019460,0,0.0,0.07392576985323149
E01019461,0,0.08333333333333333,0.0
E01019463,0,0.0,0.05350518883650601
E01019464,0,0.08333333333333333,0.07942592359604436
E01019465,0,0.0,0.14757798549243326
E01019468,0,0.16666666666666666,0.0
E01019469,0,0.08333333333333333,0.0
E01019470,0,0.0,0.0
E01019471,0,0.08333333333333333,0.0
E01019473,0,0.0,0.058018500779513316
E01019477,0,0.0,0.12511367704634282
E01019478,0,0.0,0.0
E01019479,0,0.0,0.0
E01019481,0,0.08333333333333333,0.0
E01019483,0,0.16666666666666666,0.0
E01019484,0,0.25,0.0
E01019487,0,0.0,0.0
E01019488,0,0.08333333333333333,0.0710221554273053
E01019491,1,0.16666666666666666,0.0
E01019492,0,0.08333333333333333,0.011995967001126377
E01019493,0,0.0,0.08813004210892617
E01019495,0,0.08333333333333333,0.0
E01019496,0,0.0,0.030987453183605213
E01019497,0,0.08333333333333333,0.05089684048576679
E01019498,0,0.08333333333333333,0.04673421772170844
E01019499,0,0.08333333333333333,0.0
E01019500,0,0.16666666666666666,0.0
E01019501,0,0.16666666666666666,0.1012308395087069
E01019502,0,0.0,0.07753378709995928
E01019503,1,0.25,0.0
E01019505,1,0.0,0.0
E01019506,0,0.08333333333333333,0.0
E01019507,1,0.25,0.0
E01019508,0,0.08333333333333333,0.025087617157794288
E01019509,0,0.16666666666666666,0.0
E01019510,0,0.0,0.0
E01019511,0,0.08333333333333333,0.07618671937445023
E01019513,0,0.08333333333333333,0.0
E01019514,0,0.08333333333333333,0.0792192319542204
E01019515,0,0.08333333333333333,0.07386692026229802
E01019516,0,0.0,0.0
E01019517,0,0.0,0.06864665402782363
E01019520,0,0.16666666666666666,0.07478660908199311
E01019521,0,0.0,0.0
E01019522,0,0.08333333333333333,0.0
E01019523,0,0.0,0.006381242067560744
E01019524,0,0.25,0.1270997028006032
E01019527,0,0.16666666666666666,0.04233863732998148
E01019531,0,0.0,0.0
E01019536,0,0.0,0.054827077420055964
E01019537,0,0.0,0.0
E01019538,0,0.16666666666666666,0.027912256806974796
E01019539,0,0.08333333333333333,0.0704460193071138
E01019542,0,0.0,0.004484205454333451
E01019543,0,0.0,0.09419519237199259
E01019547,0,0.08333333333333333,0.06687348259516979
E01019548,0,0.0,0.03452200200555319
E01019549,0,0.08333333333333333,0.0
E01019550,0,0.0,0.10078473327347051
E01019552,0,0.0,0.1307716755959448
E01019553,0,0.0,0.0
E01019554,0,0.0,0.0
E01019556,0,0.08333333333333333,0.0
E01019557,0,0.08333333333333333,0.07658380102785081
E01019562,0,0.0,0.06648889080140999
E01019564,0,0.08333333333333333,0.0
E01019565,0,0.0,0.11310818137849113
E01019566,0,0.0,0.0
E01019567,0,0.16666666666666666,0.08963132529479512
E01019568,0,0.08333333333333333,0.0
E01019573,0,0.16666666666666666,0.0
E01019574,2,0.0,0.0
E01019575,0,0.08333333333333333,0.0
E01019578,0,0.0,0.04856716641027009
E01019580,0,0.0,0.015129116384136165
E01019581,0,0.08333333333333333,0.0
E01019582,0,0.0,0.0
E01019585,0,0.08333333333333333,0.0
E01019590,0,0.0,0.07313020421206323
E01019594,0,0.25,0.0642450519693311
E01019604,0,0.0,0.0
E01019608,0,0.08333333333333333,0.018307831479273343
E01019609,0,0.08333333333333333,0.0
E01019612,0,0.0,0.12112373118268252
E01019614,2,0.08333333333333333,0.12236203455422115
E01019615,0,0.0,0.05946989694393903
E01019618,0,0.08333333333333333,0.12808348523201643
E01019620,0,0.16666666666666666,0.09388952672447004
E01019621,0,0.08333333333333333,0.09878838157829625
E01019623,0,0.08333333333333333,0.02113916397116142
E01019627,0,0.08333333333333333,0.0
E01019628,0,0.08333333333333333,0.0
E01019629,0,0.0,0.0
E01019638,0,0.16666666666666666,0.03900224662708152
E01019639,0,0.0,0.0
E01019641,1,0.0,0.0
E01019643,0,0.08333333333333333,0.0
E01019644,0,0.16666666666666666,0.0
E01019645,0,0.25,0.02727352731536282
E01019646,0,0.08333333333333333,0.12717961733708041
E01019647,0,0.16666666666666666,0.07488042731130082
E01019648,0,0.08333333333333333,0.050154793044855345
E01019649,0,0.08333333333333333,0.025043251595315067
E01019650,0,0.16666666666666666,0.0
E01019651,0,0.16666666666666666,0.0
E01019652,0,0.0,0.11841313662805966
E01019653,0,0.0,0.0
E01019654,0,0.08333333333333333,0.0
E01019655,0,0.08333333333333333,0.07523136256879001
E01019656,0,0.0,0.0
E01019657,0,0.08333333333333333,0.0
E01019658,0,0.0,0.0
E01019659,0,0.0,0.0
E01019660,0,0.16666666666666666,0.0
E01019661,0,0.3333333333333333,0.0
E01019662,0,0.4166666666666667,0.0481311309877608
E01019663,0,0.25,0.10178276514147953
E01019665,0,0.25,0.0
E01019666,0,0.0,0.11237294301546022
E01019667,0,0.16666666666666666,0.0
E01019668,0,0.0,0.0
E01019669,1,0.0,0.0
E01019670,0,0.0,0.0361677586256996
E01019671,0,0.08333333333333333,0.0
E01019672,1,0.25,0.03466543045311394
E01019674,0,0.08333333333333333,0.07872928041843652
E01019675,1,0.08333333333333333,0.013937713610065992
E01019676,0,0.08333333333333333,0.03851591527071779
E01019677,0,0.08333333333333333,0.1308019031184813
E01019678,0,0.3333333333333333,0.0
E01019679,0,0.0,0.0
E01019680,0,0.0,0.06531100851280108
E01019681,0,0.25,0.03407208151716035
E01019682,0,0.25,0.0
E01019683,0,0.0,0.0
E01019684,0,0.08333333333333333,0.0
E01019687,1,0.0,0.0
E01019688,0,0.08333333333333333,0.0
E01019689,0,0.16666666666666666,0.12778264513564155
E01019690,0,0.08333333333333333,0.0789224373083742
E01019691,0,0.08333333333333333,0.0
E01019692,0,0.4166666666666667,0.055152352492958204
E01019693,0,0.0,0.11918480164065656
E01019694,0,0.0,0.0
E01019695,0,0.0,0.0
E01019696,2,0.0,0.012810374176993516
E01019697,0,0.0,0.08970311140570758
E01019699,0,0.0,0.0
E01019700,1,0.9166666666666666,0.14770034186090408
E01019701,0,0.0,0.0
E01019703,0,0.0,0.0
E01019705,1,0.16666666666666666,0.0
E01019706,0,0.0,0.0
E01019708,0,0.08333333333333333,0.08769898147918981
E01019709,0,0.08333333333333333,0.13685105822401042
E01019715,0,0.0,0.0
E01019719,0,0.16666666666666666,0.13617982602639975
E01019720,0,0.0,0.09713928463051025
E01019733,0,0.0,0.0
E01019735,0,0.08333333333333333,0.05243466253802126
E01019736,0,0.16666666666666666,0.0
E01019747,0,0.08333333333333333,0.017843831263947178
E01019748,0,0.08333333333333333,0.0
E01019764,0,0.0,0.05887904259015994
E01019765,0,0.08333333333333333,0.0
E01019769,0,0.0,0.09512548407589486
E01019770,0,0.08333333333333333,0.09771088763834868
E01019771,0,0.08333333333333333,0.0
E01019775,0,0.08333333333333333,0.0
E01019776,0,0.0,0.0
E01019777,0,0.0,0.028998872079744442
E01019780,0,0.0,0.0
E01019785,0,0.08333333333333333,0.027972730189758963
E01019786,1,0.0,0.0
E01019788,0,0.08333333333333333,0.0
E01019790,0,0.0,0.0
E01019792,0,0.16666666666666666,0.0
E01019793,0,0.0,0.08767521004920545
E01019797,0,0.08333333333333333,0.1386562025151826
E01019799,0,0.16666666666666666,0.0
E01019800,0,0.08333333333333333,0.0040319948351642855
E01019803,0,0.5,0.0
E01019804,0,0.0,0.015309405804047105
E01019806,0,0.08333333333333333,0.0
E01019807,0,0.0,0.03336429935964902
E01019808,0,0.16666666666666666,0.13043121787461906
E01019812,0,0.0,0.0
E01019813,0,0.0,0.0793691154171306
E01019814,0,0.08333333333333333,0.0
E01019815,0,0.0,0.0
E01019816,0,0.4166666666666667,0.0
E01019818,0,0.0,0.0
E01019819,0,0.0,0.0
E01019820,0,0.0,0.0
E01019821,0,0.08333333333333333,0.0
E01019822,1,0.0,0.0
E01019823,0,0.0,0.04698658484193874
E01019824,0,0.08333333333333333,0.12588242417785436
E01019825,0,0.0,0.0
E01019827,0,0.0,0.0
E01019832,0,0.16666666666666666,0.0
E01019833,0,0.0,0.1062002470489107
E01019834,1,0.08333333333333333,0.021718725781225804
E01019837,1,0.25,0.0
E01019838,0,0.08333333333333333,0.0
E01019841,0,0.08333333333333333,0.0
E01019843,0,0.25,0.0
E01019844,0,0.16666666666666666,0.13340255595636766
E01019848,0,0.0,0.11522103282471938
E01019850,0,0.0,0.0
E01019851,0,0.16666666666666666,0.005449664378735764
E01019853,0,0.0,0.0
E01019854,0,0.08333333333333333,0.0
E01019856,0,0.0,0.11305439947543691
E01019857,0,0.0,0.008254355966563431
E01019858,0,0.0,0.0
E01019859,0,0.0,0.0
E01019860,0,0.08333333333333333,0.0903242666221282
E01019861,0,0.08333333333333333,0.03758221340948559
E01019864,0,0.0,0.0
E01019866,0,0.08333333333333333,0.0
E01019869,0,0.08333333333333333,0.0
E01019870,2,0.08333333333333333,0.13817983682173698
E01019871,0,0.08333333333333333,0.006253790081931752
E01019872,0,0.4166666666666667,0.0
E01019873,0,0.0,0.006426612704497181
E01019875,0,0.0,0.08369655176988258
E01019876,0,0.08333333333333333,0.0
E01019877,0,0.25,0.0
E01019880,0,0.08333333333333333,0.02570764430189579
E01019882,0,0.0,0.04956123104432014
E01019885,0,0.16666666666666666,0.06426901848792776
E01019890,0,0.08333333333333333,0.11482308603002031
E01019898,0,0.0,0.0
E01019910,0,0.08333333333333333,0.0
E01019914,0,0.08333333333333333,0.13773138388946413
E01019932,0,0.0,0.0
E01019936,1,0.0,0.0369772529019394
E01019938,0,0.0,0.04989159693848769
E01019969,0,0.0,0.013954112610361058
E01019970,0,0.0,0.0
E01019985,0,0.0,0.07654291503484242
E01019986,0,0.08333333333333333,0.09135240109140594
E01019989,0,0.0,0.01589267580523193
E01019991,0,0.0,0.0
E01020013,0,0.08333333333333333,0.0
E01020018,0,0.08333333333333333,0.0
E01020019,0,0.16666666666666666,0.0
E01020020,0,0.08333333333333333,0.0
E01020021,0,0.0,0.13609693528898134
E01020022,0,0.0,0.08508682273302892
E01020026,0,0.0,0.04797728857771799
E01020029,0,0.08333333333333333,0.005521235505462966
E01020030,0,0.08333333333333333,0.0
E01020038,0,0.0,0.14353700165528518
E01020048,0,0.16666666666666666,0.0
E01020052,0,0.08333333333333333,0.0
E01020096,0,0.0,0.0
E01020108,0,0.16666666666666666,0.11265302108428785
E01020112,0,0.0,0.11618730053319884
E01020121,0,0.08333333333333333,0.0
E01020123,0,0.0,0.11588872342541992
E01020126,1,0.0,0.0
E01020129,0,0.08333333333333333,0.0
E01020136,0,0.08333333333333333,0.10456388990904372
E01020146,1,0.0,0.1091600267964625
E01020156,0,0.08333333333333333,0.029096132752886448
E01020160,1,0.0,0.022330127188907506
E01020187,0,0.0,0.09393608178642582
E01020199,0,0.08333333333333333,0.08611967461326539
E01020202,0,0.0,0.11703164203281122
E01020210,0,0.08333333333333333,0.016051043079192476
E01020216,0,0.0,0.1402941278198426
E01020217,0,0.08333333333333333,0.14907085808018297
E01020228,0,0.08333333333333333,0.0
E01020235,0,0.08333333333333333,0.10508993666641805
E01020258,0,0.0,0.0
E01020272,0,0.08333333333333333,0.0
E01020275,0,0.08333333333333333,0.03414850176499595
E01020283,0,0.08333333333333333,0.0
E01020300,0,0.0,0.0019383356301239663
E01020330,0,0.0,0.11126717100800002
E01020361,0,0.0,0.0
E01020365,0,0.08333333333333333,0.0
E01020375,0,0.0,0.13184426631446264
E01020389,0,0.08333333333333333,0.0
E01020401,0,0.08333333333333333,0.0
E01020405,0,0.08333333333333333,0.0
E01020422,0,0.08333333333333333,0.006062638755448355
E01020425,0,0.08333333333333333,0.03982421203962211
E01020431,0,0.08333333333333333,0.09043464907520077
E01020438,0,0.08333333333333333,0.0
E01020446,0,0.0,0.09524428052704209
E01020460,0,0.08333333333333333,0.010343007205805641
E01020466,0,0.0,0.0
E01020467,0,0.0,0.047385248435824256
E01020489,0,0.0,0.06531667642304742
E01020502,0,0.0,0.017414692688846267
E01020504,0,0.0,0.0
E01020509,0,0.0,0.0
E01020515,0,0.16666666666666666,0.0
E01020530,0,0.08333333333333333,0.0
E01020532,0,0.08333333333333333,0.05225304887424262
E01020533,0,0.0,0.0
E01020535,0,0.0,0.07670453311485595
E01020537,0,0.0,0.0
E01020539,0,0.08333333333333333,0.0
E01020543,0,0.08333333333333333,0.008599757183358734
E01020554,0,0.08333333333333333,0.0
E01020569,0,0.0,0.11534139407265828
E01020574,0,0.08333333333333333,0.0
E01020579,0,0.08333333333333333,0.0
E01020581,0,0.0,0.10482668083646698
E01020593,0,0.08333333333333333,0.03497997712655218
E01020595,1,0.0,0.0
E01020606,0,0.0,0.0
E01020609,0,0.0,0.0620083141027544
E01020611,0,0.75,0.14401950221080284
E01020612,1,0.0,0.11794161551383006
E01020628,0,0.0,0.0
E01020634,0,0.25,0.15013979018690157
E01020635,1,0.08333333333333333,0.0
E01020641,0,0.0,0.0
E01020645,1,0.0,0.09715215455135814
E01020648,0,0.08333333333333333,0.0
E01020652,1,0.0,0.0
E01020663,0,0.16666666666666666,0.0
E01020677,1,0.0,0.0
E01020693,0,0.16666666666666666,0.06962349873038434
E01020697,0,0.0,0.03730065796536164
E01020724,0,0.0,0.0
E01020726,0,0.08333333333333333,0.0012079432303567813
E01020727,1,0.0,0.12786423161957064
E01020729,1,0.0,0.09450233309512732
E01020739,0,0.08333333333333333,0.0
E01020745,1,0.0,0.1446793684067089
E01020748,0,0.0,0.0625861201305393
E01020758,0,0.08333333333333333,0.0
E01020764,0,0.0,0.0
E01020765,0,0.08333333333333333,0.0
E01020776,0,0.25,0.06903718681558839
E01020784,0,0.08333333333333333,0.0
E01020786,0,0.08333333333333333,0.00367283956283149
E01020799,0,0.0,0.0
E01020815,0,0.0,0.12626584734905852
E01020823,0,0.08333333333333333,0.0
E01020827,0,0.08333333333333333,0.1226664257683707
E01020829,1,0.0,0.13346269257316326
E01020838,0,0.0,0.0
E01020840,0,0.08333333333333333,0.0
E01020843,0,0.08333333333333333,0.0
E01020854,0,0.0,0.12260782989087174
E01020861,0,0.0,0.005522263420372764
E01020864,0,0.08333333333333333,0.0
E01020871,0,0.0,0.0
E01020878,0,0.0,0.0
E01020891,0,0.08333333333333333,0.1322970666620483
E01020898,0,0.08333333333333333,0.0580995542706057
E01020909,0,0.08333333333333333,0.11051246865692119
E01020910,0,0.08333333333333333,0.0
E01020911,0,0.0,0.0
E01020913,0,0.0,0.14229529116132425
E01020914,0,0.0,0.0
E01020922,0,0.08333333333333333,0.13452230472450813
E01020929,0,0.08333333333333333,0.0
E01020937,0,0.0,0.0
E01020938,0,0.08333333333333333,0.056973978317533924
E01020941,0,0.0,0.14416209120940623
E01020943,0,0.0,0.13968771685127776
E01020949,0,0.0,0.0
E01020952,0,0.16666666666666666,0.0
E01020962,0,0.0,0.019661674385898026
E01020966,0,0.08333333333333333,0.04141825672867877
E01020971,0,0.0,0.0718253740997597
E01020972,0,0.08333333333333333,0.0
E01020973,0,0.08333333333333333,0.13792893482951177
E01020974,0,0.08333333333333333,0.04184858568695282
E01020975,0,0.0,0.10411407566116646
E01020978,0,0.0,0.012019714585251529
E01020983,0,0.08333333333333333,0.0
E01020987,0,0.08333333333333333,0.14338168077868021
E01020989,0,0.3333333333333333,0.0255436464466766
E01020990,0,0.08333333333333333,0.11028888363993514
E01020992,0,0.0,0.13598771890988695
E01020996,0,0.08333333333333333,0.05283319690277921
E01021003,0,0.08333333333333333,0.014908412355783943
E01021004,0,0.08333333333333333,0.0
E01021011,0,0.08333333333333333,0.0
E01021014,0,0.16666666666666666,0.0
E01021015,0,0.0,0.0
E01021016,0,0.0,0.0
E01021017,1,0.0,0.0
E01021018,0,0.08333333333333333,0.0
E01021020,0,0.16666666666666666,0.0
E01021023,0,0.16666666666666666,0.0
E01021025,0,0.0,0.0
E01021034,0,0.0,0.05218333472190703
E01021047,0,0.08333333333333333,0.01142725625310476
E01021048,0,0.0,0.0
E01021055,0,0.08333333333333333,0.04055879115068714
E01021057,0,0.08333333333333333,0.09853063096124359
E01021068,0,0.0,0.0
E01021084,0,0.25,0.04301626591613814
E01021091,0,0.0,0.1360716671505476
E01021099,0,0.0,0.1018873487584682
E01021101,0,0.08333333333333333,0.0
E01021102,0,0.08333333333333333,0.04364186014460433
E01021103,0,0.16666666666666666,0.0
E01021105,0,0.08333333333333333,0.01838346426870841
E01021106,0,0.0,0.14439848734153285
E01021117,0,0.0,0.0054945345607566864
E01021119,0,0.0,0.12829148975704416
E01021126,0,0.0,0.0
E01021127,0,0.0,0.14965344815538936
E01021133,0,0.0,0.023766010568267354
E01021136,0,0.08333333333333333,0.0
E01021137,0,0.08333333333333333,0.02625324780759786
E01021140,0,0.0,0.0
E01021141,1,0.0,0.0
E01021147,0,0.0,0.096255991408399
E01021149,0,0.0,0.0
E01021158,0,0.0,0.08896456621394955
E01021160,0,0.0,0.0
E01021169,0,0.08333333333333333,0.0
E01021174,0,0.0,0.14218067223132821
E01021180,1,0.0,0.0
E01021182,0,0.08333333333333333,0.03063967223312958
E01021187,0,0.0,0.03299444784434147
E01021189,0,0.08333333333333333,0.018368853452231996
E01021201,0,0.0,0.12440872305636438
E01021203,0,0.0,0.052332321410060556
E01021204,0,0.0,0.0
E01021208,0,0.08333333333333333,0.10894092415746362
E01021221,0,0.08333333333333333,0.0
E01021222,0,0.08333333333333333,0.013497836083306684
E01021226,0,0.0,0.1351651115831269
E01021228,0,0.0,0.03761928896412381
E01021233,0,0.08333333333333333,0.0953173439426443
E01021241,0,0.0,0.04606821766355784
E01021243,0,0.0,0.1018112590613671
E01021245,0,0.0,0.1333463639535731
E01021246,0,0.0,0.0
E01021247,0,0.0,0.0
E01021248,0,0.08333333333333333,0.0
E01021249,0,0.08333333333333333,0.0607855368474462
E01021251,0,0.0,0.0
E01021254,0,0.16666666666666666,0.0
E01021256,0,0.0,0.0
E01021257,0,0.0,0.14065780064033653
E01021260,0,0.16666666666666666,0.058943855782116895
E01021261,0,0.08333333333333333,0.0
E01021266,0,0.0,0.0
E01021267,0,0.0,0.0
E01021268,0,0.08333333333333333,0.0
E01021269,0,0.0,0.0
E01021270,0,0.08333333333333333,0.12224952057194757
E01021271,0,0.08333333333333333,0.1495219103128235
E01021272,0,0.0,0.0
E01021274,0,0.0,0.0
E01021275,0,0.16666666666666666,0.0
E01021277,0,0.08333333333333333,0.0
E01021281,0,0.0,0.0
E01021286,0,0.16666666666666666,0.0
E01021287,0,0.16666666666666666,0.0
E01021288,0,0.08333333333333333,0.08250497932991682
E01021289,0,0.0,0.06377338297417823
E01021290,0,0.0,0.04048545472829451
E01021291,0,0.25,0.0
E01021293,0,0.16666666666666666,0.12316589999463365
E01021297,0,0.16666666666666666,0.14131338006086888
E01021299,0,0.08333333333333333,0.0
E01021300,0,0.16666666666666666,0.0
E01021303,0,0.08333333333333333,0.007916117200292342
E01021305,0,0.0,0.0
E01021306,0,0.16666666666666666,0.0
E01021307,0,0.08333333333333333,0.024764188233494498
E01021308,0,0.0,0.006622071341199937
E01021309,1,0.08333333333333333,0.0
E01021311,0,0.08333333333333333,0.012960550623343507
E01021312,1,0.0,0.13764028627765432
E01021313,0,0.0,0.0
E01021314,0,0.08333333333333333,0.046676216318382535
E01021315,0,0.16666666666666666,0.0
E01021316,0,0.0,0.0
E01021317,0,0.08333333333333333,0.015775276067256958
E01021318,0,0.5,0.0
E01021319,0,0.0,0.0
E01021321,0,0.08333333333333333,0.0
E01021323,0,0.08333333333333333,0.01968156010005379
E01021325,0,0.0,0.061002286355679725
E01021326,0,0.08333333333333333,0.0
E01021327,0,0.16666666666666666,0.05093144876281525
E01021331,0,0.08333333333333333,0.0
E01021336,0,0.08333333333333333,0.03426403678955858
E01021338,0,0.0,0.0
E01021339,0,0.08333333333333333,0.04636666160026648
E01021341,0,0.08333333333333333,0.14874263454395562
E01021342,0,0.0,0.13134508956976856
E01021343,0,0.0,0.0
E01021345,0,0.08333333333333333,0.11585843810887317
E01021346,0,0.0,0.0
E01021347,0,0.16666666666666666,0.13636759344831637
E01021354,0,0.0,0.0
E01021355,0,0.08333333333333333,0.0
E01021359,0,0.08333333333333333,0.0
E01021365,0,0.0,0.0
E01021370,0,0.08333333333333333,0.06824897836897734
E01021375,0,0.0,0.13329967072448748
E01021378,0,0.08333333333333333,0.033451357286474304
E01021380,0,0.0,0.06475500465804332
E01021381,0,0.08333333333333333,0.0788177321793275
E01021391,0,0.08333333333333333,0.0
E01021394,0,0.08333333333333333,0.0
E01021395,0,0.08333333333333333,0.0
E01021397,0,0.0,0.0
E01021400,0,0.25,0.0
E01021403,0,0.0,0.0
E01021408,0,0.16666666666666666,0.0
E01021411,0,0.08333333333333333,0.0
E01021415,1,0.08333333333333333,0.12469032298539254
E01021420,0,0.08333333333333333,0.0
E01021422,0,0.08333333333333333,0.01152134799648519
E01021432,0,0.08333333333333333,0.02815859533383081
E01021433,0,0.3333333333333333,0.013954072513315914
E01021435,2,0.25,0.0
E01021437,0,0.0,0.0
E01021438,1,0.0,0.0
E01021441,0,0.08333333333333333,0.0
E01021443,0,0.16666666666666666,0.0
E01021444,0,0.08333333333333333,0.018716568785495383
E01021446,0,0.25,0.05852294455527449
E01021447,0,0.16666666666666666,0.010089575661774826
E01021448,0,0.16666666666666666,0.0
E01021449,1,0.16666666666666666,0.0
E01021451,0,0.0,0.10250753042910113
E01021452,0,0.08333333333333333,0.0
E01021454,0,0.0,0.07026550185866065
E01021455,0,0.0,0.07724469742203569
E01021457,1,0.08333333333333333,0.0
E01021458,0,0.0,0.0
E01021460,0,0.3333333333333333,0.0
E01021461,0,0.08333333333333333,0.0
E01021462,0,0.08333333333333333,0.0
E01021464,0,0.16666666666666666,0.0
E01021465,0,0.08333333333333333,0.0
E01021466,0,0.08333333333333333,0.0014798549015943604
E01021467,0,0.0,0.10474099084833663
E01021468,2,0.3333333333333333,0.0
E01021470,0,0.0,0.13054860322403342
E01021472,0,0.08333333333333333,0.13669918148068247
E01021473,1,0.6666666666666666,0.13948585185501317
E01021474,0,0.08333333333333333,0.10149562920307856
E01021475,0,0.0,0.0
E01021476,0,0.08333333333333333,0.0
E01021478,0,0.0,0.020645619529948478
E01021479,0,0.0,0.01760443318117011
E01021484,0,0.0,0.10499273013287866
E01021486,0,0.0,0.14879731528383153
E01021488,0,0.08333333333333333,0.002674000768225718
E01021490,0,0.0,0.0
E01021495,0,0.08333333333333333,0.0
E01021501,0,0.0,0.0
E01021507,0,0.25,0.0034145341472080855
E01021520,0,0.08333333333333333,0.01688240881096018
E01021525,0,0.0,0.09748154394521921
E01021526,0,0.0,0.0013730903678401685
E01021527,0,0.08333333333333333,0.1251673133999984
E01021531,0,0.0,0.03842504297143065
E01021532,0,0.0,0.10210087146632493
E01021536,0,0.0,0.0
E01021537,0,0.16666666666666666,0.10705445669105731
E01021538,0,0.08333333333333333,0.052769965133335955
E01021540,0,0.08333333333333333,0.0
E01021542,0,0.08333333333333333,0.0
E01021547,0,0.08333333333333333,0.12817699451344786
E01021550,0,0.25,0.0
E01021554,0,0.0,0.0
E01021556,0,0.08333333333333333,0.0
E01021558,0,0.08333333333333333,0.04975004079970985
E01021561,0,0.0,0.1018888162706976
E01021563,1,0.08333333333333333,0.0
E01021568,0,0.0,0.0
E01021571,0,0.08333333333333333,0.1448021441506057
E01021576,0,0.08333333333333333,0.08540176170394229
E01021578,0,0.0,0.1191612392795374
E01021579,0,0.0,0.0
E01021580,0,0.0,0.0
E01021582,1,0.0,0.0
E01021586,0,0.0,0.06482757534945405
E01021588,0,0.0,0.0
E01021593,0,0.08333333333333333,0.0
E01021595,1,0.0,0.0
E01021596,0,0.0,0.0
E01021601,0,0.0,0.09823372079388396
E01021602,2,0.0,0.0
E01021613,0,0.0,0.052597058042149814
E01021618,0,0.0,0.1297487623541219
E01021622,0,0.08333333333333333,0.0
E01021627,0,0.08333333333333333,0.0583172610184759
E01021628,0,0.08333333333333333,0.14275737913024153
E01021629,0,0.08333333333333333,0.1389102268459204
E01021631,0,0.0,0.0
E01021633,0,0.08333333333333333,0.0
E01021634,0,0.0,0.0
E01021639,0,0.0,0.060610700544642654
E01021642,0,0.08333333333333333,0.06795447143616412
E01021644,0,0.08333333333333333,0.052497777288641134
E01021647,0,0.08333333333333333,0.0
E01021650,0,0.0,0.0
E01021651,0,0.0,0.024228327585675946
E01021664,0,0.0,0.0
E01021668,0,0.0,0.06865024413669102
E01021674,0,0.0,0.0
E01021677,0,0.08333333333333333,0.0
E01021683,0,0.08333333333333333,0.0
E01021688,0,0.08333333333333333,0.0
E01021694,0,0.0,0.0
E01021696,0,0.08333333333333333,0.0
E01021697,0,0.16666666666666666,0.0
E01021699,0,0.0,0.0
E01021700,0,0.08333333333333333,0.0
E01021702,0,0.0,0.07403113338582873
E01021703,0,0.08333333333333333,0.0
E01021704,0,0.08333333333333333,0.0506979138933846
E01021710,0,0.08333333333333333,0.06529206147936464
E01021717,0,0.08333333333333333,0.024582411619815506
E01021718,0,0.0,0.1376093224096195
E01021720,0,0.08333333333333333,0.0
E01021722,0,0.08333333333333333,0.07182260397662407
E01021724,0,0.0,0.1376359931821224
E01021726,0,0.0,0.10868151880588175
E01021730,1,0.0,0.0
E01021739,1,0.0,0.0
E01021740,0,0.16666666666666666,0.0
E01021741,1,0.5,0.0317533619454999
E01021742,0,0.0,0.0636563945938477
E01021743,0,0.08333333333333333,0.0
E01021744,0,0.16666666666666666,0.01230558979565153
E01021745,1,0.16666666666666666,0.05772978862172141
E01021746,0,0.08333333333333333,0.0
E01021747,0,0.08333333333333333,0.10643146793681921
E01021748,0,0.4166666666666667,0.08259902458725236
E01021749,1,0.75,0.0
E01021750,0,0.3333333333333333,0.0372448249279745
E01021751,0,0.16666666666666666,0.0
E01021752,1,1.4166666666666667,0.02111122900326717
E01021753,0,0.16666666666666666,0.13752015039025275
E01021754,0,0.16666666666666666,0.11417221896603794
E01021757,1,0.08333333333333333,0.0
E01021758,0,0.25,0.0
E01021761,0,0.0,0.0
E01021762,1,0.08333333333333333,0.00998126972713748
E01021763,0,0.08333333333333333,0.0
E01021764,0,1.1666666666666667,0.017957825641014825
E01021765,0,0.75,0.0
E01021766,1,0.4166666666666667,0.0
E01021767,1,0.4166666666666667,0.0
E01021768,1,0.25,0.14204606338877893
E01021770,0,0.4166666666666667,0.06930673987190093
E01021771,0,0.25,0.0
E01021772,0,0.08333333333333333,0.0
E01021773,0,0.08333333333333333,0.005266987207368654
E01021774,0,0.08333333333333333,0.0
E01021775,0,0.08333333333333333,0.011155672569688777
E01021776,0,0.75,0.10264998545530074
E01021777,0,0.16666666666666666,0.03519138323077851
E01021778,0,0.16666666666666666,0.04059014346386356
E01021779,0,0.16666666666666666,0.012762704319206349
E01021780,0,0.08333333333333333,0.1284064985896042
E01021781,0,0.0,0.129570805326181
E01021782,0,0.08333333333333333,0.004043769122247107
E01021783,0,0.08333333333333333,0.0
E01021784,0,0.16666666666666666,0.0
E01021785,0,0.25,0.0
E01021786,0,0.0,0.0409032945954268
E01021787,0,0.08333333333333333,0.0002545095348514024
E01021788,0,0.08333333333333333,0.0
E01021789,0,0.08333333333333333,0.0
E01021790,0,0.0,0.0
E01021791,0,0.5833333333333334,0.11786435881692764
E01021792,0,0.16666666666666666,0.02037083378969213
E01021793,0,0.0,0.054460500062541245
E01021794,0,0.0,0.0
E01021795,0,0.0,0.021423417913270293
E01021796,0,0.0,0.0
E01021797,0,0.16666666666666666,0.048192591387311086
E01021798,0,0.0,0.0
E01021799,0,0.0,0.0
E01021800,1,0.25,0.0
E01021801,0,0.08333333333333333,0.0
E01021802,2,0.16666666666666666,0.1387288470677813
E01021803,0,0.16666666666666666,0.0
E01021805,0,0.16666666666666666,0.0
E01021806,1,1.1666666666666667,0.006143095921801778
E01021807,0,0.0,0.10890808444488712
E01021808,0,0.16666666666666666,0.0
E01021809,0,0.0,0.0731595842664513
E01021810,0,0.25,0.10759265586498505
E01021811,0,0.08333333333333333,0.0
E01021812,0,0.0,0.0
E01021813,0,0.0,0.0
E01021814,0,0.08333333333333333,0.10008355138555777
E01021815,0,0.08333333333333333,0.0
E01021816,0,0.4166666666666667,0.0
E01021817,0,0.5,0.05518342007962764
E01021818,1,0.6666666666666666,0.021447520271054368
E01021819,0,0.0,0.0
E01021820,0,0.16666666666666666,0.012438085766778191
E01021821,0,0.0,0.0
E01021822,0,0.16666666666666666,0.0
E01021823,0,0.16666666666666666,0.0009645128532676025
E01021824,1,0.0,0.12035673658638049
E01021826,0,0.0,0.0
E01021827,0,0.08333333333333333,0.11057535944966121
E01021828,0,0.08333333333333333,0.04349922904797601
E01021829,0,0.0,0.0
E01021834,0,0.08333333333333333,0.06761620986999953
E01021835,1,0.0,0.0
E01021836,0,0.08333333333333333,0.14944114684432538
E01021838,0,0.16666666666666666,0.11224462390772225
E01021839,0,0.16666666666666666,0.0
E01021840,0,0.16666666666666666,0.0
E01021841,0,0.08333333333333333,0.0
E01021843,0,0.16666666666666666,0.0
E01021844,0,0.08333333333333333,0.0
E01021845,0,0.08333333333333333,0.0
E01021846,0,0.0,0.03634002205449943
E01021848,0,0.4166666666666667,0.0
E01021849,1,0.0,0.10379438773380392
E01021853,1,0.08333333333333333,0.09394755400957602
E01021854,1,0.08333333333333333,0.0
E01021858,0,0.08333333333333333,0.1060457983837457
E01021859,0,0.0,0.0
E01021860,0,0.08333333333333333,0.0
E01021861,0,0.0,0.035762377508946896
E01021862,1,0.08333333333333333,0.0
E01021863,0,0.08333333333333333,0.020376172688942654
E01021864,0,0.16666666666666666,0.12025544030588378
E01021866,0,0.0,0.14097767206978304
E01021867,0,0.0,0.04033594192668091
E01021874,0,0.08333333333333333,0.07944348575591295
E01021880,0,0.16666666666666666,0.0
E01021882,0,0.08333333333333333,0.0
E01021884,0,0.0,0.06996144148589298
E01021885,0,0.08333333333333333,0.0
E01021890,1,0.0,0.0
E01021896,0,0.08333333333333333,0.0
E01021900,0,0.08333333333333333,0.03243372384350457
E01021904,0,0.0,0.0
E01021906,0,0.0,0.03807488379416868
E01021915,0,0.08333333333333333,0.0
E01021917,0,0.0,0.0
E01021920,0,0.08333333333333333,0.0
E01021923,0,0.0,0.0
E01021938,0,0.0,0.11669749156689971
E01021939,0,0.0,0.0
E01021941,0,0.08333333333333333,0.0
E01021944,0,0.08333333333333333,0.01484269047509629
E01021955,0,0.08333333333333333,0.0
E01021956,0,0.08333333333333333,0.0
E01021962,0,0.0,0.0
E01021967,0,0.08333333333333333,0.14664719138852642
E01021968,0,0.08333333333333333,0.04787721890783289
E01021970,0,0.0,0.0
E01021984,0,0.0,0.0
E01021988,0,0.25,0.0
E01021990,0,0.08333333333333333,0.0
E01021997,0,0.08333333333333333,0.04494014898064563
E01021999,0,0.08333333333333333,0.11507034846039263
E01022008,0,0.08333333333333333,0.0
E01022010,0,0.0,0.10210845161559559
E01022011,0,0.0,0.0
E01022013,0,0.08333333333333333,0.0
E01022016,0,0.08333333333333333,0.0
E01022017,0,0.08333333333333333,0.0
E01022018,0,0.4166666666666667,0.1263249876401224
E01022019,0,0.0,0.0
E01022020,0,0.0,0.0
E01022023,0,0.0,0.13791805141168836
E01022025,0,0.0,0.11369769232759505
E01022026,0,0.08333333333333333,0.07663156506062382
E01022027,0,0.0,0.13004183758426732
E01022031,0,0.0,0.0
E01022032,0,0.08333333333333333,0.10113759670320735
E01022033,0,0.0,0.056997358906291845
E01022034,0,0.08333333333333333,0.11115458367048794
E01022037,0,0.16666666666666666,0.08952708732315182
E01022041,0,0.08333333333333333,0.0
E01022044,0,0.08333333333333333,0.0825463699053581
E01022045,0,0.0,0.0
E01022046,1,0.08333333333333333,0.0
E01022048,0,0.0,0.0
E01022050,0,0.0,0.13052298479414062
E01022059,0,0.08333333333333333,0.0
E01022060,0,0.08333333333333333,0.006413548351617008
E01022064,0,0.0,0.0
E01022073,0,0.0,0.13797843617505043
E01022076,0,0.08333333333333333,0.0
E01022083,0,0.16666666666666666,0.08401736402716958
E01022084,0,0.0,0.10662484638935402
E01022086,0,0.08333333333333333,0.0
E01022087,0,0.08333333333333333,0.0
E01022093,0,0.0,0.07432374627978838
E01022094,0,0.08333333333333333,0.12409560289205165
E01022098,0,0.0,0.07647951992167148
E01022102,0,0.0,0.0
E01022114,0,0.0,0.11649232423131159
E01022117,0,0.0,0.0
E01022126,0,0.0,0.022868823533380295
E01022127,0,0.16666666666666666,0.0998843033881762
E01022152,0,0.0,0.0
E01022165,0,0.0,0.08535304070326594
E01022177,0,0.0,0.02884883937320326
E01022183,0,0.08333333333333333,0.1182293013484639
E01022209,0,0.08333333333333333,0.0
E01022215,0,0.0,0.0
E01022216,0,0.08333333333333333,0.10007973666023268
E01022222,0,0.16666666666666666,0.0
E01022225,0,0.0,0.0
E01022230,0,0.08333333333333333,0.14739637262720187
E01022244,0,0.0,0.0
E01022260,0,0.0,0.14266295811718602
E01022261,1,0.16666666666666666,0.0
E01022267,0,0.0,0.0
E01022282,0,0.08333333333333333,0.07608764215125263
E01022291,0,0.08333333333333333,0.04756033097163498
E01022293,0,0.08333333333333333,0.024563528778898117
E01022308,0,0.16666666666666666,0.009423370341865168
E01022311,1,0.08333333333333333,0.10325894189960352
E01022313,0,0.0,0.0
E01022340,0,0.08333333333333333,0.0
E01022343,0,0.0,0.0
E01022377,0,0.0,0.028782478719211302
E01022379,0,0.08333333333333333,0.0
E01022382,0,0.08333333333333333,0.0
E01022386,0,0.08333333333333333,0.0
E01022388,0,0.0,0.0
E01022393,0,0.08333333333333333,0.0
E01022399,0,0.0,0.055778766212465886
E01022434,0,0.08333333333333333,0.0
E01022453,0,0.0,0.10943706659996863
E01022459,0,0.0,0.05840160109325984
E01022460,0,0.0,0.0
E01022467,0,0.0,0.035013699230140444
E01022469,0,0.0,0.0
E01022474,0,0.0,0.08427995393714827
E01022480,0,0.08333333333333333,0.14767911528373204
E01022482,0,0.0,0.009359638272453452
E01022489,0,0.0,0.0548338500582391
E01022492,1,0.08333333333333333,0.0
E01022494,0,0.16666666666666666,0.0
E01022514,0,0.0,0.1068285996709151
E01022524,0,0.08333333333333333,0.0
E01022527,0,0.08333333333333333,0.0
E01022530,0,0.0,0.0
E01022540,0,0.08333333333333333,0.06390147635338564
E01022542,0,0.0,0.0
E01022547,0,0.0,0.12831968393490115
E01022560,0,0.08333333333333333,0.0
E01022581,0,0.08333333333333333,0.0
E01022600,0,0.0,0.06268623702852658
E01022601,0,0.08333333333333333,0.0
E01022603,0,0.08333333333333333,0.04715074906908334
E01022616,0,0.08333333333333333,0.0
E01022621,0,0.0,0.0
E01022628,0,0.0,0.0
E01022629,0,0.08333333333333333,0.12922224374042182
E01022630,0,0.08333333333333333,0.015752073682046844
E01022640,0,0.08333333333333333,0.08913054144407614
E01022643,0,0.08333333333333333,0.0
E01022655,0,0.08333333333333333,0.02802440316581545
E01022680,0,0.16666666666666666,0.0
E01022685,0,0.08333333333333333,0.13394819662086963
E01022694,0,0.0,0.0742723908162331
E01022715,0,0.08333333333333333,0.06938959824915517
E01022723,0,0.0,0.0
E01022728,0,0.08333333333333333,0.015127709501288781
E01022750,0,0.08333333333333333,0.0
E01022753,0,0.0,0.12835267998185837
E01022756,0,0.08333333333333333,0.0
E01022774,0,0.08333333333333333,0.0
E01022778,0,0.0,0.0
E01022796,0,0.0,0.0
E01022807,0,0.0,0.0
E01022819,0,0.08333333333333333,0.10745126279542169
E01022820,0,0.08333333333333333,0.017709766121356194
E01022825,0,0.08333333333333333,0.1086356244871515
E01022843,1,0.0,0.09934042962110876
E01022846,0,0.0,0.0
E01022847,0,0.08333333333333333,0.014548042097463635
E01022848,0,0.0,0.0
E01022853,0,0.08333333333333333,0.12480237400940894
E01022858,0,0.0,0.0
E01022860,0,0.0,0.0
E01022879,0,0.08333333333333333,0.0
E01022880,0,0.08333333333333333,0.0
E01022881,0,0.08333333333333333,0.0
E01022882,0,0.0,0.0
E01022888,0,0.0,0.08998411457546454
E01022897,0,0.0,0.10027665107555153
E01022927,0,0.08333333333333333,0.0
E01022946,0,0.08333333333333333,0.0
E01022950,0,0.08333333333333333,0.11237274168419711
E01022956,0,0.0,0.0
E01022957,0,0.0,0.1167434885987356
E01022988,1,0.0,0.0
E01023002,0,0.0,0.053561773264312745
E01023018,0,0.08333333333333333,0.024992317715561516
E01023028,0,0.0,0.015882224456775618
E01023047,0,0.0,0.1078080674258464
E01023063,0,0.08333333333333333,0.0
E01023071,1,0.0,0.0
E01023088,0,0.08333333333333333,0.011702632703611136
E01023095,0,0.08333333333333333,0.09361346498399337
E01023098,0,0.0,0.0
E01023102,0,0.0,0.09087895241228286
E01023113,0,0.08333333333333333,0.0
E01023120,0,0.0,0.0
E01023122,0,0.08333333333333333,0.07792274093322624
E01023130,0,0.0,0.0
E01023131,0,0.08333333333333333,0.004657021022814321
E01023132,0,0.0,0.0
E01023140,0,0.08333333333333333,0.0
E01023141,0,0.08333333333333333,0.030549848502099245
E01023145,0,0.08333333333333333,0.017061471246345387
E01023146,0,0.0,0.0
E01023148,0,0.08333333333333333,0.0
E01023182,0,0.08333333333333333,0.0
E01023183,0,0.0,0.0
E01023190,0,0.08333333333333333,0.13620326551643172
E01023202,0,0.0,0.1051358753351371
E01023203,0,0.08333333333333333,0.0
E01023217,0,0.0,0.0
E01023218,1,0.0,0.13005729381498918
E01023225,0,0.08333333333333333,0.008251733764405748
E01023236,0,0.08333333333333333,0.01157815574497376
E01023245,0,0.0,0.08421539871195668
E01023266,0,0.08333333333333333,0.0
E01023269,0,0.0,0.0
E01023280,0,0.0,0.1405988739440213
E01023290,0,0.0,0.051644606079722155
E01023293,1,0.16666666666666666,0.0
E01023294,0,0.16666666666666666,0.0
E01023295,0,0.25,0.0
E01023296,0,0.08333333333333333,0.08024031112639671
E01023297,0,0.08333333333333333,0.0
E01023299,0,0.08333333333333333,0.0
E01023300,1,0.0,0.13325230905169858
E01023301,0,0.3333333333333333,0.0
E01023302,1,0.08333333333333333,0.0
E01023303,1,0.3333333333333333,0.0
E01023304,0,0.16666666666666666,0.0
E01023305,0,0.16666666666666666,0.0
E01023309,0,0.0,0.12611694945001103
E01023310,0,0.16666666666666666,0.11420909293409223
E01023311,0,0.16666666666666666,0.0
E01023312,0,0.08333333333333333,0.0
E01023314,0,0.0,0.016502725942455387
E01023315,0,0.0,0.0
E01023318,0,0.08333333333333333,0.0
E01023319,0,0.0,0.13176724085136202
E01023320,0,0.08333333333333333,0.0
E01023321,0,0.08333333333333333,0.0
E01023323,0,0.16666666666666666,0.0
E01023324,0,0.16666666666666666,0.0
E01023325,0,0.16666666666666666,0.0
E01023326,0,0.0,0.0
E01023327,0,0.08333333333333333,0.0
E01023328,1,0.0,0.05511920805316173
E01023330,0,0.0,0.0
E01023331,0,0.08333333333333333,0.0
E01023332,0,0.16666666666666666,0.01765713701530295
E01023333,1,0.25,0.11725817478753196
E01023334,0,0.16666666666666666,0.0
E01023335,0,0.25,0.0
E01023336,0,0.5833333333333334,0.0
E01023337,2,0.9166666666666666,0.07651137730721455
E01023339,0,0.3333333333333333,0.0
E01023340,0,0.3333333333333333,0.0
E01023341,0,0.25,0.0
E01023343,0,0.08333333333333333,0.0
E01023344,2,0.0,0.0
E01023345,0,0.16666666666666666,0.0
E01023346,0,0.08333333333333333,0.10375899850180506
E01023347,0,0.25,0.03132671823848061
E01023355,0,0.0,0.0
E01023358,0,0.0,0.0
E01023359,0,0.16666666666666666,0.0
E01023360,0,0.08333333333333333,0.0
E01023365,0,0.08333333333333333,0.11806481572637942
E01023366,0,0.08333333333333333,0.14971775552036895
E01023372,0,0.08333333333333333,0.0
E01023373,0,0.4166666666666667,0.0
E01023374,0,0.08333333333333333,0.0
E01023375,0,0.0,0.048308117470310136
E01023376,0,0.0,0.04843225153523242
E01023378,0,0.08333333333333333,0.10460405748370474
E01023382,0,0.0,0.07554791652787599
E01023384,0,0.0,0.0
E01023388,0,0.4166666666666667,0.034990652470502884
E01023390,0,0.0,0.05648540111040237
E01023395,0,0.08333333333333333,0.004047749885748995
E01023396,0,0.08333333333333333,0.0
E01023398,0,0.0,0.04352923369279599
E01023400,0,0.08333333333333333,0.01746917349287758
E01023404,0,0.08333333333333333,0.04340950040095454
E01023407,1,0.0,0.03385643218900916
E01023409,0,0.0,0.0657589681540964
E01023410,0,0.0,0.04284105263486282
E01023415,0,0.16666666666666666,0.006376363531543089
E01023419,0,0.08333333333333333,0.0547658521854974
E01023420,0,0.08333333333333333,0.0
E01023421,0,0.0,0.0
E01023429,0,0.08333333333333333,0.0
E01023430,0,0.08333333333333333,0.018216052943934417
E01023436,0,0.0,0.02719656798259229
E01023437,0,0.08333333333333333,0.14184149823289574
E01023438,0,0.08333333333333333,0.0
E01023444,0,0.08333333333333333,0.0
E01023447,0,0.0,0.0
E01023453,0,0.08333333333333333,0.0
E01023460,0,0.0,0.08184134785852218
E01023461,0,0.08333333333333333,0.0
E01023467,1,0.08333333333333333,0.03289826710919283
E01023470,0,0.08333333333333333,0.0565587194638259
E01023476,0,0.0,0.0
E01023481,1,0.0,0.11290563390815747
E01023482,0,0.0,0.0
E01023483,0,0.08333333333333333,0.0
E01023484,0,0.08333333333333333,0.11903146568866815
E01023485,0,0.0,0.10846928527498692
E01023486,0,0.0,0.0
E01023487,0,0.0,0.0
E01023492,2,0.0,0.0
E01023493,0,0.08333333333333333,0.0
E01023495,0,0.0,0.14167794052251317
E01023499,0,0.0,0.01755484594824752
E01023500,0,0.08333333333333333,0.0
E01023503,0,0.08333333333333333,0.11684163718400534
E01023509,0,0.0,0.0
E01023511,0,0.0,0.0
E01023512,0,0.08333333333333333,0.13259266742387868
E01023514,0,0.16666666666666666,0.10530891745816626
E01023516,0,0.08333333333333333,0.10332732142601372
E01023517,0,0.08333333333333333,0.003912231715245382
E01023518,0,0.0,0.08683151964463648
E01023519,0,0.0,0.0
E01023524,0,0.08333333333333333,0.022193696067054545
E01023526,1,0.0,0.1451537768542637
E01023528,3,0.16666666666666666,0.0
E01023529,0,0.0,0.08830569877430255
E01023530,0,0.08333333333333333,0.0
E01023531,0,0.08333333333333333,0.0
E01023532,0,0.25,0.07958624574524457
E01023534,0,0.0,0.0
E01023535,0,0.0,0.039442070139825036
E01023536,0,0.08333333333333333,0.0
E01023537,0,0.08333333333333333,0.13428702804897089
E01023538,0,0.4166666666666667,0.0
E01023540,0,0.08333333333333333,0.0
E01023541,1,0.16666666666666666,0.0
E01023542,0,0.08333333333333333,0.13402746680189578
E01023543,0,0.25,0.06425154913293589
E01023544,0,0.0,0.0724982666154266
E01023545,0,0.08333333333333333,4.817721425482181e-05
E01023546,0,0.08333333333333333,0.0
E01023547,0,0.25,0.0
E01023548,0,0.5,0.019313181476286207
E01023549,0,0.25,0.0
E01023550,0,0.0,0.14314359984012173
E01023551,0,0.08333333333333333,0.08920109080472563
E01023552,1,0.0,0.0
E01023553,0,0.08333333333333333,0.0
E01023554,0,0.0,0.08559950734163518
E01023555,0,0.16666666666666666,0.0
E01023556,0,0.25,0.0
E01023557,0,0.25,0.0
E01023558,0,0.0,0.017067191481928312
E01023560,1,0.16666666666666666,0.08657061379747277
E01023561,0,0.08333333333333333,0.0
E01023562,0,0.08333333333333333,0.0
E01023564,0,0.08333333333333333,0.0
E01023565,0,0.08333333333333333,0.0746598811481621
E01023567,0,0.16666666666666666,0.0
E01023568,0,0.08333333333333333,0.0
E01023569,0,0.0,0.13416810820401323
E01023570,0,0.08333333333333333,0.1364729269359348
E01023571,0,0.16666666666666666,0.1475933372188358
E01023572,0,0.0,0.09229788047243404
E01023573,0,0.08333333333333333,0.0
E01023574,0,0.08333333333333333,0.0
E01023575,1,0.5,0.0
E01023576,0,0.0,0.0
E01023577,0,0.0,0.13695832472340272
E01023578,0,0.08333333333333333,0.08694900366468952
E01023579,0,0.08333333333333333,0.06742944644864762
E01023580,0,0.08333333333333333,0.0
E01023582,0,0.16666666666666666,0.12331128540906175
E01023583,0,0.0,0.09836111385185214
E01023584,0,1.0833333333333333,0.0
E01023588,0,0.0,0.11135109958829173
E01023593,0,0.0,0.0
E01023594,0,0.0,0.0
E01023595,0,0.08333333333333333,0.04727350075444445
E01023601,0,0.0,0.04614139781529919
E01023605,0,0.0,0.0
E01023607,0,0.0,0.0
E01023612,0,0.08333333333333333,0.148071147476843
E01023613,0,0.08333333333333333,0.053754808902802514
E01023616,0,0.0,0.06902254998099874
E01023629,0,0.0,0.0
E01023636,0,0.08333333333333333,0.0
E01023637,1,0.08333333333333333,0.0
E01023638,0,0.08333333333333333,0.0
E01023640,0,0.25,0.0
E01023643,0,0.0,0.0
E01023644,1,0.0,0.022426707196621293
E01023647,0,0.0,0.0
E01023650,0,0.0,0.09610350451425911
E01023653,0,0.16666666666666666,0.0
E01023662,0,0.0,0.0
E01023663,0,0.08333333333333333,0.0
E01023664,0,0.16666666666666666,0.0
E01023666,0,0.08333333333333333,0.0
E01023667,0,0.08333333333333333,0.1435438623619745
E01023668,0,0.0,0.08717763859512384
E01023672,0,0.25,0.0
E01023674,0,0.08333333333333333,0.0
E01023676,0,0.0,0.027733632237124273
E01023677,0,0.08333333333333333,0.0778559340107447
E01023678,0,0.08333333333333333,0.0
E01023680,0,0.0,0.020462502236247238
E01023681,0,0.0,0.09426326951486039
E01023682,0,0.16666666666666666,0.08092795089425778
E01023683,0,0.08333333333333333,0.09112441416032732
E01023685,0,0.08333333333333333,0.11402383626109738
E01023688,0,0.08333333333333333,0.1315314394480225
E01023690,0,0.0,0.0
E01023691,0,0.0,0.02063073075686317
E01023693,1,0.0,0.08719785781368325
E01023696,0,0.0,0.059141944183734946
E01023697,0,0.0,0.14865606847931365
E01023701,0,0.08333333333333333,0.0
E01023706,0,0.08333333333333333,0.0
E01023708,0,0.0,0.0
E01023710,0,0.0,0.0
E01023712,0,0.0,0.0
E01023714,0,0.08333333333333333,0.06296396104475016
E01023717,0,0.16666666666666666,0.0
E01023720,0,0.08333333333333333,0.07270945898318293
E01023724,0,0.0,0.05802775260488202
E01023727,0,0.25,0.0
E01023728,0,0.08333333333333333,0.0
E01023731,0,0.08333333333333333,0.03888498440353211
E01023732,0,0.08333333333333333,0.0788781404452848
E01023735,0,0.0,0.11294568392620966
E01023737,0,0.16666666666666666,0.10609548675670563
E01023738,0,0.08333333333333333,0.1396917070493374
E01023740,0,0.08333333333333333,0.024642277401134786
E01023743,0,0.16666666666666666,0.12305028600247078
E01023747,0,0.08333333333333333,0.09278079077830467
E01023750,0,0.0,0.11840028729420407
E01023756,0,0.08333333333333333,0.0
E01023757,0,0.08333333333333333,0.13999770635992473
E01023761,0,0.08333333333333333,0.0
E01023769,0,0.0,0.08945489687245287
E01023773,0,0.08333333333333333,0.0
E01023775,0,0.0,0.0
E01023777,0,0.0,0.0
E01023778,0,0.0,0.0
E01023779,0,0.0,0.0
E01023781,0,0.08333333333333333,0.09195595856308353
E01023785,0,0.08333333333333333,0.0
E01023788,1,0.0,0.0
E01023797,0,0.0,0.0
E01023798,0,0.0,0.02671168218250214
E01023799,0,0.0,0.0
E01023800,0,0.16666666666666666,0.0
E01023801,0,0.0,0.0
E01023802,0,0.0,0.045806711802277716
E01023805,0,0.0,0.0
E01023806,0,0.25,0.0
E01023807,0,0.0,0.0
E01023809,0,0.16666666666666666,0.14257808183575102
E01023810,0,0.08333333333333333,0.0
E01023813,0,0.0,0.029697027189307945
E01023814,0,0.0,0.0
E01023815,0,0.08333333333333333,0.0
E01023817,0,0.16666666666666666,0.0
E01023819,0,0.0,0.0
E01023824,0,0.0,0.0
E01023825,0,0.08333333333333333,0.0
E01023826,0,0.0,0.0
E01023827,0,0.0,0.05628042867622013
E01023828,0,0.08333333333333333,0.14809785606996076
E01023829,0,0.0,0.0
E01023830,0,0.0,0.03736759077521834
E01023834,0,0.0,0.1388927827093457
E01023835,0,0.08333333333333333,0.09968730053424402
E01023836,0,0.25,0.0
E01023837,0,0.08333333333333333,0.07147365413815726
E01023838,0,0.0,0.0
E01023839,0,0.25,0.004311583039684107
E01023840,0,0.5,0.0
E01023841,0,0.08333333333333333,0.0
E01023842,0,0.3333333333333333,0.0
E01023843,0,0.08333333333333333,0.0
E01023844,0,0.0,0.059695532452345657
E01023845,2,0.16666666666666666,0.0
E01023846,0,0.0,0.009343389769399135
E01023849,0,0.6666666666666666,0.0
E01023851,0,0.08333333333333333,0.0
E01023855,0,0.16666666666666666,0.025478248178400116
E01023856,0,0.0,0.14550292434883386
E01023857,0,0.08333333333333333,0.0
E01023858,0,0.16666666666666666,0.0
E01023860,0,0.3333333333333333,0.11174497016209205
E01023861,0,0.0,0.0
E01023862,1,0.3333333333333333,0.11367295161081119
E01023863,0,0.0,0.00728579501242535
E01023864,2,0.0,0.0
E01023865,0,0.08333333333333333,0.0
E01023868,1,0.08333333333333333,0.0
E01023870,0,0.08333333333333333,0.0
E01023871,0,0.0,0.11544092428805872
E01023872,0,0.0,0.06713856905243565
E01023873,0,0.08333333333333333,0.05114371114952662
E01023875,0,0.16666666666666666,0.09007836228596311
E01023876,0,0.08333333333333333,0.0
E01023877,0,0.0,0.03541284362452671
E01023880,0,0.16666666666666666,0.0
E01023881,0,0.08333333333333333,0.08495929936023947
E01023882,0,0.08333333333333333,0.0
E01023883,0,0.0,0.04295358506096872
E01023884,0,0.08333333333333333,0.11489053234537547
E01023886,0,0.0,0.0
E01023888,0,0.16666666666666666,0.0
E01023892,0,0.16666666666666666,0.005268864302900723
E01023895,0,0.4166666666666667,0.0
E01023896,0,0.08333333333333333,0.05189442296433394
E01023897,0,0.0,0.1353098774245818
E01023899,1,0.08333333333333333,0.0
E01023901,0,0.16666666666666666,0.0
E01023902,0,0.08333333333333333,0.046602248857619516
E01023903,0,0.0,0.0
E01023905,0,0.16666666666666666,0.0
E01023906,0,0.16666666666666666,0.12614741525048243
E01023907,0,0.08333333333333333,0.05120959280931131
E01023908,0,0.08333333333333333,0.0
E01023909,0,0.08333333333333333,0.0
E01023910,0,0.08333333333333333,0.05507798860885116
E01023911,0,0.08333333333333333,0.0795465695689537
E01023912,0,0.0,0.10195787180221258
E01023916,0,0.08333333333333333,0.0
E01023918,0,0.16666666666666666,0.12976219648363166
E01023919,0,0.08333333333333333,0.016110876873549177
E01023920,0,0.16666666666666666,0.05941532431673075
E01023922,0,0.08333333333333333,0.029248467634153844
E01023923,0,0.0,0.0
E01023924,0,0.16666666666666666,0.13938801541582682
E01023925,0,0.0,0.0
E01023926,0,0.08333333333333333,0.0
E01023927,0,0.08333333333333333,0.0943151728670755
E01023929,0,0.16666666666666666,0.036032706050693315
E01023930,0,0.08333333333333333,0.10167155841308853
E01023932,0,0.0,0.004720856512213462
E01023933,0,0.08333333333333333,0.0
E01023934,0,0.0,0.12655364986433545
E01023935,0,0.08333333333333333,0.0
E01023938,0,0.16666666666666666,0.10729268370627662
E01023939,0,0.16666666666666666,0.0
E01023942,0,0.08333333333333333,0.10484770712637179
E01023944,0,0.0,0.0
E01023947,0,0.08333333333333333,0.02429249790734359
E01023948,0,0.0,0.11643237570344159
E01023949,0,0.08333333333333333,0.0
E01023950,0,0.08333333333333333,0.07419681094119931
E01023951,0,0.08333333333333333,0.09162829415684895
E01023955,0,0.16666666666666666,0.07140188021539665
E01023956,0,0.0,0.1275989210623795
E01023957,0,0.0,0.0
E01023959,0,0.08333333333333333,0.0
E01023963,0,0.0,0.0
E01023976,0,0.08333333333333333,0.0
E01023980,0,0.0,0.0
E01023992,0,0.0,0.017384622430344138
E01024002,0,0.0,0.0
E01024003,0,0.08333333333333333,0.0
E01024004,0,0.0,0.0
E01024008,0,0.0,0.09947084950945848
E01024017,0,0.08333333333333333,0.027661788233088905
E01024019,0,0.0,0.0
E01024032,0,0.08333333333333333,0.11849522162225554
E01024036,0,0.08333333333333333,0.0
E01024043,0,0.0,0.1440966218183478
E01024044,0,0.08333333333333333,0.03511434587651974
E01024047,0,0.08333333333333333,0.0
E01024048,0,0.08333333333333333,0.053947538493271996
E01024052,0,0.0,0.0790143779350688
E01024053,0,0.08333333333333333,0.0
E01024056,0,0.08333333333333333,0.10871659067384568
E01024059,0,0.0,0.0
E01024064,0,0.0,0.0
E01024065,1,0.0,0.0
E01024068,0,0.08333333333333333,0.0
E01024069,0,0.08333333333333333,0.0
E01024076,0,0.08333333333333333,0.12551676607669446
E01024078,0,0.0,0.0
E01024081,0,0.08333333333333333,0.0
E01024090,0,0.08333333333333333,0.009946414968255327
E01024091,0,0.0,0.11960791614064822
E01024092,0,0.16666666666666666,0.14976248319872695
E01024093,0,0.08333333333333333,0.07624324327613219
E01024096,0,0.0,0.14123729717070885
E01024102,0,0.08333333333333333,0.08635714856094356
E01024106,0,0.0,0.13896079229142497
E01024109,0,0.08333333333333333,0.06240802658351799
E01024110,0,0.0,0.0
E01024111,0,0.0,0.0
E01024113,0,0.08333333333333333,0.04420599394092256
E01024118,0,0.0,0.0
E01024121,0,0.08333333333333333,0.0
E01024122,0,0.0,0.023219780139927287
E01024128,0,0.0,0.13005056301073045
E01024131,0,0.08333333333333333,0.0
E01024133,0,0.5,0.08213021386351997
E01024134,0,0.08333333333333333,0.06704499221356958
E01024135,0,0.0,0.1391860276164861
E01024136,1,0.4166666666666667,0.1303474107006703
E01024137,0,0.3333333333333333,0.07957700381398365
E01024138,0,0.08333333333333333,0.006349438204961037
E01024139,0,0.08333333333333333,0.0
E01024143,0,0.25,0.014251141898216644
E01024144,0,0.0,0.07960559817589613
E01024145,0,0.3333333333333333,0.11960799899209372
E01024146,0,0.08333333333333333,0.08714041156334615
E01024147,3,0.5833333333333334,0.0
E01024148,0,0.0,0.029905894268417832
E01024150,1,0.08333333333333333,0.0
E01024151,0,0.25,0.0
E01024152,0,0.4166666666666667,0.0
E01024153,0,0.16666666666666666,0.0
E01024154,0,0.16666666666666666,0.10326935466220347
E01024155,0,0.5833333333333334,0.0
E01024156,0,0.16666666666666666,0.0
E01024158,0,0.08333333333333333,0.13820778033984674
E01024159,0,0.08333333333333333,0.0
E01024161,0,0.08333333333333333,0.0
E01024162,0,0.08333333333333333,0.0
E01024163,0,0.08333333333333333,0.0
E01024164,0,0.5,0.0
E01024165,0,0.08333333333333333,0.0
E01024166,0,0.0,0.027977841052613195
E01024167,0,0.08333333333333333,0.0
E01024168,0,0.16666666666666666,0.0
E01024169,1,0.08333333333333333,0.10883212363918646
E01024170,0,0.16666666666666666,0.0
E01024171,0,0.25,0.12538783141603563
E01024172,1,1.0,0.0021031216208592485
E01024173,0,0.16666666666666666,0.0
E01024174,0,0.08333333333333333,0.07534348692739193
E01024176,0,0.4166666666666667,0.0
E01024177,0,0.16666666666666666,0.0
E01024178,0,0.16666666666666666,0.04604573177725108
E01024179,1,0.4166666666666667,0.0
E01024180,0,1.25,0.09052670709848477
E01024181,2,0.08333333333333333,0.12510806000324085
E01024182,0,1.1666666666666667,0.0
E01024183,0,0.0,0.028923007975393877
E01024184,0,0.16666666666666666,0.0006626059389558466
E01024185,0,0.4166666666666667,0.14561724069363713
E01024186,1,0.08333333333333333,0.09955213100715998
E01024187,1,0.08333333333333333,0.1237481212833875
E01024188,0,0.16666666666666666,0.0
E01024189,1,0.25,0.08243835334932263
E01024192,0,0.0,0.0
E01024198,0,0.0,0.0
E01024205,0,0.08333333333333333,0.13350665669684667
E01024207,0,0.08333333333333333,0.0
E01024214,0,0.08333333333333333,0.13984341989921031
E01024215,0,0.16666666666666666,0.0
E01024224,0,0.08333333333333333,0.09605823333816188
E01024228,0,0.0,0.0
E01024229,0,0.0,0.0
E01024230,0,0.08333333333333333,0.0
E01024233,0,0.08333333333333333,0.025881021544505337
E01024235,0,0.08333333333333333,0.0
E01024238,0,0.16666666666666666,0.04767152944876186
E01024242,1,0.0,0.0
E01024246,0,0.08333333333333333,0.0
E01024249,0,0.08333333333333333,0.0
E01024255,0,0.0,0.0
E01024257,0,0.08333333333333333,0.09466566059817424
E01024261,0,0.0,0.11645337311351481
E01024262,0,0.08333333333333333,0.0
E01024263,1,0.0,0.0223109172717042
E01024266,0,0.08333333333333333,0.08073630660796158
E01024268,0,0.0,0.0
E01024269,0,0.0,0.0
E01024274,0,0.08333333333333333,0.007419069605895615
E01024275,0,0.0,0.0
E01024276,0,0.0,0.0
E01024277,0,0.4166666666666667,0.0
E01024278,0,0.08333333333333333,0.03828289517624145
E01024279,0,0.08333333333333333,0.0
E01024281,0,0.0,0.0
E01024282,0,0.16666666666666666,0.0
E01024283,0,0.0,0.0
E01024284,0,0.25,0.0
E01024286,0,0.08333333333333333,0.12360774549523476
E01024288,0,0.08333333333333333,0.0
E01024291,0,0.08333333333333333,0.04625638605249008
E01024292,0,0.16666666666666666,0.0
E01024293,0,0.08333333333333333,0.052021430629892784
E01024294,0,0.5,0.027968368910110054
E01024295,0,0.0,0.0
E01024296,0,0.08333333333333333,0.10438965507219802
E01024298,0,0.16666666666666666,0.0
E01024301,0,0.08333333333333333,0.09698761447422297
E01024302,0,0.0,0.0
E01024303,0,0.0,0.1454056661745717
E01024306,0,0.08333333333333333,0.08137361635057033
E01024307,0,0.16666666666666666,0.14023867913413493
E01024310,0,0.08333333333333333,0.004524752473139108
E01024312,1,0.0,0.0
E01024314,0,0.08333333333333333,0.0768629515977588
E01024315,0,0.16666666666666666,0.11454099650439195
E01024316,0,0.0,0.13924373875966742
E01024317,0,0.16666666666666666,0.0
E01024318,0,0.08333333333333333,0.0898381809529731
E01024319,0,0.0,0.0
E01024320,0,0.08333333333333333,0.013899112823815011
E01024322,0,0.0,0.0
E01024325,0,0.08333333333333333,0.0
E01024330,0,0.0,0.12940751016193777
E01024333,0,0.08333333333333333,0.0
E01024336,0,0.08333333333333333,0.03994707734074038
E01024340,0,0.16666666666666666,0.028339899478583903
E01024344,0,0.0,0.0
E01024347,1,0.0,0.0
E01024351,0,0.0,0.018894451354579733
E01024352,0,0.08333333333333333,0.0
E01024353,0,0.08333333333333333,0.09041390572402605
E01024355,0,0.08333333333333333,0.14187376166060642
E01024356,0,0.0,0.0
E01024364,0,0.0,0.0
E01024366,0,0.0,0.0
E01024372,0,0.0,0.07432958314200966
E01024374,1,0.0,0.0
E01024376,0,0.08333333333333333,0.0
E01024377,0,0.16666666666666666,0.01281980601023109
E01024379,0,0.0,0.1369801703301923
E01024382,0,0.08333333333333333,0.0
E01024383,0,0.25,0.0
E01024384,1,0.08333333333333333,0.14089732393439283
E01024386,0,0.0,0.058382283488018494
E01024387,0,0.08333333333333333,0.065978385652819
E01024390,0,0.0,0.018810601611320282
E01024391,0,0.08333333333333333,0.1426095720591539
E01024392,0,0.0,0.05665994532766683
E01024393,1,0.0,0.11850982548155084
E01024396,0,0.0,0.059813659719966356
E01024400,0,0.0,0.0705347474521188
E01024401,0,0.0,0.0
E01024402,0,0.0,0.0
E01024405,0,0.0,0.08489539487280875
E01024406,0,0.25,0.0
E01024407,0,0.08333333333333333,0.019057830040640936
E01024410,0,0.08333333333333333,0.0
E01024413,0,0.0,0.09509501424272082
E01024416,1,0.0,0.0
E01024417,0,0.25,0.09951441832904366
E01024419,0,0.16666666666666666,0.03127255775264343
E01024420,0,0.16666666666666666,0.0
E01024421,0,0.5833333333333334,0.014198277253105596
E01024423,0,0.08333333333333333,0.0
E01024426,0,0.3333333333333333,0.0
E01024427,0,0.08333333333333333,0.0
E01024428,0,0.0,0.0
E01024429,0,0.08333333333333333,0.14601531412060667
E01024431,0,0.08333333333333333,0.0
E01024432,0,0.08333333333333333,0.04897587075546497
E01024434,0,0.16666666666666666,0.0
E01024435,0,0.08333333333333333,0.04402989608419111
E01024436,0,0.25,0.0
E01024438,0,0.0,0.05212519387765763
E01024439,1,0.3333333333333333,0.06967788804123402
E01024440,0,0.08333333333333333,0.05739260092007489
E01024441,0,0.0,0.0
E01024444,0,0.16666666666666666,0.04752158799676829
E01024446,0,0.0,0.0
E01024447,0,0.0,0.0
E01024448,0,0.08333333333333333,0.0
E01024450,0,0.08333333333333333,0.0
E01024452,0,0.08333333333333333,0.0
E01024453,0,0.0,0.06144724961721487
E01024454,0,0.08333333333333333,0.0
E01024457,0,0.08333333333333333,0.0
E01024458,0,0.0,0.0
E01024459,0,0.08333333333333333,0.056273173597870235
E01024460,0,0.08333333333333333,0.020574636220056623
E01024462,0,0.08333333333333333,0.0
E01024463,0,0.08333333333333333,0.06178350247538783
E01024465,0,0.0,0.01120732476806316
E01024466,0,0.08333333333333333,0.0
E01024469,0,0.0,0.0033973630983379355
E01024470,0,0.08333333333333333,0.041131246380298414
E01024472,0,0.08333333333333333,0.048227590172561285
E01024475,1,0.08333333333333333,0.0
E01024476,0,0.16666666666666666,0.0
E01024477,0,0.25,0.0
E01024478,0,0.08333333333333333,0.042044074571081946
E01024479,0,0.08333333333333333,0.11208879453031925
E01024480,0,0.5,0.0
E01024481,0,0.08333333333333333,0.0
E01024482,0,0.16666666666666666,0.07743436708851928
E01024483,1,0.0,0.09974684232583456
E01024485,0,0.16666666666666666,0.11462835053665285
E01024486,0,0.08333333333333333,0.03227623747430142
E01024489,0,0.08333333333333333,0.10844537661660683
E01024493,0,0.08333333333333333,0.0
E01024494,0,0.08333333333333333,0.0
E01024499,0,0.0,0.0
E01024505,2,0.0,0.0637814052764199
E01024507,0,0.0,0.0
E01024508,0,0.0,0.0
E01024513,0,0.08333333333333333,0.0
E01024517,0,0.08333333333333333,0.0
E01024525,0,0.08333333333333333,0.1113483597828114
E01024529,0,0.0,0.0
E01024530,0,0.08333333333333333,0.0
E01024532,0,0.0,0.08225145000687872
E01024535,0,0.0,0.0
E01024541,0,0.16666666666666666,0.0523387376742735
E01024546,0,0.08333333333333333,0.0951461267086526
E01024548,0,0.08333333333333333,0.12990716045163161
E01024553,0,0.08333333333333333,0.11311580094762694
E01024558,0,0.08333333333333333,0.0
E01024559,0,0.08333333333333333,0.02613605119706722
E01024562,0,0.16666666666666666,0.0
E01024563,0,0.0,0.0
E01024564,0,0.0,0.0
E01024569,0,0.08333333333333333,0.0
E01024576,0,0.16666666666666666,0.11300978163798156
E01024577,1,0.08333333333333333,0.0
E01024580,1,0.4166666666666667,0.01970347490133516
E01024584,0,0.08333333333333333,0.0
E01024587,0,0.08333333333333333,0.0
E01024588,0,0.08333333333333333,0.14109842435114892
E01024591,0,0.0,0.0
E01024593,1,0.0,0.038197340856951395
E01024595,0,0.08333333333333333,0.0
E01024597,0,0.25,0.0
E01024598,0,0.0,0.0
E01024601,0,0.08333333333333333,0.09422980751371393
E01024608,0,0.08333333333333333,0.0
E01024609,1,0.0,0.0
E01024610,0,0.0,0.0
E01024611,0,0.08333333333333333,0.07954684221697325
E01024612,0,0.08333333333333333,0.06742542404360283
E01024613,1,0.0,0.01950533067183316
E01024615,0,0.08333333333333333,0.0
E01024616,0,0.08333333333333333,0.11672455321096806
E01024619,0,0.0,0.08000934715004474
E01024620,0,0.0,0.09358267539054155
E01024624,0,0.08333333333333333,0.09420549920537771
E01024626,0,0.08333333333333333,0.04304195522384885
E01024629,0,0.0,0.0
E01024631,0,0.0,0.10940332577569509
E01024635,0,0.08333333333333333,0.12802903408115665
E01024637,0,0.08333333333333333,0.0
E01024640,0,0.0,0.0
E01024645,0,0.0,0.1376229890725312
E01024646,0,0.0,0.0
E01024647,0,0.08333333333333333,0.11223764069500705
E01024648,0,0.0,0.0
E01024649,0,0.0,0.0
E01024650,0,0.0,0.0
E01024654,0,0.0,0.0
E01024657,0,0.08333333333333333,0.0
E01024658,0,0.0,0.0
E01024659,0,0.0,0.06044937016973506
E01024661,0,0.0,0.14591957294558996
E01024664,0,0.16666666666666666,0.0
E01024666,0,0.0,0.005455482702932946
E01024667,0,0.0,0.006544710414976673
E01024670,0,0.0,0.011830306646380823
E01024675,0,0.0,0.005322197131338691
E01024676,0,0.08333333333333333,0.0
E01024682,0,0.0,0.0
E01024683,0,0.08333333333333333,0.0
E01024684,0,0.08333333333333333,0.0
E01024685,0,0.0,0.06146907268643881
E01024686,0,0.16666666666666666,0.0
E01024697,0,0.08333333333333333,0.11864104022686531
E01024698,0,0.08333333333333333,0.1288087076732873
E01024699,0,0.08333333333333333,0.14299481016895108
E01024707,1,0.0,0.131724391466106
E01024708,0,0.08333333333333333,0.0
E01024709,0,0.08333333333333333,0.0031598622112351846
E01024712,0,0.08333333333333333,0.0
E01024714,0,0.08333333333333333,0.09208970535191138
E01024716,0,0.0,0.1165295115432288
E01024717,0,0.16666666666666666,0.10584026938961735
E01024719,0,0.0,0.0
E01024721,0,0.08333333333333333,0.07782897420621573
E01024724,0,0.0,0.0
E01024725,0,0.16666666666666666,0.0
E01024732,0,0.08333333333333333,0.0761977330928097
E01024734,0,0.0,0.0
E01024736,0,0.08333333333333333,0.1488915882220522
E01024737,0,0.0,0.0
E01024740,0,0.0,0.10668830446057012
E01024746,0,0.08333333333333333,0.0
E01024751,0,0.16666666666666666,0.09859867625152599
E01024752,0,0.0,0.09513818465104346
E01024754,1,0.0,0.12479760040862323
E01024757,0,0.08333333333333333,0.0
E01024767,0,0.08333333333333333,0.13516661483878237
E01024768,0,0.08333333333333333,0.0
E01024771,0,0.08333333333333333,0.0
E01024773,0,0.0,0.0
E01024775,0,0.08333333333333333,0.09872369939273423
E01024776,0,0.08333333333333333,0.0
E01024779,0,0.08333333333333333,0.09901281205933568
E01024780,0,0.0,0.06890604173829157
E01024783,0,0.08333333333333333,0.0
E01024785,0,0.08333333333333333,0.13489129627002058
E01024791,0,0.08333333333333333,0.0
E01024795,0,0.0,0.11948391226313845
E01024796,0,0.0,0.0
E01024798,0,0.0,4.442494931977681e-05
E01024799,0,0.0,0.0
E01024804,0,0.08333333333333333,0.0
E01024812,0,0.16666666666666666,0.0
E01024816,0,0.16666666666666666,0.0
E01024818,0,0.0,0.0
E01024819,0,0.08333333333333333,0.0
E01024823,0,0.0,0.0
E01024827,0,0.08333333333333333,0.0896062190535761
E01024828,0,0.08333333333333333,0.020917818928553742
E01024831,0,0.16666666666666666,0.11841559416561545
E01024833,0,0.0,0.040963346573017256
E01024835,0,0.0,0.056802034689781344
E01024836,0,0.08333333333333333,0.05050897771828239
E01024840,0,0.0,0.0
E01024841,0,0.0,0.05680164666002485
E01024843,0,0.0,0.0
E01024848,0,0.0,0.10795544157469891
E01024850,0,0.08333333333333333,0.08357045183335665
E01024854,0,0.0,0.0
E01024858,0,0.0,0.08040973627622472
E01024860,0,0.0,0.0
E01024872,0,0.08333333333333333,0.0
E01024877,0,0.08333333333333333,0.0
E01024878,0,0.3333333333333333,0.08497531018609418
E01024889,0,0.0,0.07676224535351614
E01024897,0,0.0,0.09409080714054918
E01024900,0,0.0,0.0
E01024906,0,0.0,0.0003698180035223986
E01024909,0,0.16666666666666666,0.061904476855563835
E01024925,0,0.08333333333333333,0.0
E01024929,0,0.0,0.04493721825378741
E01024930,0,0.0,0.0
E01024940,0,0.08333333333333333,0.0
E01024944,0,0.08333333333333333,0.0
E01024959,0,0.0,0.04606954580433062
E01024975,0,0.0,0.0
E01024993,0,0.0,0.0
E01025010,0,0.08333333333333333,0.0
E01025013,0,0.0,0.0
E01025037,0,0.08333333333333333,0.0
E01025042,0,0.08333333333333333,0.0
E01025057,0,0.0,0.046136895251016885
E01025059,0,0.0,0.0
E01025065,0,0.08333333333333333,0.08301898142514788
E01025067,0,0.0,0.06578055178458445
E01025084,0,0.0,0.0
E01025087,0,0.0,0.0
E01025092,0,0.0,0.11338246919988185
E01025093,0,0.0,0.0
E01025095,0,0.0,0.0
E01025105,2,1.1666666666666667,0.0
E01025106,0,0.0,0.03850090958959612
E01025107,0,0.5,0.02607202174859326
E01025109,0,0.0,0.14607109993057668
E01025113,0,0.0,0.11607971889515159
E01025115,0,0.0,0.0
E01025116,0,0.16666666666666666,0.0
E01025117,0,0.08333333333333333,0.0
E01025120,0,0.08333333333333333,0.0
E01025121,0,0.0,0.0
E01025122,0,0.0,0.0
E01025123,0,0.0,0.0
E01025124,0,0.0,0.0
E01025128,0,0.0,0.0
E01025131,0,0.0,0.13847369131167478
E01025132,0,0.08333333333333333,0.02376878410074718
E01025138,0,0.0,0.14627873235398428
E01025139,0,0.08333333333333333,0.0
E01025140,0,0.0,0.0
E01025146,0,0.16666666666666666,0.0
E01025156,0,0.08333333333333333,0.0
E01025160,0,0.0,0.0
E01025171,0,0.0,0.13352375934234958
E01025176,0,0.0,0.14604320453962674
E01025181,0,0.08333333333333333,0.0
E01025184,0,0.08333333333333333,0.0
E01025185,0,0.0,0.0
E01025187,0,0.16666666666666666,0.0
E01025189,0,0.0,0.0
E01025210,0,0.0,0.0
E01025215,0,0.16666666666666666,0.0
E01025216,0,0.0,0.0
E01025217,0,0.08333333333333333,0.0
E01025227,0,0.08333333333333333,0.0
E01025229,0,0.08333333333333333,0.0
E01025232,0,0.0,0.14497728328847095
E01025242,0,0.08333333333333333,0.0
E01025246,0,0.08333333333333333,0.11315559125291194
E01025263,0,0.08333333333333333,0.10318655128728696
E01025268,0,0.08333333333333333,0.13584433428934464
E01025272,0,0.0,0.08703285368012834
E01025278,0,0.0,0.047879048117644485
E01025288,0,0.0,0.1069753332682373
E01025293,0,0.0,0.0
E01025304,0,0.0,0.0
E01025306,0,0.0,0.14677687158451766
E01025320,0,0.0,0.08088004538841967
E01025322,0,0.0,0.1386226134111669
E01025334,0,0.08333333333333333,0.08411711564022517
E01025352,1,0.0,0.11246459023264324
E01025358,0,0.0,0.06195888969095731
E01025360,0,0.08333333333333333,0.07837741012535338
E01025367,0,0.16666666666666666,0.007407020552213101
E01025368,0,0.0,0.12727131024423985
E01025371,0,0.16666666666666666,0.09796529078737137
E01025397,0,0.08333333333333333,0.10339229849987111
E01025400,0,0.08333333333333333,0.05212953908909715
E01025407,0,0.0,0.0
E01025422,0,0.08333333333333333,0.0
E01025455,0,0.08333333333333333,0.13092334762304478
E01025467,0,0.08333333333333333,0.026062913441830513
E01025472,1,0.08333333333333333,0.0
E01025479,0,0.0,0.0
E01025487,0,0.0,0.0988569496502264
E01025493,0,0.0,0.10095605833427365
E01025495,0,2.0833333333333335,0.10002261044369562
E01025510,0,0.08333333333333333,0.043751616390217324
E01025517,0,0.08333333333333333,0.0
E01025549,0,0.0,0.0
E01025559,0,0.0,0.0
E01025565,0,0.0,0.10008226760647207
E01025580,1,0.0,0.0
E01025582,0,0.0,0.039226499412230276
E01025585,0,0.08333333333333333,0.0014492928522079648
E01025586,0,0.0,0.008006807677905348
E01025587,0,0.0,0.128013853592332
E01025589,0,0.08333333333333333,0.0
E01025591,0,0.0,0.0820176673886317
E01025605,0,0.0,0.0
E01025609,0,0.4166666666666667,0.0
E01025610,3,2.0833333333333335,0.0
E01025611,2,3.1666666666666665,0.0
E01025612,5,6.416666666666667,0.10420746300184502
E01025613,5,4.5,0.021116603304299295
E01025614,2,1.75,0.0
E01025615,1,9.166666666666666,0.0
E01025616,5,3.5,0.04332652852946458
E01025617,2,2.8333333333333335,0.09954504450369067
E01025618,7,8.333333333333334,0.004020739400576772
E01025619,8,3.25,0.025219744667763763
E01025620,1,2.5,0.09675310022041388
E01025621,0,1.75,0.03791483701635613
E01025622,7,13.416666666666666,0.0
E01025623,12,4.583333333333333,0.04639009177082316
E01025624,0,3.75,0.04869023372772918
E01025625,1,2.75,0.07771678467032576
E01025626,9,13.5,0.07300528189643479
E01025627,52,65.83333333333333,0.3199515912807545
E01025629,4,3.5,0.0
E01025630,8,6.583333333333333,0.15324509908445721
E01025631,3,3.25,0.020347390312081312
E01025632,4,1.75,0.05634982695228401
E01025633,7,9.0,0.0
E01025634,1,2.4166666666666665,0.0
E01025635,6,6.25,0.0978244039525603
E01025636,1,3.8333333333333335,0.07250650933804367
E01025637,4,2.4166666666666665,0.0
E01025638,2,2.9166666666666665,0.021916587055524017
E01025639,1,2.5833333333333335,0.0
E01025640,13,2.9166666666666665,0.15669523675979932
E01025641,3,5.583333333333333,0.13438516617214533
E01025642,4,4.583333333333333,0.0
E01025643,4,2.3333333333333335,0.11394552007586978
E01025644,1,2.25,0.13195271777242135
E01025645,1,1.6666666666666667,0.0
E01025646,2,4.333333333333333,0.077644554123765
E01025647,3,4.0,0.0
E01025648,5,4.166666666666667,0.057910185381975586
E01025649,6,4.583333333333333,0.0
E01025650,1,2.75,0.0
E01025651,1,0.8333333333333334,0.0
E01025652,2,6.083333333333333,0.0
E01025653,5,7.583333333333333,0.11998129014712644
E01025654,2,3.3333333333333335,0.0
E01025655,9,7.25,0.0
E01025656,13,5.333333333333333,0.132732147022256
E01025657,3,6.0,0.015317377832015592
E01025658,4,6.25,0.030286832818867418
E01025659,26,10.0,0.1641664934549032
E01025660,6,2.75,0.1235026053494845
E01025661,2,4.083333333333333,0.0
E01025662,5,9.666666666666666,0.01827432979647936
E01025663,4,3.6666666666666665,0.1513684554365473
E01025664,7,4.25,0.0
E01025665,3,5.916666666666667,0.0
E01025666,14,6.833333333333333,0.0
E01025667,4,4.083333333333333,0.0
E01025668,3,5.666666666666667,0.08751443563913293
E01025669,11,9.416666666666666,0.10663853503095846
E01025670,7,2.25,0.14682772665579902
E01025671,5,9.25,0.10720124009174951
E01025672,8,4.416666666666667,0.0
E01025673,9,5.833333333333333,0.0
E01025674,8,5.75,0.1612810225234179
E01025675,8,3.9166666666666665,0.0
E01025676,8,8.0,0.0
E01025677,3,3.75,0.13199295893297985
E01025678,1,2.8333333333333335,0.03324146876966504
E01025679,0,0.0,0.0
E01025680,3,2.5,0.12353313682031526
E01025681,5,6.5,0.16569934293057587
E01025682,6,5.083333333333333,0.0
E01025683,2,4.0,0.11956231089945564
E01025684,2,3.9166666666666665,0.0
E01025685,6,1.5833333333333333,0.011531101155458804
E01025686,3,1.6666666666666667,0.12898096873312317
E01025687,3,4.166666666666667,0.15335419874160752
E01025688,4,3.0,0.0
E01025689,9,12.666666666666666,0.0
E01025690,5,4.916666666666667,0.0
E01025692,14,12.25,0.05188024942531412
E01025693,4,4.916666666666667,0.0
E01025695,1,1.9166666666666667,0.0
E01025696,3,1.5833333333333333,0.0
E01025697,7,6.166666666666667,0.0
E01025698,1,4.333333333333333,0.0
E01025699,23,23.833333333333332,0.16543249503452448
E01025700,12,9.916666666666666,0.0
E01025701,12,9.166666666666666,0.0
E01025702,1,2.4166666666666665,0.11759185418717949
E01025703,17,23.166666666666668,0.1369326648501038
E01025704,19,17.583333333333332,0.0
E01025705,6,6.416666666666667,0.0
E01025706,9,10.416666666666666,0.09305323307928273
E01025707,4,3.0833333333333335,0.0
E01025708,6,2.5833333333333335,0.08685507254109122
E01025709,1,2.1666666666666665,0.0
E01025710,0,2.1666666666666665,0.0
E01025711,0,1.75,0.0
E01025712,2,2.5,0.08137195970664642
E01025713,7,2.3333333333333335,0.12701673236719274
E01025714,0,0.0,0.0
E01025715,22,11.833333333333334,0.039440311993852006
E01025716,23,16.583333333333332,0.0
E01025717,0,0.0,0.0
E01025718,13,19.666666666666668,0.16911172557189164
E01025719,4,3.4166666666666665,0.0
E01025720,69,52.0,0.2712638176374159
E01025721,8,3.5833333333333335,0.04893531990298505
E01025722,1,3.9166666666666665,0.1409066167464299
E01025723,8,12.916666666666666,0.11230535165188017
E01025724,6,5.0,0.0
E01025725,9,15.75,0.0
E01025726,4,6.666666666666667,0.0
E01025727,7,8.583333333333334,0.0
E01025728,6,4.333333333333333,0.010267539042433407
E01025729,1,1.6666666666666667,0.0
E01025730,9,7.75,0.15797097782508895
E01025731,8,5.666666666666667,0.0
E01025732,11,7.0,0.10473998050164089
E01025733,3,4.5,0.14482083866524206
E01025734,2,1.9166666666666667,0.1183132516963689
E01025735,13,6.083333333333333,0.0
E01025736,3,2.1666666666666665,0.0047059970807808976
E01025737,8,9.0,0.0
E01025738,1,1.75,0.0
E01025739,3,4.083333333333333,0.0
E01025740,3,6.166666666666667,0.11469161426592832
E01025741,0,2.1666666666666665,0.0
E01025742,5,7.666666666666667,0.02797470929009958
E01025743,8,8.75,0.16854913113317435
E01025744,1,7.333333333333333,0.0
E01025745,3,2.9166666666666665,0.004325599943575285
E01025746,15,12.083333333333334,0.11510578811014464
E01025747,9,8.25,0.0
E01025748,4,5.666666666666667,0.04888247679677057
E01025749,6,9.666666666666666,0.0
E01025750,7,4.25,0.12178848277662405
E01025751,8,7.166666666666667,0.0
E01025752,8,6.333333333333333,0.0
E01025753,12,13.5,0.06620118918476248
E01025754,2,0.8333333333333334,0.0
E01025755,4,2.5,0.0
E01025756,3,5.25,0.0
E01025757,4,2.25,0.0
E01025758,5,6.083333333333333,0.024020207814920348
E01025759,17,8.25,0.05234611443865314
E01025760,5,1.6666666666666667,0.024536412128678305
E01025761,10,5.833333333333333,0.06212710961028098
E01025762,3,8.666666666666666,0.0
E01025763,2,7.333333333333333,0.0
E01025764,1,2.5833333333333335,0.08527333523494797
E01025765,1,4.0,0.11612093719791407
E01025766,13,16.75,0.0
E01025767,1,5.5,0.0
E01025768,3,2.6666666666666665,0.006828646694872892
E01025769,2,2.75,0.01748274323186868
E01025770,3,3.5,0.05737302093391632
E01025771,0,0.0,0.0
E01025772,2,3.0833333333333335,0.07483505042691863
E01025773,1,1.4166666666666667,0.0
E01025774,5,4.333333333333333,0.0022806279112955984
E01025775,4,4.916666666666667,0.11168305988146361
E01025776,3,2.3333333333333335,0.0
E01025777,1,3.25,0.0
E01025778,2,5.5,0.16047953431376338
E01025779,5,3.0,0.1249507554288111
E01025780,4,1.6666666666666667,0.08593026597113314
E01025781,5,3.5,0.0
E01025782,5,4.0,0.0
E01025783,3,4.25,0.14399060323480414
E01025784,3,4.583333333333333,0.022179821965121284
E01025785,0,0.0,0.1057066381162455
E01025786,4,3.9166666666666665,0.0
E01025787,1,2.5,0.0
E01025788,3,2.8333333333333335,0.15337364340838092
E01025789,18,12.75,0.04125166097621633
E01025790,2,3.1666666666666665,0.0
E01025791,14,6.416666666666667,0.0
E01025792,7,14.833333333333334,0.03495525025011382
E01025793,0,0.0,0.0
E01025794,0,3.3333333333333335,0.0
E01025795,18,9.333333333333334,0.001084838244360363
E01025796,11,6.916666666666667,0.1026260100109062
E01025797,1,2.25,0.0
E01025798,8,14.166666666666666,0.18332212449272578
E01025799,1,1.25,0.0
E01025800,2,1.75,0.03205899029425087
E01025801,15,11.0,0.0
E01025802,4,2.1666666666666665,0.07605622400291223
E01025803,3,2.1666666666666665,0.1543231352233091
E01025804,2,4.0,0.10662841373419911
E01025805,0,0.0,0.016711062216090367
E01025806,7,7.916666666666667,0.01696924323714507
E01025807,0,3.75,0.1107153843882192
E01025808,7,6.583333333333333,0.14871012062755162
E01025809,2,3.4166666666666665,0.15606111854686722
E01025810,2,3.0833333333333335,0.0
E01025812,5,8.5,0.17040974005686127
E01025813,4,4.75,0.0
E01025814,5,3.25,0.0
E01025815,5,5.5,0.0
E01025816,4,4.833333333333333,0.0
E01025817,2,5.333333333333333,0.09489702869701594
E01025818,4,2.0,0.1113207186578896
E01025819,10,5.166666666666667,0.09772993914202122
E01025820,6,2.5,0.04612399745575228
E01025821,2,7.166666666666667,0.023695510572398125
E01025822,4,5.25,0.0769002411755251
E01025823,5,4.583333333333333,0.0
E01025824,2,4.0,0.11327932785862001
E01025825,2,3.8333333333333335,0.0635902330013822
E01025826,4,4.333333333333333,0.07113546715775781
E01025827,3,3.1666666666666665,0.019399532345616373
E01025828,3,3.0,0.12373381206988385
E01025829,1,3.3333333333333335,0.0
E01025830,3,4.5,0.0
E01025831,3,1.0,0.08601447650548409
E01025832,2,5.0,0.011433196849688125
E01025833,4,4.416666666666667,0.12878507043687396
E01025834,2,2.0833333333333335,0.0
E01025835,9,9.25,0.0
E01025836,9,3.75,0.1268271328241527
E01025837,2,5.583333333333333,0.004507285666769266
E01025838,0,3.1666666666666665,0.013456109667640999
E01025839,3,4.583333333333333,0.0
E01025840,3,5.916666666666667,0.0
E01025841,4,2.5833333333333335,0.05381568605714247
E01025842,3,6.666666666666667,0.0
E01025843,14,11.916666666666666,0.14621545078081968
E01025844,4,7.5,0.10417373304586258
E01025845,3,4.0,0.0
E01025846,4,4.833333333333333,0.07136089415789355
E01025847,0,2.4166666666666665,0.03736733159095241
E01025848,4,4.083333333333333,0.0
E01025849,11,17.25,0.0
E01025850,3,7.833333333333333,0.0
E01025851,0,3.9166666666666665,0.07043283418217018
E01025852,41,28.916666666666668,0.12031967630806391
E01025853,0,0.0,0.00967045430300939
E01025854,2,3.0,0.08868827974074237
E01025855,1,3.5833333333333335,0.08713410028965202
E01025856,9,8.416666666666666,0.05826543503700292
E01025857,3,2.4166666666666665,0.09267448022070951
E01025858,20,19.833333333333332,0.004259506876947157
E01025859,4,2.4166666666666665,0.12095231370204362
E01025860,5,1.4166666666666667,0.03832877534366683
E01025861,5,2.75,0.1041937445497169
E01025862,5,5.416666666666667,0.02862630344887924
E01025863,5,4.0,0.0
E01025864,6,7.166666666666667,0.03222859541909703
E01025865,5,3.5,0.0
E01025866,3,7.0,0.07830165002636989
E01025867,4,5.083333333333333,0.006573474331488995
E01025868,3,2.6666666666666665,0.10809172308411259
E01025869,2,1.8333333333333333,0.05841154730056684
E01025870,11,3.75,0.0655697259175623
E01025871,6,7.333333333333333,0.0
E01025872,0,1.6666666666666667,0.14981110595101602
E01025873,8,5.0,0.11611109079233345
E01025874,4,4.666666666666667,0.09940275817836942
E01025875,9,6.583333333333333,0.0
E01025876,7,7.916666666666667,0.03223633187140703
E01025877,3,5.416666666666667,0.0
E01025878,0,0.0,0.01154279299881178
E01025879,10,5.583333333333333,0.0
E01025880,2,2.0,0.021354764401235092
E01025881,0,1.8333333333333333,0.04960635765046352
E01025882,6,3.6666666666666665,0.0
E01025883,2,4.0,0.010450285908097419
E01025884,6,6.166666666666667,0.12947986751580284
E01025885,5,3.9166666666666665,0.0
E01025886,5,2.75,0.0950045583058836
E01025887,4,4.583333333333333,0.0
E01025888,4,3.1666666666666665,0.0
E01025889,3,2.75,0.0
E01025890,3,2.8333333333333335,0.08722445619731611
E01025891,0,1.6666666666666667,0.0
E01025892,9,5.5,0.12672553586583007
E01025893,3,3.6666666666666665,0.017391849562663403
E01025894,15,21.166666666666668,0.0
E01025895,5,3.5,0.07454005248819881
E01025896,3,4.916666666666667,0.0
E01025897,15,16.833333333333332,0.13262926767522962
E01025898,1,3.25,0.0
E01025899,16,9.833333333333334,0.0
E01025900,4,4.25,0.0899486776968619
E01025901,12,11.0,0.1662081688668775
E01025902,2,2.0,0.0
E01025903,4,7.583333333333333,0.11945966687619239
E01025904,0,3.75,0.0
E01025905,5,8.666666666666666,0.11574204627961782
E01025906,1,2.1666666666666665,0.05314524658159295
E01025907,4,7.333333333333333,0.0
E01025908,10,9.083333333333334,0.0
E01025909,4,5.583333333333333,0.0
E01025910,3,4.083333333333333,0.0
E01025911,3,2.4166666666666665,0.0
E01025912,2,2.1666666666666665,0.049096414893859686
E01025913,3,5.333333333333333,0.1628672944777802
E01025914,4,1.0,0.0
E01025915,7,7.416666666666667,0.03246192720233837
E01025916,7,9.833333333333334,0.04886341768611367
E01025917,0,0.0,0.12426263690424358
E01025918,5,4.5,0.014049275639879403
E01025919,8,2.6666666666666665,0.020368307499281552
E01025920,19,5.333333333333333,0.006011603610129179
E01025921,6,3.8333333333333335,0.0
E01025923,3,6.333333333333333,0.0
E01025924,6,4.25,0.0
E01025925,0,0.0,0.0
E01025926,18,4.833333333333333,0.02830265125029925
E01025927,9,5.916666666666667,0.0
E01025928,2,1.25,0.013482852460350045
E01025929,7,11.25,0.0
E01025930,23,16.583333333333332,0.17492394095791583
E01025931,9,7.75,0.13944959148185504
E01025932,3,7.5,0.0
E01025933,7,6.416666666666667,0.0
E01025934,7,8.583333333333334,0.057409137974282924
E01025935,9,2.5,0.0
E01025936,6,3.1666666666666665,0.0
E01025937,8,10.416666666666666,0.0
E01025938,12,4.0,0.1355418410237184
E01025939,7,11.75,0.1377332317123456
E01025940,7,5.166666666666667,0.03801196799130885
E01025941,3,6.166666666666667,0.02288775227489932
E01025942,1,4.916666666666667,0.14259945757432452
E01025943,18,13.166666666666666,0.1655641253223132
E01025944,0,3.5,0.15032500721311892
E01025945,1,3.5,0.0
E01025946,17,10.916666666666666,0.0
E01025947,6,4.333333333333333,0.06481506721340125
E01025948,3,3.9166666666666665,0.023090356591481488
E01025949,4,6.416666666666667,0.0
E01025950,9,6.25,0.0
E01025951,5,3.1666666666666665,0.12504284908453653
E01025952,4,2.5833333333333335,0.11769231146744076
E01025953,4,2.8333333333333335,0.0
E01025954,4,2.8333333333333335,0.12502668428532962
E01025955,4,4.333333333333333,0.0398965799288058
E01025956,5,2.4166666666666665,0.09834914931093253
E01025957,23,16.25,0.022457037383446454
E01025958,8,4.916666666666667,0.0
E01025959,11,7.833333333333333,0.0014381460108608864
E01025960,3,4.25,0.0
E01025961,6,3.3333333333333335,0.02435561015943878
E01025962,8,6.916666666666667,0.0
E01025963,1,3.25,0.15626610212195982
E01025964,2,4.0,0.0
E01025965,2,2.0,0.0
E01025966,4,2.1666666666666665,0.013937904461498589
E01025967,1,2.5833333333333335,0.018193526624091447
E01025968,6,2.6666666666666665,0.0
E01025969,8,5.25,0.0958565983090075
E01025970,9,7.833333333333333,0.02631634743563684
E01025971,2,3.3333333333333335,0.04198098855075312
E01025972,0,2.6666666666666665,0.07438179722814196
E01025973,3,4.166666666666667,0.0
E01025974,8,6.0,0.037523488376577624
E01025975,5,4.333333333333333,0.12705239897794604
E01025976,5,2.6666666666666665,0.0
E01025977,9,10.416666666666666,0.0
E01025978,6,5.25,0.14215718947318012
E01025979,3,2.75,0.0
E01025980,0,1.1666666666666667,0.0
E01025981,3,3.4166666666666665,0.15376157872073315
E01025982,0,2.3333333333333335,0.0
E01025983,4,3.0,0.0
E01025984,3,2.4166666666666665,0.11440423246365328
E01025985,9,10.666666666666666,0.13957112878693576
E01025986,5,4.333333333333333,0.0034174080134392014
E01025987,9,10.0,0.03147920836495953
E01025988,4,5.916666666666667,0.11684533569823355
E01025989,9,10.333333333333334,0.09969214065723797
E01025990,3,4.416666666666667,0.0
E01025991,0,1.5833333333333333,0.0
E01025992,14,20.833333333333332,0.05061224880542548
E01025993,3,1.75,0.11243668263250282
E01025994,6,5.75,0.13440021021956847
E01025995,5,7.416666666666667,0.15705384233899491
E01025997,3,4.083333333333333,0.12498260249272526
E01025998,5,5.666666666666667,0.039436065001767905
E01025999,6,6.5,0.0010727661849831392
E01026000,0,0.8333333333333334,0.08472304196204417
E01026001,2,1.8333333333333333,0.07693628391367076
E01026003,9,6.75,0.029814541839133516
E01026004,2,2.25,0.0
E01026005,8,4.166666666666667,0.13916484404514798
E01026008,0,0.08333333333333333,0.0
E01026018,0,0.08333333333333333,0.0
E01026020,0,0.08333333333333333,0.03909702735081294
E01026021,0,0.0,0.052151388350093086
E01026026,0,0.0,0.0
E01026028,0,0.08333333333333333,0.10130846224316828
E01026034,2,0.0,0.0
E01026037,0,0.08333333333333333,0.0
E01026040,0,0.08333333333333333,0.0
E01026041,0,0.08333333333333333,0.06939483306942101
E01026044,0,0.0,0.13963745353194104
E01026045,0,0.16666666666666666,0.09323799691179285
E01026046,0,0.08333333333333333,0.13233132210123896
E01026048,0,0.3333333333333333,0.0
E01026049,0,0.08333333333333333,0.0
E01026050,0,0.0,0.017311428572001353
E01026051,0,0.0,0.0
E01026052,0,0.08333333333333333,0.0986433006909633
E01026053,0,0.0,0.05159636142069782
E01026054,0,0.08333333333333333,0.14144525799591975
E01026055,0,0.0,0.0
E01026056,0,0.08333333333333333,0.0
E01026058,0,0.0,0.00037214322760598106
E01026061,0,0.4166666666666667,0.0
E01026062,0,0.16666666666666666,0.02748163744676522
E01026063,2,0.3333333333333333,0.0
E01026069,0,0.75,0.0
E01026073,0,0.08333333333333333,0.0
E01026074,0,0.0,0.0
E01026075,0,0.0,0.006628571074436707
E01026076,0,0.0,0.0
E01026077,0,0.08333333333333333,0.0
E01026079,0,0.08333333333333333,0.0
E01026080,0,0.25,0.0
E01026081,0,0.08333333333333333,0.0
E01026083,0,0.0,0.0
E01026084,0,0.08333333333333333,0.0025319561907067886
E01026087,0,0.3333333333333333,0.058639340956164784
E01026091,0,0.08333333333333333,0.03928247951655317
E01026092,0,0.08333333333333333,0.09135329307093862
E01026093,0,0.3333333333333333,0.0
E01026094,0,0.08333333333333333,0.0059543279020999075
E01026095,0,0.08333333333333333,0.09334739105787643
E01026096,0,0.08333333333333333,0.0
E01026097,0,0.3333333333333333,0.06138704017060488
E01026099,0,0.16666666666666666,0.0
E01026100,0,0.0,0.0
E01026101,0,0.0,0.07806168735874808
E01026103,0,0.0,0.0
E01026106,0,0.16666666666666666,0.0
E01026107,0,0.3333333333333333,0.0
E01026108,0,0.08333333333333333,0.0
E01026109,0,0.0,0.0
E01026113,0,0.08333333333333333,0.02404849812617785
E01026114,0,0.16666666666666666,0.08990485838571646
E01026115,0,0.0,0.08598391836537056
E01026116,0,0.0,0.0
E01026118,0,0.08333333333333333,0.14685493056845997
E01026120,0,0.0,0.028156309411740243
E01026121,0,0.0,0.0
E01026122,0,0.08333333333333333,0.1008885925726091
E01026123,0,0.0,0.06896220379279225
E01026124,0,0.0,0.07478260104723133
E01026125,0,0.16666666666666666,0.0
E01026126,0,0.0,0.0
E01026127,0,0.08333333333333333,0.10877524804756225
E01026129,1,0.08333333333333333,0.001438211088808625
E01026132,0,0.0,0.0550358230263151
E01026133,0,0.0,0.02638011991027936
E01026134,0,0.0,0.10270703631551462
E01026135,0,0.08333333333333333,0.0
E01026138,0,0.08333333333333333,0.02286939216609091
E01026142,0,0.08333333333333333,0.0
E01026144,0,0.08333333333333333,0.057290041810021786
E01026146,0,0.08333333333333333,0.06981716030599505
E01026147,0,0.16666666666666666,0.0
E01026148,0,0.0,0.052737289088395534
E01026150,0,0.08333333333333333,0.0
E01026152,0,0.0,0.0
E01026154,0,0.0,0.0
E01026157,0,0.0,0.0
E01026160,0,0.08333333333333333,0.0
E01026161,0,0.08333333333333333,0.0
E01026165,0,0.0,0.07151749108081723
E01026166,0,0.08333333333333333,0.08249147625008907
E01026168,0,0.0,0.032108596315364
E01026169,0,0.0,0.0
E01026172,0,0.16666666666666666,0.12976030132166108
E01026175,0,0.0,0.05586998402893431
E01026176,0,0.08333333333333333,0.0
E01026178,0,0.16666666666666666,0.09610348736459823
E01026184,0,0.08333333333333333,0.0
E01026188,0,0.16666666666666666,0.024219974471694945
E01026189,0,0.25,0.0
E01026192,0,0.08333333333333333,0.0
E01026193,0,0.0,0.11691411603731924
E01026194,0,0.0,0.0
E01026196,0,0.08333333333333333,0.0
E01026199,0,0.16666666666666666,0.13444523576484865
E01026200,0,0.08333333333333333,0.12638737817206971
E01026208,0,0.0,0.05532980687447964
E01026210,0,0.0,0.0
E01026211,0,0.08333333333333333,0.0
E01026212,0,0.08333333333333333,0.0874512443734243
E01026218,0,0.08333333333333333,0.0
E01026219,0,0.0,0.0
E01026226,0,0.08333333333333333,0.011441961531991871
E01026227,0,0.0,0.0
E01026228,0,0.0,0.0
E01026231,0,0.0,0.0
E01026237,0,0.0,0.0
E01026238,0,0.0,0.0
E01026248,0,0.08333333333333333,0.0
E01026252,0,0.08333333333333333,0.0
E01026254,0,0.08333333333333333,0.06487206273249826
E01026255,0,0.08333333333333333,0.09290500096551885
E01026258,0,0.08333333333333333,0.0
E01026259,0,0.08333333333333333,0.0021929535646067508
E01026260,0,0.0,0.0
E01026266,1,0.0,0.0
E01026268,0,0.16666666666666666,0.0
E01026275,0,0.08333333333333333,0.013396335014125713
E01026276,0,0.0,0.07186534462049787
E01026278,0,0.08333333333333333,0.031727727201591366
E01026285,0,0.08333333333333333,0.0
E01026288,0,0.0,0.0
E01026289,0,0.16666666666666666,0.08468558806651971
E01026291,0,0.08333333333333333,0.0
E01026308,0,0.08333333333333333,0.07104301314501832
E01026309,0,0.0,0.0038936525743025474
E01026311,0,0.08333333333333333,0.071825424868729
E01026312,0,0.0,0.12218686843577156
E01026313,0,0.08333333333333333,0.12653566361632204
E01026314,0,0.08333333333333333,0.010758842800362465
E01026315,0,0.16666666666666666,0.0039061270300545297
E01026316,0,0.08333333333333333,0.0
E01026317,0,0.0,0.1307399494587874
E01026318,0,0.08333333333333333,0.0
E01026319,0,0.16666666666666666,0.0
E01026322,0,0.0,0.0
E01026323,0,0.08333333333333333,0.0
E01026325,0,0.08333333333333333,0.00098631407730396
E01026328,0,0.0,0.018382654456863656
E01026329,0,0.08333333333333333,0.0
E01026330,0,0.08333333333333333,0.0
E01026331,0,0.4166666666666667,0.13418510469087896
E01026333,0,0.08333333333333333,0.08223274284521032
E01026338,0,0.08333333333333333,0.10189113295171773
E01026339,0,0.08333333333333333,0.0
E01026340,0,0.0,0.07824930900583515
E01026343,0,0.0,0.0
E01026344,0,0.08333333333333333,0.0
E01026345,0,0.08333333333333333,0.0
E01026346,0,0.0,0.0
E01026347,0,0.16666666666666666,0.0
E01026348,0,0.0,0.1494806928612206
E01026350,0,0.08333333333333333,0.0
E01026351,1,0.16666666666666666,0.0
E01026353,0,0.08333333333333333,0.0
E01026354,0,0.16666666666666666,0.0
E01026355,0,0.3333333333333333,0.022312704912809386
E01026356,0,0.25,0.0
E01026357,0,0.08333333333333333,0.08540052297635153
E01026359,0,0.08333333333333333,0.0
E01026360,0,0.08333333333333333,0.02762958573977398
E01026363,0,0.0,0.06469177082008781
E01026366,0,0.08333333333333333,0.11693944410722981
E01026367,0,0.08333333333333333,0.10096303973584145
E01026368,0,0.08333333333333333,0.03271951723124933
E01026370,0,0.08333333333333333,0.0
E01026373,0,0.0,0.0009614010224891778
E01026374,0,0.0,0.08062043801364077
E01026375,0,0.0,0.11326366276784192
E01026376,0,0.08333333333333333,0.0
E01026377,0,0.0,0.0
E01026378,0,0.08333333333333333,0.08306178832423161
E01026379,0,0.0,0.0
E01026380,1,0.0,0.0
E01026381,0,0.0,0.0
E01026382,0,0.25,0.03153385043644958
E01026383,0,0.08333333333333333,0.1501683520403219
E01026384,0,0.25,0.0
E01026385,0,0.0,0.0
E01026386,0,0.16666666666666666,0.0
E01026387,0,0.5,0.0
E01026391,0,0.0,0.017645170475496436
E01026394,0,0.3333333333333333,0.014278862647376057
E01026398,0,0.16666666666666666,0.0
E01026399,0,0.0,0.058598821935770096
E01026401,0,0.16666666666666666,0.07278573008926711
E01026402,0,0.3333333333333333,0.0
E01026403,0,0.08333333333333333,0.0
E01026404,0,0.16666666666666666,0.14759511930453986
E01026408,0,0.0,0.0
E01026409,0,0.08333333333333333,0.07846731032701199
E01026411,0,0.16666666666666666,0.0
E01026414,0,0.0,0.08800344835829277
E01026416,0,0.0,0.08070697163479437
E01026423,0,0.0,0.05032680755956068
E01026428,0,0.08333333333333333,0.1066603126888552
E01026436,0,0.08333333333333333,0.131992357263487
E01026445,0,0.08333333333333333,0.024221804935806616
E01026465,0,0.08333333333333333,0.0
E01026467,0,0.0,0.0
E01026468,0,0.0,0.07749171405398797
E01026488,0,0.08333333333333333,0.04549185433734229
E01026496,0,0.16666666666666666,0.0
E01026520,0,0.0,0.0
E01026523,0,0.0,0.054888478062619456
E01026559,0,0.0,0.0
E01026566,0,0.0,0.0
E01026589,0,0.0,0.07402403175377828
E01026592,0,0.0,0.018800034196899934
E01026596,1,0.0,0.0
E01026597,0,0.08333333333333333,0.0
E01026598,0,0.0,0.0
E01026607,0,0.08333333333333333,0.0
E01026617,0,0.0,0.01962101758515128
E01026622,0,0.16666666666666666,0.001643351547980932
E01026623,0,0.08333333333333333,0.0
E01026624,0,0.16666666666666666,0.0
E01026625,0,0.0,0.0
E01026626,0,0.08333333333333333,0.14554120258576245
E01026630,0,0.08333333333333333,0.0
E01026632,0,0.0,0.11020365141063374
E01026635,0,0.0,0.10462574000065297
E01026637,0,0.0,0.003455867238862098
E01026659,0,0.0,0.06200631253816305
E01026667,0,0.08333333333333333,0.0
E01026671,0,0.0,0.05651901147807248
E01026678,0,0.08333333333333333,0.0
E01026685,0,0.08333333333333333,0.09984543782642666
E01026695,0,0.0,0.0
E01026699,0,0.08333333333333333,0.08216841066576469
E01026700,0,0.0,0.0
E01026704,1,0.0,0.1143567710682927
E01026706,0,0.08333333333333333,0.0
E01026712,0,0.0,0.046318009449172415
E01026716,0,0.08333333333333333,0.0
E01026719,0,0.08333333333333333,0.0
E01026723,0,0.08333333333333333,0.04385935875523039
E01026726,0,0.0,0.13425689416537137
E01026737,0,0.08333333333333333,0.0
E01026739,0,0.08333333333333333,0.1258826655651127
E01026752,0,0.0,0.032724496506304046
E01026759,0,0.16666666666666666,0.09264790783107857
E01026763,1,0.0,0.0
E01026766,0,0.0,0.0
E01026769,0,0.0,0.1106552255403492
E01026773,0,0.08333333333333333,0.0
E01026776,0,0.08333333333333333,0.01062467882490695
E01026782,1,0.0,0.0
E01026792,0,0.0,0.0
E01026794,0,0.0,0.04250595239243993
E01026800,1,0.0,0.06509307031916314
E01026806,0,0.16666666666666666,0.025233898635712716
E01026807,0,0.08333333333333333,0.0
E01026814,0,0.08333333333333333,0.0
E01026818,0,0.08333333333333333,0.0
E01026821,0,0.0,0.0
E01026823,0,0.08333333333333333,0.11132551916640973
E01026833,0,0.08333333333333333,0.082985240397777
E01026841,0,0.0,0.0
E01026848,0,0.08333333333333333,0.1173195681325507
E01026853,0,0.08333333333333333,0.0
E01026855,0,0.08333333333333333,0.07338545226598098
E01026859,0,0.08333333333333333,0.0
E01026861,0,0.08333333333333333,0.05144266651229587
E01026863,0,0.08333333333333333,0.0
E01026865,0,0.0,0.0
E01026867,0,0.08333333333333333,0.0
E01026877,0,0.16666666666666666,0.0
E01026883,0,0.08333333333333333,0.0
E01026887,0,0.08333333333333333,0.0
E01026896,0,0.08333333333333333,0.0
E01026899,0,0.0,0.05757300798586856
E01026912,0,0.08333333333333333,0.0
E01026915,0,0.0,0.0353221501874994
E01026922,0,0.0,0.0
E01026936,0,0.08333333333333333,0.13377524595355053
E01026943,0,0.0,0.12992822193295625
E01026950,0,0.08333333333333333,0.0
E01026954,0,0.08333333333333333,0.0345531982670903
E01026956,0,0.08333333333333333,0.0
E01026957,0,0.0,0.12953656291535223
E01026958,0,0.0,0.006896192457512912
E01026959,0,0.0,0.0
E01026960,0,0.08333333333333333,0.0
E01026962,0,0.0,0.0
E01026967,0,0.08333333333333333,0.0
E01026968,0,0.25,0.05165832904894125
E01026970,0,0.08333333333333333,0.0
E01026974,0,0.0,0.0
E01026975,0,0.08333333333333333,0.0
E01026976,0,0.0,0.0
E01026980,0,0.0,0.0
E01026982,0,0.16666666666666666,0.09270323709736111
E01026984,0,0.08333333333333333,0.0
E01026985,0,0.0,0.02861200996466806
E01026993,0,0.0,0.0
E01026998,0,0.08333333333333333,0.0
E01027003,0,0.08333333333333333,0.04206734064781256
E01027005,0,0.25,0.0
E01027006,1,0.0,0.0
E01027007,0,0.08333333333333333,0.028082410267847916
E01027008,0,0.16666666666666666,0.0
E01027011,0,0.08333333333333333,0.0
E01027013,0,0.08333333333333333,0.017945195129756956
E01027016,0,0.0,0.05084957296520837
E01027018,0,0.0,0.0
E01027022,0,0.08333333333333333,0.0
E01027023,0,0.0,0.0
E01027026,0,0.16666666666666666,0.0
E01027027,0,0.0,0.018152620223391924
E01027029,0,0.16666666666666666,0.1103102921800371
E01027030,0,0.8333333333333334,0.1171097917583599
E01027033,0,0.16666666666666666,0.0
E01027045,0,0.0,0.0
E01027047,0,0.0,0.02490194490136538
E01027050,0,0.0,0.0
E01027053,0,0.0,0.0796296650234315
E01027058,0,0.0,0.07327057753117164
E01027060,0,0.08333333333333333,0.12122911291221986
E01027062,0,0.0,0.0
E01027064,0,0.08333333333333333,0.0
E01027066,0,0.0,0.09815601427359652
E01027072,0,0.0,0.05117401524808063
E01027074,0,0.0,0.1183169561095472
E01027076,0,0.0,0.0
E01027083,0,0.0,0.02908918971493285
E01027084,0,0.16666666666666666,0.021167590068465143
E01027085,1,0.0,0.0
E01027086,0,0.08333333333333333,0.004283431873926494
E01027089,0,0.08333333333333333,0.03308290219315871
E01027090,0,0.0,0.0
E01027091,0,0.08333333333333333,0.0
E01027092,0,0.08333333333333333,0.04233101268950257
E01027099,0,0.08333333333333333,0.0
E01027100,0,0.0,0.10740409727049802
E01027102,0,0.25,0.0
E01027104,0,0.08333333333333333,0.0
E01027105,0,0.0,0.1454597821034528
E01027106,0,0.0,0.12334073103902501
E01027107,0,0.0,0.0
E01027108,0,0.08333333333333333,0.0814453933921512
E01027111,0,0.0,0.0
E01027112,0,0.08333333333333333,0.0
E01027113,1,0.08333333333333333,0.0
E01027115,0,0.0,0.0
E01027121,0,0.08333333333333333,0.09602243750427084
E01027123,0,0.0,0.06320017378285053
E01027126,0,0.08333333333333333,0.1447096369997857
E01027127,0,0.0,0.06345387009354553
E01027128,0,0.0,0.0
E01027129,0,0.6666666666666666,0.06149276868501663
E01027130,0,0.08333333333333333,0.1500645289561021
E01027132,0,0.08333333333333333,0.06326937356893986
E01027134,0,0.0,0.07850440679409548
E01027138,0,0.0,0.1315095045570778
E01027140,0,0.0,0.0
E01027142,0,0.08333333333333333,0.0616620968344995
E01027143,0,0.0,0.10524178739023468
E01027144,1,0.08333333333333333,0.13654038886644934
E01027148,0,0.0,0.0
E01027151,0,0.0,0.001178702317273267
E01027153,0,0.16666666666666666,0.05462007189370744
E01027155,0,0.25,0.0
E01027156,0,0.08333333333333333,0.03036866777526365
E01027159,0,0.0,0.0
E01027161,0,0.0,0.0
E01027162,0,0.16666666666666666,0.0
E01027169,0,0.0,0.008757029623970097
E01027170,0,0.08333333333333333,0.0
E01027171,1,0.0,0.0
E01027173,0,0.08333333333333333,0.0
E01027176,0,0.08333333333333333,0.0
E01027178,0,0.0,0.0
E01027179,0,0.0,0.0
E01027185,0,0.0,0.0245830924517349
E01027188,0,0.08333333333333333,0.08606144314112116
E01027191,0,0.0,0.0
E01027192,0,0.08333333333333333,0.0
E01027193,0,0.08333333333333333,0.07501391696495652
E01027194,0,0.0,0.0
E01027199,0,0.08333333333333333,0.13567664056838716
E01027202,0,0.3333333333333333,0.06520262638383771
E01027207,0,0.08333333333333333,0.0
E01027215,0,0.0,0.0
E01027217,0,0.0,0.0071095158813927195
E01027219,0,0.08333333333333333,0.0
E01027224,0,0.0,0.0
E01027225,1,0.08333333333333333,0.0
E01027226,0,0.08333333333333333,0.08264388679154949
E01027227,0,0.16666666666666666,0.004610825381099643
E01027230,0,0.0,0.0
E01027234,0,0.08333333333333333,0.05228176704181414
E01027235,0,0.0,0.0
E01027237,0,0.08333333333333333,0.003482518289320838
E01027240,0,0.08333333333333333,0.0
E01027244,0,0.0,0.015534668518231098
E01027249,0,0.16666666666666666,0.14419958952580944
E01027255,0,0.0,0.0
E01027256,0,0.0,0.0
E01027257,0,0.16666666666666666,0.0
E01027264,0,0.0,0.0
E01027265,0,0.08333333333333333,0.0
E01027269,0,0.0,0.09543293542325024
E01027270,0,0.0,0.12385760698931622
E01027273,0,0.16666666666666666,0.0
E01027274,0,0.0,0.012884981384433836
E01027281,0,0.08333333333333333,0.041296500449825524
E01027282,0,0.08333333333333333,0.00677505110933491
E01027294,0,0.0,0.0
E01027295,0,0.0,0.0
E01027298,0,0.0,0.0
E01027301,0,0.08333333333333333,0.0
E01027303,0,0.0,0.0886690087506809
E01027307,0,0.0,0.07908130774889854
E01027309,0,0.08333333333333333,0.0
E01027313,0,0.08333333333333333,0.0
E01027314,0,0.08333333333333333,0.12267299176843235
E01027320,0,0.25,0.011332943089893641
E01027326,0,0.0,0.1073402811847772
E01027333,0,0.08333333333333333,0.0
E01027339,0,0.16666666666666666,0.008408302556851967
E01027346,1,0.0,0.011827954372870902
E01027352,0,0.0,0.10821060976264499
E01027356,1,3.9166666666666665,0.0
E01027357,3,0.5833333333333334,0.0
E01027358,7,11.666666666666666,0.0037147261915065136
E01027359,3,11.166666666666666,0.14014482185029653
E01027361,7,7.0,0.15071693373641165
E01027362,7,5.166666666666667,0.1618795314893381
E01027363,7,4.916666666666667,0.15113976514826183
E01027364,2,2.6666666666666665,0.0
E01027365,1,3.6666666666666665,0.0
E01027366,2,2.5,0.0
E01027367,2,0.8333333333333334,0.0
E01027368,0,2.8333333333333335,0.10668690850225682
E01027369,1,2.0833333333333335,0.1234670786051803
E01027370,4,1.8333333333333333,0.0
E01027371,1,2.0833333333333335,0.041569465490448786
E01027372,0,3.6666666666666665,0.1351881827275666
E01027373,3,6.083333333333333,0.005676563192641877
E01027374,6,3.0833333333333335,0.0
E01027375,3,1.8333333333333333,0.0
E01027376,1,5.333333333333333,0.0
E01027377,7,9.916666666666666,0.05028764604139428
E01027378,4,4.25,0.0
E01027379,0,2.1666666666666665,0.0
E01027380,4,6.083333333333333,0.16475636243734695
E01027381,4,1.8333333333333333,0.018051864923163116
E01027382,1,1.5,0.0
E01027383,0,2.4166666666666665,0.14296266665647817
E01027384,0,1.0,0.0
E01027385,1,5.0,0.0
E01027386,2,4.416666666666667,0.10442529112845172
E01027387,8,5.75,0.0
E01027388,5,4.166666666666667,0.10110857189653043
E01027389,9,4.333333333333333,0.0
E01027390,9,4.583333333333333,0.0
E01027391,7,9.416666666666666,0.0307338115865183
E01027392,16,18.0,0.0
E01027393,0,6.083333333333333,0.09391093029298694
E01027394,9,8.25,0.06481396118760768
E01027395,7,9.416666666666666,0.15271019481387887
E01027396,5,4.333333333333333,0.09669056478915602
E01027397,3,4.083333333333333,0.0
E01027398,7,4.5,0.10229514620923705
E01027399,0,1.4166666666666667,0.04637686304729158
E01027400,2,0.5833333333333334,0.05227315412945762
E01027401,1,1.0833333333333333,0.10262738019340344
E01027402,0,0.4166666666666667,0.02328126475758931
E01027403,5,1.5,0.0
E01027404,1,3.0833333333333335,0.04938423621433192
E01027405,2,3.25,0.0
E01027406,9,4.416666666666667,0.0
E01027407,3,2.5,0.04178061542681734
E01027408,3,2.3333333333333335,0.0
E01027409,23,26.25,0.0
E01027410,2,2.9166666666666665,0.0
E01027411,2,7.916666666666667,0.05404265643725761
E01027412,7,9.666666666666666,0.0
E01027413,12,7.75,0.09678650961891137
E01027414,5,14.166666666666666,0.0011104155247767325
E01027415,38,46.083333333333336,0.12122630097180823
E01027416,12,12.583333333333334,0.006373620672013969
E01027417,0,2.9166666666666665,0.0531107453391545
E01027418,1,3.1666666666666665,0.0
E01027419,4,5.25,0.15341924939412382
E01027420,0,1.9166666666666667,0.1360606983837323
E01027421,8,5.25,0.11869732520861553
E01027422,13,13.083333333333334,0.16169906280031163
E01027423,2,2.3333333333333335,0.0
E01027424,13,9.916666666666666,0.03791936625843982
E01027425,0,0.0,0.07262777776747334
E01027426,7,8.166666666666666,0.08107103989934414
E01027427,19,17.333333333333332,0.16437980911938221
E01027428,1,1.0833333333333333,0.0678478225793674
E01027429,7,7.833333333333333,0.1706854396855942
E01027430,1,6.25,0.0
E01027431,3,9.333333333333334,0.12530190829214743
E01027432,8,13.833333333333334,0.09694070767991947
E01027433,7,6.0,0.07374616717756977
E01027434,0,1.5833333333333333,0.0
E01027435,3,5.916666666666667,0.1017839625397895
E01027436,4,5.5,0.13508218751625523
E01027437,4,1.25,0.0
E01027438,3,0.75,0.039690330336644264
E01027439,1,0.4166666666666667,0.0
E01027440,1,4.5,0.15911211099826125
E01027441,0,0.0,0.0
E01027442,5,10.666666666666666,0.0
E01027443,15,7.583333333333333,0.0
E01027444,11,9.416666666666666,0.07178091136549139
E01027445,5,5.833333333333333,0.0
E01027446,3,1.8333333333333333,0.0360703696703631
E01027447,5,2.8333333333333335,0.13707892695983862
E01027448,0,0.0,0.10510883629735515
E01027449,3,1.75,0.0
E01027450,0,4.833333333333333,0.16117187403224437
E01027451,7,7.416666666666667,0.07980406032731252
E01027452,2,5.583333333333333,0.0
E01027453,7,19.25,0.0
E01027455,0,1.3333333333333333,0.0
E01027456,2,1.25,0.10485490820844325
E01027457,12,23.0,0.0
E01027458,7,2.4166666666666665,0.0
E01027460,3,4.333333333333333,0.08898573620989786
E01027461,2,2.25,0.0319569983743396
E01027462,7,6.666666666666667,0.10296541712257332
E01027463,4,2.6666666666666665,0.08110303275384269
E01027464,7,5.666666666666667,0.0
E01027465,1,2.1666666666666665,0.12365045453296308
E01027466,4,4.0,0.0
E01027468,0,0.6666666666666666,0.017832202470380695
E01027469,3,1.3333333333333333,0.04691538776123679
E01027471,0,2.25,0.0
E01027472,3,1.1666666666666667,0.14604470021283258
E01027473,3,4.333333333333333,0.008240844435627944
E01027474,3,6.916666666666667,0.0
E01027475,0,2.5833333333333335,0.13820968623897698
E01027476,9,15.583333333333334,0.068293598591911
E01027477,2,1.0833333333333333,0.06270647379677173
E01027478,3,1.5,0.011635295383533278
E01027479,3,2.5,0.10722565043853367
E01027480,2,0.8333333333333334,0.0
E01027481,2,2.5833333333333335,0.0
E01027482,1,1.8333333333333333,0.0
E01027483,2,1.3333333333333333,0.0
E01027484,1,3.4166666666666665,0.07107116160543679
E01027485,2,3.5,0.0
E01027486,1,4.083333333333333,0.0
E01027487,0,2.1666666666666665,0.0
E01027488,5,5.25,0.08023804793641728
E01027489,0,1.3333333333333333,0.10377173346476168
E01027490,1,5.25,0.0
E01027491,0,1.6666666666666667,0.0238015691136386
E01027492,3,1.5833333333333333,0.0
E01027493,5,8.083333333333334,0.0586597475016403
E01027494,11,7.916666666666667,0.0
E01027495,1,1.1666666666666667,0.0
E01027496,1,2.9166666666666665,0.05119995255855833
E01027497,8,6.583333333333333,0.14337542718325452
E01027498,7,7.833333333333333,0.0
E01027499,7,7.166666666666667,0.0990626177099134
E01027500,7,7.0,0.04835804819829177
E01027501,0,0.0,0.1281036338775242
E01027502,0,0.0,0.0
E01027503,3,5.666666666666667,0.0
E01027504,8,10.416666666666666,0.14449369963092398
E01027505,2,1.8333333333333333,0.0
E01027506,0,0.0,0.0
E01027507,1,1.0,0.0
E01027508,3,0.9166666666666666,0.10542788377491669
E01027509,1,0.6666666666666666,0.0
E01027510,0,1.3333333333333333,0.1121260874520176
E01027511,1,0.75,0.0
E01027512,3,2.1666666666666665,0.0
E01027513,9,2.9166666666666665,0.0
E01027514,4,7.333333333333333,0.0
E01027515,6,9.583333333333334,0.06340315826251533
E01027516,4,8.75,0.0776225609955459
E01027517,4,7.666666666666667,0.017124680738193076
E01027518,1,2.5833333333333335,0.0
E01027519,15,8.833333333333334,0.07088037412939396
E01027520,3,3.75,0.11281803108982147
E01027521,2,1.6666666666666667,0.07063345920154938
E01027522,1,3.5,0.10851334529421636
E01027523,12,10.916666666666666,0.0
E01027524,5,6.916666666666667,0.13549151231200485
E01027525,7,8.666666666666666,0.0
E01027526,0,1.1666666666666667,0.0
E01027527,3,2.9166666666666665,0.11095580190507184
E01027528,15,15.916666666666666,0.17586686152407438
E01027529,6,15.416666666666666,0.08862708725877233
E01027530,5,6.25,0.0
E01027531,2,4.75,0.0
E01027532,24,19.0,0.04169026847205578
E01027533,4,11.25,0.14996851190492116
E01027534,5,11.916666666666666,0.0
E01027535,1,1.5,0.10187465927831213
E01027536,17,8.083333333333334,0.0
E01027537,3,4.666666666666667,0.10527714363889039
E01027538,1,2.5833333333333335,0.13311243208608645
E01027539,17,15.5,0.020434598432045203
E01027540,14,16.833333333333332,0.005330573868311546
E01027541,5,11.833333333333334,0.12287324531715602
E01027542,8,6.916666666666667,0.02766999512887831
E01027543,1,2.25,0.0614585521438582
E01027544,4,3.0,0.045013887894885946
E01027545,12,18.833333333333332,0.0
E01027546,1,4.333333333333333,0.11523116569630373
E01027549,6,9.666666666666666,0.0
E01027550,5,5.833333333333333,0.1455612592339355
E01027551,6,9.75,0.0
E01027552,2,9.333333333333334,0.09556687760244464
E01027553,2,6.666666666666667,0.0
E01027554,4,5.666666666666667,0.0
E01027558,0,0.25,0.0
E01027560,0,0.08333333333333333,0.07459448500800642
E01027562,0,0.08333333333333333,0.01727134419099938
E01027567,0,0.08333333333333333,0.1151125455544306
E01027568,0,0.0,0.0
E01027569,0,0.08333333333333333,0.05782456541720474
E01027570,0,0.0,0.07588457989893319
E01027571,0,0.4166666666666667,0.0
E01027573,0,0.3333333333333333,0.0
E01027584,0,0.08333333333333333,0.0
E01027585,0,0.08333333333333333,0.0
E01027599,0,0.0,0.0
E01027606,0,0.0,0.055925968199292575
E01027608,0,0.0,0.0
E01027618,0,0.0,0.06281722357533864
E01027623,0,0.08333333333333333,0.13074006771740063
E01027624,0,0.08333333333333333,0.019786065153506786
E01027626,0,0.08333333333333333,0.03365707982202365
E01027633,0,0.08333333333333333,0.0
E01027649,0,0.08333333333333333,0.10956987988552994
E01027651,0,0.08333333333333333,0.0
E01027662,0,0.0,0.03451534965856945
E01027666,0,0.08333333333333333,0.14396045972362212
E01027677,0,0.08333333333333333,0.02887758897202378
E01027684,0,0.0,0.06741284623931326
E01027700,0,0.08333333333333333,0.0
E01027703,0,0.08333333333333333,0.0
E01027717,0,0.08333333333333333,0.08950661364711798
E01027718,0,0.08333333333333333,0.0
E01027725,0,0.08333333333333333,0.060424157466537676
E01027735,0,0.8333333333333334,0.0
E01027743,0,0.08333333333333333,0.10891837977318261
E01027760,1,0.0,0.0
E01027768,0,0.0,0.004281448632765333
E01027771,0,0.08333333333333333,0.029372020145125636
E01027774,0,0.0,0.0
E01027775,0,0.08333333333333333,0.0
E01027778,0,0.08333333333333333,0.0
E01027788,1,0.0,0.0
E01027795,0,0.0,0.0
E01027797,0,0.08333333333333333,0.0
E01027798,0,0.0,0.0198614470521436
E01027803,0,0.08333333333333333,0.0
E01027804,0,0.16666666666666666,0.14705058407456664
E01027805,0,0.16666666666666666,0.0007146036150125553
E01027807,0,0.16666666666666666,0.0
E01027811,0,0.08333333333333333,0.0
E01027812,0,0.0,0.10992453885744727
E01027813,0,0.08333333333333333,0.0
E01027815,0,0.0,0.05386623573218663
E01027817,0,0.0,0.014390339038178407
E01027824,0,0.25,0.0
E01027825,0,0.08333333333333333,0.09546974059165764
E01027827,0,0.0,0.0
E01027828,0,0.0,0.0
E01027829,0,0.16666666666666666,0.0988911751574332
E01027833,0,0.16666666666666666,0.04201113145786229
E01027834,0,0.0,0.11947772510244734
E01027835,0,0.08333333333333333,0.03919191990154125
E01027841,0,0.08333333333333333,0.07247210617981603
E01027847,0,0.0,0.10093376887788383
E01027857,0,0.0,0.0
E01027859,0,0.0,0.0828146876608141
E01027860,0,0.08333333333333333,0.034338753355054485
E01027866,0,0.0,0.0
E01027867,0,0.0,0.0025733765606145154
E01027872,0,0.0,0.0
E01027873,0,0.0,0.0707841605169667
E01027877,0,0.08333333333333333,0.014177322969546356
E01027878,0,0.08333333333333333,0.13629887002387062
E01027884,0,0.08333333333333333,0.0
E01027885,0,0.16666666666666666,0.032263653356476414
E01027888,0,0.08333333333333333,0.0
E01027889,1,0.0,0.0342194954182195
E01027890,1,0.08333333333333333,0.06702171950843838
E01027892,0,0.16666666666666666,0.06714491639922446
E01027893,0,0.08333333333333333,0.09474900600496441
E01027894,0,0.08333333333333333,0.10629187718767644
E01027896,0,0.08333333333333333,0.0
E01027901,0,0.0,0.0
E01027907,0,0.0,0.05613675610794172
E01027909,0,0.0,0.0
E01027916,0,0.0,0.0
E01027922,0,0.16666666666666666,0.016266488650372286
E01027923,1,1.4166666666666667,0.0
E01027924,0,0.0,0.0
E01027925,3,4.083333333333333,0.10403974643959003
E01027926,2,2.1666666666666665,0.0
E01027927,14,8.666666666666666,0.0
E01027928,23,29.916666666666668,0.0
E01027929,0,0.0,0.10687321250748608
E01027930,7,9.333333333333334,0.16358282862407847
E01027931,0,0.0,0.056522800936712275
E01027932,20,18.666666666666668,0.010115659470668198
E01027933,9,7.833333333333333,0.15290012195547426
E01027934,1,1.5,0.052923484315986785
E01027935,4,2.3333333333333335,0.10965071116488179
E01027936,4,1.9166666666666667,0.08497229361527607
E01027937,6,7.666666666666667,0.0
E01027938,2,0.6666666666666666,0.0
E01027939,6,7.583333333333333,0.0
E01027940,0,1.1666666666666667,0.0
E01027941,4,3.8333333333333335,0.09387090319430308
E01027942,8,16.333333333333332,0.1626480424004961
E01027943,14,9.916666666666666,0.09432837419701574
E01027944,3,4.0,0.0004389314057009607
E01027945,4,3.25,0.0
E01027946,0,2.8333333333333335,0.0
E01027947,5,7.75,0.0
E01027948,11,9.916666666666666,0.016136762851891123
E01027949,12,6.083333333333333,0.04929322907723469
E01027950,6,8.25,0.0
E01027951,2,6.416666666666667,0.16438114475386334
E01027952,35,34.416666666666664,0.052853699496150486
E01027953,4,4.75,0.11735650075067892
E01027954,6,4.833333333333333,0.023644922110145253
E01027955,0,3.3333333333333335,0.0
E01027956,3,4.333333333333333,0.1010637233697918
E01027957,1,1.9166666666666667,0.0681647248801361
E01027958,6,5.75,0.023880632691288255
E01027959,1,1.9166666666666667,0.009582529804307283
E01027960,1,3.75,0.0
E01027961,3,3.3333333333333335,0.055827036579420106
E01027962,2,1.0833333333333333,0.12632206112864874
E01027963,10,8.333333333333334,0.0
E01027964,6,5.666666666666667,0.0
E01027965,26,24.75,0.18805460568651938
E01027966,11,7.666666666666667,0.0
E01027967,7,11.0,0.07612186327792891
E01027968,9,11.916666666666666,0.04287910790889016
E01027969,20,7.916666666666667,0.05044511751839608
E01027970,6,4.5,0.0
E01027971,1,2.3333333333333335,0.0
E01027972,20,8.083333333333334,0.0
E01027973,4,3.3333333333333335,0.08235663379550713
E01027974,6,9.083333333333334,0.09855019787804577
E01027975,4,5.25,0.06550667643504812
E01027976,24,15.416666666666666,0.08504976446945386
E01027977,11,12.0,0.0
E01027978,15,10.416666666666666,0.0
E01027979,6,3.4166666666666665,0.10191377987307122
E01027980,6,3.8333333333333335,0.007774765517094639
E01027981,12,5.25,0.0
E01027982,6,6.083333333333333,0.0
E01027983,18,10.0,0.0
E01027984,4,2.5833333333333335,0.0
E01027985,37,35.25,0.18736124190683426
E01027986,7,5.666666666666667,0.14104012321248757
E01027987,6,5.5,0.1339947901958949
E01027988,2,1.5833333333333333,0.13030961762834395
E01027989,2,4.25,0.13388485174805662
E01027990,3,9.666666666666666,0.03447724630116661
E01027991,4,5.666666666666667,0.0
E01027992,9,6.25,0.10642463486465463
E01027993,7,1.5833333333333333,0.0
E01027994,0,1.5833333333333333,0.0
E01027995,6,7.083333333333333,0.0
E01027996,6,7.166666666666667,0.02400027792434619
E01027997,3,5.25,0.0
E01027998,1,4.5,0.0
E01027999,5,4.166666666666667,0.0
E01028000,19,9.333333333333334,0.13757475725587215
E01028001,9,8.25,0.04361992770295492
E01028002,2,2.6666666666666665,0.12075856337208242
E01028003,8,7.0,0.0
E01028004,6,2.5833333333333335,0.0
E01028005,3,4.0,0.03355996011823552
E01028006,1,4.416666666666667,0.0010195368734985943
E01028007,5,3.4166666666666665,0.05735095330152638
E01028008,3,2.6666666666666665,0.09564591891384076
E01028009,4,2.8333333333333335,0.08310368790182213
E01028010,6,4.166666666666667,0.14401879210664068
E01028011,17,13.75,0.00690037477704223
E01028012,2,2.3333333333333335,0.0
E01028013,10,8.583333333333334,0.038635098403054784
E01028014,5,4.583333333333333,0.0
E01028015,2,2.5833333333333335,0.0
E01028016,6,6.916666666666667,0.0
E01028017,5,7.25,0.0
E01028018,5,2.25,0.0
E01028019,12,7.0,0.0
E01028020,32,17.583333333333332,0.09489485822729488
E01028021,2,5.5,0.04804407429891695
E01028022,5,5.166666666666667,0.07656982642284807
E01028023,6,3.5,0.057641901689023965
E01028024,3,7.083333333333333,0.0
E01028025,8,7.083333333333333,0.0
E01028026,11,8.583333333333334,0.0
E01028027,14,10.5,0.13146962943743126
E01028028,10,7.166666666666667,0.09357665342226143
E01028029,3,9.416666666666666,0.0
E01028030,8,2.3333333333333335,0.0
E01028031,5,5.166666666666667,0.15404664329051398
E01028032,1,2.75,0.03573249776988318
E01028033,15,14.416666666666666,0.12958460162173752
E01028034,4,5.083333333333333,0.0
E01028035,12,4.083333333333333,0.0
E01028036,12,10.333333333333334,0.11329936987646394
E01028037,15,7.083333333333333,0.07504048458485503
E01028038,0,5.0,0.06790190677441593
E01028039,8,1.5833333333333333,0.020099741752205667
E01028040,0,0.0,0.01907350283296466
E01028041,0,0.0,0.07070925159187613
E01028042,4,1.9166666666666667,0.0
E01028043,11,7.75,0.0
E01028044,12,10.0,0.13870808717779015
E01028045,5,4.583333333333333,0.0
E01028046,4,5.833333333333333,0.02976948742649099
E01028047,8,5.5,0.07576122001398074
E01028048,1,3.3333333333333335,0.15904980005721087
E01028049,7,8.083333333333334,0.0025878530661999355
E01028050,7,3.1666666666666665,0.0
E01028051,3,1.9166666666666667,0.10799311623427353
E01028052,1,2.25,0.09777477098285806
E01028053,12,17.083333333333332,0.1158185685575612
E01028054,1,2.8333333333333335,0.0
E01028055,22,22.25,0.007739685696661107
E01028056,9,7.5,0.053031936791784806
E01028057,26,22.666666666666668,0.17455898158884586
E01028058,6,8.0,0.13690688227999487
E01028059,1,1.8333333333333333,0.0
E01028060,4,2.9166666666666665,0.0
E01028061,5,7.166666666666667,0.008922143675229276
E01028062,58,62.75,0.31407163679375555
E01028063,2,3.5833333333333335,0.06315218298057759
E01028064,5,3.8333333333333335,0.0
E01028065,18,11.583333333333334,0.0
E01028066,12,14.833333333333334,0.059987514462056364
E01028067,5,10.0,0.0
E01028068,36,41.083333333333336,0.2121517256937823
E01028069,5,1.9166666666666667,0.08097220057528191
E01028070,4,1.5,0.0
E01028073,25,23.583333333333332,0.04295012431385942
E01028074,4,3.9166666666666665,0.12986170327915858
E01028075,19,9.916666666666666,0.0
E01028076,1,1.9166666666666667,0.0
E01028077,4,5.083333333333333,0.1455945666587969
E01028078,2,5.0,0.10638227903693159
E01028079,6,5.75,0.11183748513267824
E01028080,4,3.4166666666666665,0.0
E01028081,7,2.5833333333333335,0.0
E01028082,1,1.5,0.0
E01028083,22,21.333333333333332,0.0
E01028084,0,0.75,0.08429842671593044
E01028085,45,31.666666666666668,0.008198869698194805
E01028086,11,5.666666666666667,0.08415398349080126
E01028087,3,1.6666666666666667,0.0
E01028088,1,1.5833333333333333,0.0
E01028089,2,3.25,0.15379423018049895
E01028090,5,4.416666666666667,0.0
E01028091,0,1.8333333333333333,0.0
E01028092,2,2.0,0.0
E01028093,1,1.1666666666666667,0.0
E01028094,2,1.5833333333333333,0.0012776098426949857
E01028095,7,2.0833333333333335,0.0
E01028096,4,4.583333333333333,0.0709406097521636
E01028097,2,1.8333333333333333,0.1002681576894557
E01028098,2,5.75,0.02892472156121139
E01028099,1,1.0833333333333333,0.0
E01028100,28,17.666666666666668,0.08376017250888323
E01028101,10,9.0,0.0
E01028102,7,2.6666666666666665,0.042164778685513785
E01028103,12,5.416666666666667,0.07025155679255062
E01028104,0,2.0833333333333335,0.0
E01028105,0,3.3333333333333335,0.10487619662378918
E01028106,6,9.166666666666666,0.14827450749217372
E01028107,0,1.5833333333333333,0.09823545643759338
E01028108,1,2.3333333333333335,0.0
E01028109,10,3.9166666666666665,0.03665291734221835
E01028110,8,7.083333333333333,0.1437232927727913
E01028111,12,8.5,0.0
E01028112,12,13.5,0.13275137230902193
E01028113,9,9.333333333333334,0.0
E01028114,12,7.416666666666667,0.0
E01028115,6,3.6666666666666665,0.08789308530967388
E01028116,15,18.833333333333332,0.1296930634791434
E01028117,1,2.3333333333333335,0.09304380276076862
E01028118,2,1.6666666666666667,0.13354422737007762
E01028119,4,4.583333333333333,0.0
E01028120,7,6.5,0.0
E01028121,0,2.1666666666666665,0.1270145049168599
E01028122,4,6.166666666666667,0.0
E01028123,2,1.4166666666666667,0.0585245298760598
E01028124,1,3.0833333333333335,0.01753082561895814
E01028125,7,3.9166666666666665,0.0
E01028126,10,5.75,0.0
E01028127,15,9.166666666666666,0.031060632952249544
E01028128,1,2.4166666666666665,0.1122824902104122
E01028129,3,4.083333333333333,0.07337517809329301
E01028130,11,13.166666666666666,0.07240073886514856
E01028131,2,2.0,0.004253278186779167
E01028132,6,2.3333333333333335,0.0
E01028133,3,7.5,0.0
E01028134,2,3.75,0.0
E01028135,1,1.6666666666666667,0.0
E01028136,2,2.0,0.0
E01028137,6,10.25,0.00764249518411594
E01028138,5,1.5,0.0
E01028139,4,3.6666666666666665,0.0
E01028142,9,6.083333333333333,0.04327508847083301
E01028143,2,3.5,0.02443124636359164
E01028144,7,3.8333333333333335,0.0
E01028146,7,2.0,0.13839232694248654
E01028147,1,5.333333333333333,0.0
E01028148,2,7.416666666666667,0.1266362285873496
E01028149,8,3.9166666666666665,0.0
E01028150,2,2.1666666666666665,0.12058135731833253
E01028151,3,1.5,0.0
E01028152,13,12.416666666666666,0.11113812079467039
E01028153,4,5.75,0.0
E01028154,5,3.0,0.07963015684742805
E01028155,4,2.5,0.0
E01028156,1,2.0833333333333335,0.0
E01028157,2,1.25,0.08365414062133093
E01028158,7,9.166666666666666,0.0
E01028159,8,7.5,0.1470489228046956
E01028160,6,3.0833333333333335,0.0
E01028161,9,4.583333333333333,0.006272067341434212
E01028162,0,2.6666666666666665,0.07416821086104501
E01028163,0,1.5,0.0
E01028164,1,3.5,0.0
E01028165,9,7.833333333333333,0.09904731563586412
E01028166,3,5.5,0.10025779224859342
E01028167,6,10.0,0.1540255512080838
E01028168,2,3.0,0.0
E01028169,3,1.4166666666666667,0.005731269952282651
E01028170,1,2.6666666666666665,0.0
E01028171,5,4.916666666666667,0.0
E01028172,10,8.166666666666666,0.09753715087906437
E01028173,7,4.75,0.0
E01028174,6,4.5,0.0
E01028175,8,11.0,0.0010408589111593584
E01028176,2,4.333333333333333,0.075592425303459
E01028177,3,1.3333333333333333,0.12896762863610708
E01028178,6,3.9166666666666665,0.06068683200074119
E01028179,1,1.25,0.0
E01028180,2,1.4166666666666667,0.08761728402474964
E01028181,1,1.25,0.04569352923936298
E01028182,0,1.25,0.0
E01028183,3,3.1666666666666665,0.0
E01028184,3,1.5833333333333333,0.0
E01028185,4,4.166666666666667,0.0
E01028186,17,9.166666666666666,0.12270499832164862
E01028187,26,30.75,0.027617398072359564
E01028188,6,4.5,0.0
E01028189,42,38.416666666666664,0.22740198939401426
E01028190,2,2.0833333333333335,0.10674125359953263
E01028191,3,5.083333333333333,0.06334977052583626
E01028192,3,3.5833333333333335,0.0
E01028193,4,2.6666666666666665,0.0
E01028194,4,2.9166666666666665,0.0
E01028195,2,2.0,0.0
E01028196,0,1.5,0.0
E01028197,0,1.6666666666666667,0.02007319507747763
E01028198,1,1.3333333333333333,0.0
E01028199,1,1.3333333333333333,0.0
E01028200,1,3.4166666666666665,0.0
E01028201,0,0.6666666666666666,0.04140909829644343
E01028202,1,1.6666666666666667,0.03927311569766626
E01028203,1,3.75,0.025436113919810988
E01028204,2,2.75,0.0
E01028205,5,2.25,0.0
E01028206,2,2.75,0.0
E01028207,1,1.9166666666666667,0.0
E01028208,2,2.9166666666666665,0.12724987594812479
E01028209,30,26.666666666666668,0.21648633998881162
E01028210,4,3.3333333333333335,0.05337022769934628
E01028211,1,4.166666666666667,0.13638742761609843
E01028212,8,4.0,0.05370939252913699
E01028213,1,1.6666666666666667,0.0
E01028214,3,1.5,0.15311133389918877
E01028215,7,1.9166666666666667,0.0
E01028216,0,0.5,0.056153393234606906
E01028217,7,3.5,0.0
E01028218,1,1.8333333333333333,0.0
E01028219,3,1.3333333333333333,0.04740919624318462
E01028220,1,5.0,0.0
E01028222,12,8.0,0.0
E01028223,8,7.083333333333333,0.0
E01028224,9,3.0,0.0
E01028225,4,6.25,0.15480783136607262
E01028226,6,8.25,0.11203797599499854
E01028227,5,9.666666666666666,0.013874452264867887
E01028228,8,4.25,0.0
E01028229,6,4.833333333333333,0.1064597434893207
E01028230,3,5.166666666666667,0.0
E01028231,8,9.0,0.0
E01028232,5,2.6666666666666665,0.0
E01028233,30,16.25,0.1583321747909792
E01028234,7,6.083333333333333,0.0
E01028235,2,4.25,0.0
E01028236,6,4.0,0.009079318900289247
E01028237,7,3.5833333333333335,0.0
E01028238,9,6.583333333333333,0.03853627770878229
E01028239,2,7.583333333333333,0.006130606221478714
E01028240,3,1.0833333333333333,0.0
E01028241,0,0.0,0.0
E01028242,2,2.9166666666666665,0.0
E01028243,3,4.666666666666667,0.10902486604421606
E01028244,5,9.0,0.14026017169111957
E01028245,2,4.583333333333333,0.0
E01028246,2,5.333333333333333,0.0
E01028247,38,25.5,0.0
E01028248,6,4.916666666666667,0.04587100333327442
E01028249,2,3.5833333333333335,0.0743587421578639
E01028250,6,5.916666666666667,0.0
E01028251,0,0.6666666666666666,0.05571723064864345
E01028252,2,4.0,0.0747744670765673
E01028253,2,3.1666666666666665,0.1392214188259666
E01028254,7,3.4166666666666665,0.0
E01028255,1,2.5833333333333335,0.0
E01028256,23,21.583333333333332,0.0
E01028257,5,5.583333333333333,0.12559436961299011
E01028258,4,2.0833333333333335,0.09344636801460673
E01028259,16,6.5,0.04008370760070459
E01028260,6,6.75,0.0
E01028261,8,7.75,0.0
E01028262,4,4.583333333333333,0.0
E01028263,32,18.666666666666668,0.06902813004526927
E01028264,1,3.75,0.0
E01028267,9,7.083333333333333,0.0
E01028268,71,63.833333333333336,0.24296423149497826
E01028269,24,14.75,0.0
E01028270,13,27.75,0.061239583567412034
E01028271,10,7.0,0.0
E01028272,17,9.833333333333334,0.11752792943978464
E01028273,4,8.833333333333334,0.043701295896450665
E01028274,35,24.166666666666668,0.18625023991557849
E01028275,16,9.833333333333334,0.025404907341010762
E01028276,19,11.333333333333334,0.1632736983700407
E01028277,1,2.6666666666666665,0.12481834292020406
E01028278,6,3.9166666666666665,0.033597970546298185
E01028279,7,3.9166666666666665,0.140828045053487
E01028280,2,4.25,0.0
E01028281,8,4.583333333333333,0.0
E01028282,14,7.083333333333333,0.0
E01028283,6,10.583333333333334,0.055564989652199706
E01028284,46,49.75,0.20198204468700387
E01028285,2,4.666666666666667,0.09475704988279197
E01028286,2,2.5833333333333335,0.0
E01028287,3,4.25,0.0
E01028288,2,3.8333333333333335,0.0
E01028289,2,2.5,0.05544246866171808
E01028290,11,5.083333333333333,0.0
E01028291,4,5.333333333333333,0.1357648683984351
E01028292,4,4.416666666666667,0.0
E01028293,6,5.0,0.0
E01028294,5,12.666666666666666,0.13974683427287987
E01028295,9,6.166666666666667,0.0043241342571442125
E01028296,27,18.5,0.0
E01028297,11,7.833333333333333,0.019695902577849745
E01028298,3,3.5833333333333335,0.0
E01028299,1,3.0,0.15376853241272528
E01028300,19,15.5,0.06861990797042986
E01028301,21,13.5,0.0
E01028302,5,2.25,0.025239141469184406
E01028303,4,1.9166666666666667,0.0
E01028304,21,10.25,0.11786487370296309
E01028305,3,6.333333333333333,0.14483588497303912
E01028306,7,4.916666666666667,0.12571503567255327
E01028307,3,3.6666666666666665,0.0
E01028308,4,4.583333333333333,0.0
E01028309,9,7.916666666666667,0.0
E01028310,80,58.5,0.20463988533765082
E01028311,29,28.166666666666668,0.08713280971826758
E01028312,7,2.8333333333333335,0.0
E01028313,8,6.166666666666667,0.13907313721383915
E01028314,0,0.0,0.0
E01028315,0,1.9166666666666667,0.0
E01028316,3,4.083333333333333,0.0
E01028317,1,2.6666666666666665,0.0
E01028318,10,4.583333333333333,0.0
E01028319,10,10.333333333333334,0.028977404415440087
E01028320,5,7.0,0.0
E01028321,4,3.8333333333333335,0.0
E01028322,3,4.083333333333333,0.08613885369348954
E01028323,6,4.583333333333333,0.0
E01028325,2,2.0,0.06172494150249271
E01028326,5,2.5833333333333335,0.0
E01028327,5,3.8333333333333335,0.013981533007112917
E01028328,1,4.25,0.14172736076464973
E01028329,7,3.5,0.0
E01028330,0,2.4166666666666665,0.006656807448500536
E01028331,15,13.583333333333334,0.14329672252786135
E01028332,1,1.5,0.030474832914370587
E01028333,8,3.9166666666666665,0.0
E01028334,8,8.416666666666666,0.0
E01028335,9,21.833333333333332,0.1135035942661115
E01028336,2,1.6666666666666667,0.12177974429776987
E01028337,1,3.3333333333333335,0.0
E01028338,2,4.583333333333333,0.0
E01028339,10,4.916666666666667,0.0
E01028340,4,6.916666666666667,0.0
E01028341,0,0.0,0.0
E01028342,1,3.8333333333333335,0.0
E01028343,3,6.75,0.0
E01028344,2,1.4166666666666667,0.0
E01028345,8,5.25,0.14447519395000258
E01028346,1,3.75,0.0
E01028347,3,2.3333333333333335,0.0
E01028348,3,3.5833333333333335,0.0
E01028349,2,3.5,0.13943043154674695
E01028350,3,1.9166666666666667,0.08193084248449871
E01028351,3,1.25,0.09031196109737612
E01028352,0,0.8333333333333334,0.0
E01028353,5,6.583333333333333,0.11881085771903582
E01028354,0,1.0833333333333333,0.0
E01028355,4,5.333333333333333,0.0
E01028356,1,0.9166666666666666,0.025219921858089085
E01028357,12,2.25,0.10277870934991923
E01028358,9,6.833333333333333,0.10219396693735144
E01028359,4,2.3333333333333335,0.12334989117942013
E01028360,8,8.333333333333334,0.15112053582277785
E01028361,1,0.75,0.0
E01028362,3,4.416666666666667,0.0
E01028363,6,1.6666666666666667,0.0
E01028364,12,13.0,0.14917867060782372
E01028365,6,12.916666666666666,0.0
E01028366,4,2.6666666666666665,0.11570032530861458
E01028367,4,7.0,0.0
E01028368,3,3.4166666666666665,0.0
E01028369,9,5.166666666666667,0.0
E01028370,10,5.666666666666667,0.0
E01028371,7,5.0,0.13011763285126604
E01028372,3,2.9166666666666665,0.0
E01028373,0,0.0,0.0
E01028374,4,3.1666666666666665,0.0
E01028375,10,5.333333333333333,0.0
E01028376,7,3.6666666666666665,0.0
E01028377,3,0.6666666666666666,0.0
E01028378,1,5.583333333333333,0.12847570156058266
E01028379,0,1.6666666666666667,0.0
E01028380,4,2.9166666666666665,0.0
E01028381,0,1.1666666666666667,0.029976836587704603
E01028382,9,4.583333333333333,0.0
E01028383,6,2.0,0.0
E01028384,2,1.4166666666666667,0.017730139883951165
E01028385,0,1.1666666666666667,0.0
E01028386,3,4.083333333333333,0.06485195242915288
E01028387,6,7.916666666666667,0.018994226695094228
E01028388,2,2.4166666666666665,0.08817417628166921
E01028389,4,4.75,0.14740146232708304
E01028390,6,2.5,0.0
E01028391,5,2.0,0.0
E01028392,10,6.666666666666667,0.0
E01028393,3,1.5833333333333333,0.0
E01028394,1,2.75,0.10057563160602899
E01028395,0,1.4166666666666667,0.0818193608147216
E01028396,1,7.5,0.015740433266649926
E01028397,0,1.5,0.015413791741648919
E01028398,1,5.083333333333333,0.0
E01028399,1,1.0833333333333333,0.019600720100472493
E01028400,1,1.6666666666666667,0.09193863320951988
E01028401,2,2.4166666666666665,0.028725727280419118
E01028402,6,1.5833333333333333,0.0
E01028403,0,6.083333333333333,0.0668215241135468
E01028404,7,5.916666666666667,0.0
E01028405,9,8.583333333333334,0.036823291704409615
E01028406,10,2.9166666666666665,0.004207916990028064
E01028407,3,4.166666666666667,0.0
E01028408,2,4.25,0.07723064292749432
E01028409,3,2.5,0.12196709760120795
E01028410,1,2.5,0.0
E01028411,5,2.0,0.13552836697346493
E01028412,1,2.1666666666666665,0.009351569629685112
E01028413,6,5.666666666666667,0.07564256252131794
E01028414,13,5.25,0.1209763242641943
E01028415,4,4.083333333333333,0.0012447389031718797
E01028416,23,39.0,0.2066387404943843
E01028417,1,4.083333333333333,0.0
E01028418,8,2.0,0.0
E01028419,5,3.9166666666666665,0.05790142426537407
E01028420,5,1.6666666666666667,0.11557907766915008
E01028421,8,3.75,0.1279342492689769
E01028443,0,0.08333333333333333,0.043348946313355424
E01028445,0,0.0,0.007646769062795239
E01028449,0,0.08333333333333333,0.0
E01028476,1,0.0,0.14400012467979942
E01028477,0,0.0,0.0
E01028483,0,0.0,0.07325583216947795
E01028485,0,0.08333333333333333,0.009821348771681674
E01028493,0,0.08333333333333333,0.03278051155778544
E01028498,0,0.0,0.0
E01028500,0,0.16666666666666666,0.13990055524203723
E01028509,0,0.0,0.021504697829781316
E01028516,1,0.0,0.13133628913763698
E01028518,0,0.08333333333333333,0.0
E01028520,0,0.0,0.0218011749573363
E01028521,0,0.16666666666666666,0.06560968451794433
E01028522,0,0.08333333333333333,0.07375086014884685
E01028530,0,0.08333333333333333,0.12171987333468584
E01028538,0,0.0,0.0
E01028542,0,0.0,0.0
E01028544,0,0.0,0.0
E01028550,0,0.08333333333333333,0.0
E01028551,0,0.16666666666666666,0.14281338369907523
E01028560,0,0.08333333333333333,0.0
E01028577,0,0.08333333333333333,0.0
E01028584,0,0.08333333333333333,0.0
E01028588,0,0.0,0.006614524851377562
E01028596,0,0.16666666666666666,0.0
E01028598,1,0.0,0.0
E01028599,0,0.08333333333333333,0.0
E01028613,0,0.08333333333333333,0.0
E01028623,1,0.0,0.14697644738248197
E01028626,0,0.0,0.0
E01028630,0,0.08333333333333333,0.013660693411211348
E01028638,0,0.08333333333333333,0.14642147355977
E01028646,0,0.0,0.08760576238204054
E01028647,0,0.08333333333333333,0.14823705906480814
E01028652,0,0.08333333333333333,0.14071630319823222
E01028656,0,0.08333333333333333,0.0
E01028658,0,0.08333333333333333,0.05913956376135118
E01028660,0,0.0,0.0
E01028661,0,0.0,0.0
E01028673,0,0.08333333333333333,0.09293237148019068
E01028675,0,0.0,0.0016005962931430195
E01028695,0,0.0,0.06080970984516956
E01028696,0,0.0,0.07372539899528308
E01028697,0,0.08333333333333333,0.0
E01028707,0,0.08333333333333333,0.1129366206829511
E01028712,0,0.08333333333333333,0.0
E01028726,0,0.0,0.0
E01028739,0,0.0,0.10962476453653311
E01028749,0,0.08333333333333333,0.0
E01028750,0,0.08333333333333333,0.07532054031409735
E01028753,0,0.08333333333333333,0.014636730466659312
E01028754,0,0.0,0.0
E01028762,0,0.08333333333333333,0.09318973331175223
E01028766,0,0.0,0.025340979493383903
E01028793,0,0.08333333333333333,0.0
E01028794,0,0.0,0.0
E01028797,0,0.0,0.11863359413001237
E01028799,0,0.0,0.0
E01028800,0,0.0,0.10895620451041685
E01028802,0,0.08333333333333333,0.0
E01028818,0,0.08333333333333333,0.0420284378506032
E01028832,0,0.0,0.1266599171507056
E01028833,0,0.08333333333333333,0.0
E01028870,0,0.0,0.02008514269164305
E01028874,0,0.08333333333333333,0.07955666751123905
E01028889,0,0.0,0.0772751498157172
E01028892,0,0.08333333333333333,0.00791638318003263
E01028899,0,0.0,0.03742183797193743
E01028906,0,0.08333333333333333,0.0774849070400348
E01028944,0,0.0,0.1023082913272235
E01028945,0,0.0,0.07854392906275912
E01028973,0,0.08333333333333333,0.0
E01029010,0,0.0,0.14901792031731995
E01029016,0,0.0,0.0
E01029020,0,0.0,0.0
E01029027,0,0.0,0.0
E01029045,0,0.08333333333333333,0.0
E01029046,0,0.0,0.0
E01029058,0,0.0,0.0
E01029059,0,0.08333333333333333,0.0
E01029086,0,0.0,0.05655365652286892
E01029107,0,0.08333333333333333,0.0
E01029116,0,0.08333333333333333,0.0
E01029122,0,0.08333333333333333,0.0
E01029129,0,0.0,0.0
E01029135,0,0.08333333333333333,0.0
E01029143,0,0.08333333333333333,0.02179649909829243
E01029151,0,0.08333333333333333,0.13963247573423396
E01029158,0,0.0,0.11266699630488189
E01029177,0,0.0,0.1127801776335974
E01029186,0,0.0,0.0
E01029225,0,0.0,0.0
E01029240,0,0.0,0.0
E01029247,0,0.08333333333333333,0.08376731077473695
E01029262,0,0.0,0.0
E01029267,0,0.08333333333333333,0.017235510046437422
E01029275,0,0.0,0.0
E01029284,0,0.08333333333333333,0.0
E01029285,0,0.08333333333333333,0.14744432537446298
E01029287,0,0.0,0.07703394209356121
E01029289,0,0.08333333333333333,0.10130861628749646
E01029304,0,0.0,0.021594805603203787
E01029313,0,0.0,0.11130428621812474
E01029322,0,0.0,0.04364716174990588
E01029337,0,0.08333333333333333,0.13407892023908505
E01029341,0,0.0,0.0
E01029348,0,0.08333333333333333,0.028822672535049946
E01029349,0,0.0,0.05703940438106764
E01029355,0,0.0,0.0
E01029371,0,0.0,0.11391239472121598
E01029378,0,0.0,0.1439409489312463
E01029389,0,0.08333333333333333,0.0
E01029394,0,0.0,0.0
E01029395,0,0.0,0.0
E01029405,0,0.0,0.1058210237195795
E01029408,0,0.0,0.04364052765545029
E01029409,0,0.08333333333333333,0.0
E01029416,0,0.0,0.012650973133714438
E01029417,0,0.08333333333333333,0.0
E01029418,0,0.0,0.08356061130102163
E01029419,0,0.0,0.0
E01029425,0,0.08333333333333333,0.0
E01029427,0,0.0,0.0896034317722896
E01029429,0,0.0,0.0
E01029430,0,0.08333333333333333,0.0
E01029433,0,0.0,0.0
E01029439,0,0.0,0.0
E01029440,0,0.0,0.0
E01029445,0,0.0,0.14945242136773948
E01029446,0,0.08333333333333333,0.09785114007232465
E01029449,0,0.0,0.11517054448803257
E01029450,0,0.08333333333333333,0.13134319886991405
E01029453,0,0.0,0.0
E01029454,0,0.08333333333333333,0.0
E01029460,0,0.0,0.0
E01029461,0,0.0,0.09903507339243678
E01029463,0,0.08333333333333333,0.054092367485736925
E01029468,0,0.0,0.0
E01029470,0,0.08333333333333333,0.0
E01029485,0,0.08333333333333333,0.0022403379800209375
E01029488,0,0.08333333333333333,0.008668825982307563
E01029504,0,0.0,0.11661831856551438
E01029505,2,0.5,0.0
E01029508,0,0.08333333333333333,0.12278401795033514
E01029513,0,0.16666666666666666,0.0
E01029514,0,0.08333333333333333,0.07413861123788759
E01029515,0,0.0,0.12907629599551682
E01029517,0,0.08333333333333333,0.12249951998916134
E01029518,0,0.0,0.0
E01029523,1,0.25,0.0
E01029526,0,0.0,0.0
E01029538,0,0.08333333333333333,0.0
E01029543,0,0.08333333333333333,0.042494308251343565
E01029575,0,0.0,0.1334127152476237
E01029576,1,0.0,0.0
E01029578,0,0.0,0.0
E01029590,0,0.16666666666666666,0.0
E01029602,0,0.0,0.11823227951938423
E01029603,0,0.0,0.13937405574049586
E01029604,0,0.0,0.0
E01029605,0,0.0,0.0
E01029613,0,0.0,0.08558840001680196
E01029614,0,0.0,0.05914240514771971
E01029616,0,0.5833333333333334,0.0
E01029619,0,0.0,0.11622224219068902
E01029630,0,0.0,0.14274956693481214
E01029631,0,0.08333333333333333,0.01758296353924008
E01029632,0,0.16666666666666666,0.020171991003650587
E01029633,0,0.08333333333333333,0.0
E01029634,0,0.08333333333333333,0.025578619595175715
E01029637,0,0.0,0.0
E01029639,0,0.0,0.0
E01029645,0,0.25,0.0
E01029652,0,0.8333333333333334,0.0
E01029662,0,0.08333333333333333,0.0
E01029672,0,0.08333333333333333,0.012839404166366118
E01029673,0,0.3333333333333333,0.03140824172980396
E01029676,0,0.0,0.032571517291804936
E01029689,0,0.0,0.0
E01029719,0,0.0,0.0
E01029727,0,0.08333333333333333,0.10049833769237346
E01029734,0,0.08333333333333333,0.0
E01029742,0,0.08333333333333333,0.14655880844131816
E01029745,0,0.08333333333333333,0.0
E01029747,0,0.0,0.04487428338535171
E01029763,0,0.08333333333333333,0.0
E01029765,0,0.08333333333333333,0.046228786125824706
E01029780,0,0.16666666666666666,0.10588153592486474
E01029782,0,0.08333333333333333,0.1329641603601703
E01029821,0,0.08333333333333333,0.14942299229211256
E01029833,0,0.08333333333333333,0.0
E01029835,0,0.08333333333333333,0.02283782824789649
E01029838,0,0.3333333333333333,0.0
E01029850,0,0.0,0.019145244172551312
E01029854,0,0.0,0.0
E01029859,0,0.08333333333333333,0.10707168057896391
E01029870,0,0.0,0.12287068300337625
E01029875,0,0.0,0.0
E01029876,0,0.0,0.0
E01029880,0,0.0,0.0
E01029881,0,0.08333333333333333,0.05535625623352278
E01029885,0,0.0,0.0
E01029888,0,0.08333333333333333,0.12308837977419804
E01029889,0,0.0,0.051303742453461004
E01029891,0,0.08333333333333333,0.04393240635245366
E01029903,0,0.08333333333333333,0.018047443569653713
E01029917,0,0.08333333333333333,0.0
E01029925,0,0.08333333333333333,0.12980353950585752
E01029927,0,0.08333333333333333,0.03860805679001944
E01029928,0,0.08333333333333333,0.14844540381511453
E01029939,0,0.08333333333333333,0.011433730232047554
E01029946,0,0.08333333333333333,0.06326007637204539
E01029949,0,0.0,0.0
E01029953,0,0.0,0.03952085304702327
E01029960,0,0.0,0.07939488347710719
E01029962,2,0.0,0.08355428845576718
E01029963,0,0.08333333333333333,0.08126030446926708
E01029971,0,0.08333333333333333,0.0
E01029978,0,0.0,0.14261954328156776
E01029980,0,0.0,0.14855463618748163
E01029985,0,0.0,0.0
E01029988,0,0.16666666666666666,0.1313875444438901
E01030008,0,0.08333333333333333,0.0
E01030010,0,0.0,0.056785224525289446
E01030015,0,0.0,0.0
E01030021,0,0.08333333333333333,0.1405531058121179
E01030022,0,0.08333333333333333,0.0
E01030023,0,0.0,0.0
E01030025,0,0.08333333333333333,0.0
E01030027,0,0.0,0.0
E01030042,0,0.0,0.043660197264044576
E01030059,0,0.0,0.0
E01030061,0,0.08333333333333333,0.06522553424029051
E01030066,0,0.08333333333333333,0.14440444594161764
E01030072,0,0.0,0.09136761434058904
E01030073,0,0.0,0.10800502587286362
E01030076,0,0.0,0.0
E01030077,0,0.08333333333333333,0.0
E01030078,0,0.0,0.005114506407039976
E01030089,0,0.08333333333333333,0.0
E01030091,0,0.0,0.1336074403369598
E01030092,0,0.08333333333333333,0.0
E01030093,0,0.0,0.12090391175042772
E01030095,0,0.0,0.0
E01030104,0,0.0,0.09678747830356801
E01030112,1,0.0,0.0
E01030113,0,0.08333333333333333,0.0
E01030125,0,0.0,0.0658468350778226
E01030137,0,0.0,0.0
E01030163,0,0.08333333333333333,0.06457565463548631
E01030179,1,0.0,0.01652557514184594
E01030190,0,0.16666666666666666,0.0
E01030197,0,0.0,0.12963902199034913
E01030198,0,0.08333333333333333,0.0
E01030199,0,0.0,0.0703341833396064
E01030201,0,0.0,0.000306171604687544
E01030210,0,0.0,0.031308442488361427
E01030211,0,0.0,0.0
E01030219,0,0.0,0.0
E01030222,0,0.0,0.012771061022420344
E01030223,0,0.0,0.0
E01030231,0,0.0,0.0
E01030232,0,0.0,0.0517701585283869
E01030234,0,0.0,0.05715198960334078
E01030235,0,0.0,0.0
E01030236,0,0.0,0.0
E01030240,0,0.08333333333333333,0.0
E01030244,0,0.08333333333333333,0.0
E01030247,0,0.08333333333333333,0.0
E01030253,0,0.08333333333333333,0.0
E01030265,0,0.0,0.1488726295851062
E01030270,0,0.0,0.07096716089095334
E01030281,0,0.08333333333333333,0.0
E01030296,0,0.0,0.0
E01030297,0,0.08333333333333333,0.06601314884586551
E01030298,0,0.16666666666666666,0.0
E01030299,0,0.0,0.08603901271937278
E01030301,0,0.08333333333333333,0.12726962014569657
E01030302,0,0.08333333333333333,0.030016925505093193
E01030304,0,0.08333333333333333,0.0
E01030307,0,0.25,0.08533863721448011
E01030308,0,0.08333333333333333,0.13697033175249376
E01030309,0,0.08333333333333333,0.024296194918168233
E01030310,0,0.16666666666666666,0.05505285178458295
E01030311,0,0.08333333333333333,0.0
E01030313,0,0.08333333333333333,0.0
E01030314,0,0.0,0.07039634935591918
E01030317,0,0.08333333333333333,0.1285581383222272
E01030319,0,0.16666666666666666,0.03915013376766858
E01030320,0,0.4166666666666667,0.08808841654651146
E01030321,0,0.0,0.0
E01030322,1,0.3333333333333333,0.0
E01030323,0,0.16666666666666666,0.010064023650379901
E01030324,0,0.08333333333333333,0.0
E01030325,1,0.08333333333333333,0.04072532986645852
E01030326,0,0.5833333333333334,0.0
E01030327,0,0.25,0.08814021200061194
E01030328,1,0.16666666666666666,0.0928867215846659
E01030329,0,0.0,0.0
E01030330,0,0.5,0.0
E01030331,1,0.0,0.04403248832457976
E01030333,1,0.25,0.14851653187962024
E01030334,0,0.08333333333333333,0.03700407818293844
E01030335,1,0.0,0.0
E01030336,1,0.08333333333333333,0.0
E01030337,0,0.08333333333333333,0.0
E01030338,0,0.08333333333333333,0.0
E01030339,0,0.08333333333333333,0.09414217094317387
E01030341,0,0.08333333333333333,0.10366850891098159
E01030342,0,0.25,0.0
E01030344,0,0.0,0.0
E01030345,0,0.0,0.0
E01030346,0,0.08333333333333333,0.12274157301156066
E01030349,0,0.0,0.0007948003866846687
E01030350,0,0.4166666666666667,0.047975157225513196
E01030351,0,0.25,0.0
E01030352,0,0.3333333333333333,0.04021149325208513
E01030353,0,0.16666666666666666,0.0
E01030354,0,0.3333333333333333,0.0
E01030355,0,0.0,0.04034402195204406
E01030357,0,0.0,0.027318623414696763
E01030358,0,0.0,0.0
E01030360,0,0.0,0.0
E01030361,0,0.08333333333333333,0.0
E01030362,0,0.0,0.0
E01030363,0,0.0,0.03860530002738144
E01030364,0,0.08333333333333333,0.12458543789124057
E01030365,0,0.0,0.0
E01030366,0,0.08333333333333333,0.0
E01030367,0,0.0,0.0
E01030370,0,0.08333333333333333,0.0009151314083165361
E01030372,0,0.16666666666666666,0.0
E01030373,0,0.0,0.06871128714605654
E01030374,0,0.16666666666666666,0.0
E01030375,0,0.0,0.028349509724927557
E01030376,0,0.08333333333333333,0.11538398788016921
E01030377,0,0.0,0.12320332197549141
E01030378,1,0.5833333333333334,0.13922304301877947
E01030379,0,0.08333333333333333,0.082205154424178
E01030380,0,0.0,0.12179637187767448
E01030381,0,0.08333333333333333,0.0
E01030382,0,0.0,0.0
E01030384,0,0.08333333333333333,0.0
E01030385,0,0.4166666666666667,0.06318735122963674
E01030386,0,0.3333333333333333,0.13214739154484909
E01030387,1,0.3333333333333333,0.0
E01030388,1,0.3333333333333333,0.041990307828789444
E01030389,0,0.8333333333333334,0.07620601576834773
E01030390,1,0.0,0.12828427054441696
E01030391,0,0.0,0.0440580672051665
E01030392,1,0.4166666666666667,0.14222216382553293
E01030393,1,0.16666666666666666,0.0
E01030394,0,0.08333333333333333,0.0
E01030395,0,0.08333333333333333,0.013130561804485134
E01030396,0,0.16666666666666666,0.0
E01030398,0,0.08333333333333333,0.0
E01030399,0,0.3333333333333333,0.070438842726822
E01030400,1,0.08333333333333333,0.07574192124372645
E01030401,0,0.4166666666666667,0.07522642540693837
E01030402,0,0.08333333333333333,0.0
E01030403,0,0.08333333333333333,0.006913650793533014
E01030404,0,0.08333333333333333,0.0
E01030405,0,0.16666666666666666,0.0
E01030407,0,0.08333333333333333,0.018961491181607063
E01030408,0,0.5,0.0
E01030409,0,0.0,0.0
E01030410,0,0.25,0.0773301470095805
E01030412,0,0.0,0.0
E01030413,0,0.16666666666666666,0.13815615068298073
E01030414,1,0.0,0.004576609233773066
E01030418,0,0.08333333333333333,0.14513173801202597
E01030419,0,0.08333333333333333,0.0
E01030420,0,0.0,0.02505886465977397
E01030425,0,0.0,0.0
E01030429,0,0.08333333333333333,0.10327155664446716
E01030438,0,0.16666666666666666,0.0
E01030441,0,0.16666666666666666,0.0
E01030443,0,0.0,0.10726593812997395
E01030445,0,0.0,0.0
E01030449,0,0.08333333333333333,0.0
E01030450,0,0.08333333333333333,0.0
E01030451,0,0.16666666666666666,0.04681029830364548
E01030452,0,0.25,0.0
E01030455,0,0.0,0.0
E01030456,0,0.0,0.0
E01030458,0,0.0,0.02642783745418717
E01030470,0,0.08333333333333333,0.07711528595829956
E01030478,0,0.08333333333333333,0.0
E01030481,0,0.08333333333333333,0.0
E01030482,0,0.0,0.0
E01030487,0,0.08333333333333333,0.0
E01030488,1,0.0,0.0
E01030489,0,0.0,0.0
E01030490,0,0.08333333333333333,0.009003471085406476
E01030491,0,0.08333333333333333,0.13490884818545942
E01030492,0,0.0,0.0
E01030493,0,0.0,0.029960391946514148
E01030502,0,0.0,0.0079495581984724
E01030504,0,0.0,0.004869929380748761
E01030505,0,0.08333333333333333,0.11217459501502938
E01030507,0,0.0,0.0
E01030508,0,0.08333333333333333,0.0
E01030510,0,0.0,0.05168145229025775
E01030511,0,0.08333333333333333,0.0
E01030513,0,0.08333333333333333,0.0
E01030514,0,0.08333333333333333,0.0
E01030515,0,0.0,0.0
E01030519,0,0.16666666666666666,0.03550513063563549
E01030523,1,0.0,0.0
E01030524,0,0.08333333333333333,0.0
E01030527,0,0.08333333333333333,0.0
E01030530,0,0.08333333333333333,0.0
E01030531,0,0.08333333333333333,0.14240903880021596
E01030536,0,0.0,0.0
E01030537,0,0.08333333333333333,0.13551726473590123
E01030538,0,0.0,0.024581164198209993
E01030540,0,0.0,0.0887183144909515
E01030543,0,0.08333333333333333,0.0
E01030548,0,0.08333333333333333,0.0
E01030549,0,0.4166666666666667,0.11493199370565431
E01030550,0,0.08333333333333333,0.11900715768775208
E01030551,0,0.16666666666666666,0.0
E01030552,0,0.0,0.0
E01030553,0,0.0,0.0
E01030555,0,0.0,0.1200831081383075
E01030556,0,0.0,0.0
E01030558,0,0.0,0.04560438460173938
E01030560,0,0.25,0.06312593272272467
E01030561,0,0.3333333333333333,0.08450963466897253
E01030562,0,0.08333333333333333,0.01940414617647041
E01030563,1,0.5833333333333334,0.0
E01030564,0,0.25,0.1407852230402362
E01030565,0,0.16666666666666666,0.03385284359121871
E01030566,0,0.16666666666666666,0.06902318109034414
E01030567,0,0.4166666666666667,0.0
E01030568,0,0.08333333333333333,0.05121156310110547
E01030569,1,0.16666666666666666,0.0
E01030570,0,0.25,0.0
E01030571,0,0.0,0.06441666054282791
E01030572,0,0.16666666666666666,0.006872038479243426
E01030574,0,0.0,0.05498298312671693
E01030579,0,0.0,0.0
E01030580,0,0.0,0.029617002317019137
E01030583,0,0.08333333333333333,0.0
E01030586,0,0.0,0.02908808605365837
E01030587,0,0.0,0.0
E01030588,0,0.0,0.06463528909473715
E01030589,0,0.08333333333333333,0.09200561864802109
E01030590,1,0.0,0.0
E01030592,0,0.25,0.0
E01030594,0,0.08333333333333333,0.048573089715909346
E01030598,0,0.25,0.05935597869160759
E01030599,1,0.0,0.06122990531923503
E01030600,0,0.0,0.05480955143275104
E01030603,0,0.16666666666666666,0.0
E01030604,0,0.25,0.0
E01030605,0,0.08333333333333333,0.0
E01030606,0,0.0,0.0
E01030607,0,0.0,0.05777321381907169
E01030608,0,0.16666666666666666,0.0
E01030609,1,0.16666666666666666,0.13179130363639738
E01030610,0,0.25,0.09868631750197975
E01030612,0,0.0,0.10725172198717683
E01030613,0,0.0,0.12200064438455707
E01030614,0,0.0,0.0
E01030615,0,0.0,0.10401021700512028
E01030616,0,0.25,0.0
E01030617,0,0.16666666666666666,0.0
E01030619,0,0.08333333333333333,0.08569422719933648
E01030621,0,0.08333333333333333,0.0
E01030622,0,0.08333333333333333,0.14678420899795794
E01030625,0,0.08333333333333333,0.05266573768064822
E01030628,0,0.0,0.07603491307263163
E01030632,0,0.0,0.0
E01030633,0,0.08333333333333333,0.05238642697608789
E01030635,0,0.08333333333333333,0.0
E01030637,0,0.08333333333333333,0.10157452477726173
E01030638,0,0.08333333333333333,0.0
E01030640,0,0.0,0.05920742005013116
E01030641,0,0.08333333333333333,0.0
E01030642,0,0.25,0.0
E01030644,0,0.16666666666666666,0.0
E01030645,0,0.08333333333333333,0.0
E01030646,0,0.0,0.06883319649796493
E01030648,0,0.25,0.0
E01030649,0,0.0,0.0
E01030650,0,0.08333333333333333,0.020458584179523318
E01030651,0,0.08333333333333333,0.0
E01030653,0,0.0,0.0
E01030654,0,0.0,0.09468653131211599
E01030656,0,0.08333333333333333,0.0
E01030657,0,0.08333333333333333,0.0
E01030660,0,0.0,0.0
E01030663,0,0.3333333333333333,0.0
E01030665,0,0.08333333333333333,0.013024593441151758
E01030666,0,0.08333333333333333,0.0
E01030667,0,0.0,0.08697351006684154
E01030668,1,0.3333333333333333,0.0
E01030670,0,0.0,0.0
E01030672,0,0.08333333333333333,0.0
E01030673,0,0.08333333333333333,0.04450035604223915
E01030674,0,0.0,0.13988287556921877
E01030677,1,0.25,0.0037930483892029783
E01030678,0,0.0,0.14606305408251616
E01030681,2,0.0,0.0
E01030683,0,0.0,0.0
E01030685,0,0.4166666666666667,0.0
E01030688,0,0.08333333333333333,0.0
E01030690,0,0.08333333333333333,0.0
E01030691,0,0.08333333333333333,0.0
E01030695,0,0.16666666666666666,0.0
E01030697,0,0.08333333333333333,0.0
E01030698,0,0.08333333333333333,0.0
E01030699,0,0.16666666666666666,0.0
E01030700,0,0.08333333333333333,0.11615762540679861
E01030701,0,0.0,0.0
E01030702,0,0.08333333333333333,0.06441343577279693
E01030703,0,0.08333333333333333,0.033840932697508125
E01030704,0,0.0,0.0
E01030705,0,0.16666666666666666,0.0
E01030706,0,0.5,0.0
E01030707,0,0.4166666666666667,0.028766208042220066
E01030708,0,0.0,0.0
E01030709,0,0.5,0.0
E01030710,1,0.16666666666666666,0.0
E01030711,0,0.25,0.1146105077734139
E01030712,0,0.16666666666666666,0.0
E01030713,0,0.0,0.03756249652287902
E01030714,1,0.6666666666666666,0.0
E01030715,0,0.08333333333333333,0.11199676430757047
E01030717,0,0.3333333333333333,0.014987690935189047
E01030718,0,0.08333333333333333,0.0
E01030719,0,0.08333333333333333,0.12760710592669525
E01030720,0,0.3333333333333333,0.06681411401433214
E01030721,0,0.08333333333333333,0.0
E01030723,0,0.16666666666666666,0.0
E01030725,0,0.16666666666666666,0.08659047648219545
E01030727,0,0.08333333333333333,0.10098220515416775
E01030728,0,0.08333333333333333,0.013784057527270386
E01030730,0,0.0,0.016336568359991782
E01030731,0,0.08333333333333333,0.03980669765561479
E01030732,0,0.16666666666666666,0.0
E01030733,0,0.08333333333333333,0.05428654584535264
E01030734,0,0.08333333333333333,0.0
E01030735,0,0.16666666666666666,0.13883739031057882
E01030737,0,0.08333333333333333,0.07527325593865794
E01030739,0,0.0,0.03935226120270208
E01030740,0,0.0,0.0
E01030741,0,0.0,0.0
E01030743,0,0.5833333333333334,0.0
E01030744,0,0.3333333333333333,0.04938025737294334
E01030745,0,0.16666666666666666,0.04056654062729618
E01030746,0,0.3333333333333333,0.0
E01030747,0,0.5,0.03534677095102761
E01030748,0,0.16666666666666666,0.09457810627062715
E01030749,0,0.08333333333333333,0.0
E01030750,0,0.3333333333333333,0.0
E01030751,0,0.16666666666666666,0.07802018614040018
E01030752,0,0.5833333333333334,0.015431002740283301
E01030753,0,0.16666666666666666,0.045896443979083885
E01030754,0,0.25,0.005683344182146953
E01030755,0,0.3333333333333333,0.14846959860541906
E01030757,0,0.0,0.0
E01030758,0,0.08333333333333333,0.0
E01030759,0,0.08333333333333333,0.0
E01030760,0,0.0,0.0
E01030761,0,0.16666666666666666,0.0
E01030764,0,0.16666666666666666,0.0
E01030766,0,0.08333333333333333,0.13933295858717673
E01030770,0,0.0,0.13403693301754774
E01030772,1,0.0,0.0
E01030777,0,0.08333333333333333,0.0421511224114853
E01030781,0,0.0,0.010125996178135838
E01030784,0,0.0,0.09467609415473058
E01030786,0,0.0,0.03823368294508267
E01030788,0,0.0,0.0
E01030790,0,0.0,0.07895231568292163
E01030792,0,0.0,0.07405443638883544
E01030793,0,0.08333333333333333,0.0031436204701257606
E01030794,0,0.08333333333333333,0.12110250077009757
E01030795,0,0.0,0.12253386170712047
E01030797,0,0.0,0.007173503011319166
E01030800,1,0.16666666666666666,0.03285008695932418
E01030801,0,0.08333333333333333,0.14918343037758316
E01030802,0,0.0,0.0
E01030807,0,0.08333333333333333,0.0
E01030811,0,0.08333333333333333,0.0
E01030812,0,0.08333333333333333,0.11898689054754183
E01030813,0,0.08333333333333333,0.07357332578496131
E01030814,0,0.0,0.0
E01030816,0,0.08333333333333333,0.14475701415957112
E01030817,1,0.0,0.06928851244833481
E01030819,0,0.0,0.10515663288149238
E01030820,0,0.0,0.0
E01030821,0,0.0,0.0014882756826503085
E01030825,0,0.08333333333333333,0.05980629481829322
E01030826,0,0.08333333333333333,0.01311078417173384
E01030828,0,0.08333333333333333,0.05022104850996467
E01030829,1,0.0,0.09536221907714176
E01030831,1,0.0,0.0
E01030832,0,0.08333333333333333,0.10482741148579436
E01030834,0,0.0,0.0
E01030836,0,0.08333333333333333,0.0
E01030837,0,0.16666666666666666,0.0
E01030838,0,0.0,0.0
E01030840,0,0.08333333333333333,0.0
E01030843,0,0.0,0.09158117916217526
E01030844,0,0.3333333333333333,0.0468464362876226
E01030845,0,0.16666666666666666,0.0
E01030846,0,0.16666666666666666,0.046087811187487344
E01030847,0,0.08333333333333333,0.0
E01030848,0,0.0,0.0
E01030850,0,0.16666666666666666,0.03853797417288941
E01030851,0,0.0,0.042410045767590665
E01030852,0,0.0,0.08224039761222815
E01030853,0,0.25,0.0
E01030854,0,0.08333333333333333,0.0669930377850283
E01030855,0,0.08333333333333333,0.05542090856823828
E01030856,0,0.3333333333333333,0.13992524871168047
E01030857,0,0.4166666666666667,0.0
E01030858,0,0.25,0.016184295526336195
E01030859,1,0.6666666666666666,0.03234380303459236
E01030861,0,0.0,0.1495943654802662
E01030862,0,0.08333333333333333,0.0
E01030865,0,0.08333333333333333,0.007192214790369109
E01030876,0,0.0,0.0
E01030885,0,0.08333333333333333,0.007994699373881396
E01030888,0,0.16666666666666666,0.0
E01030890,0,0.0,0.0
E01030894,0,0.08333333333333333,0.021996444969488108
E01030904,0,0.0,0.0
E01030919,0,0.0,0.0
E01030926,0,0.0,0.0
E01030934,0,0.0,0.0
E01030940,0,0.0,0.135132670227031
E01030941,0,0.0,0.024344374491978127
E01030948,0,0.0,0.09443060440410744
E01030949,0,0.3333333333333333,0.0
E01030950,0,0.08333333333333333,0.12122120907003717
E01030952,0,0.08333333333333333,0.0
E01030953,0,0.16666666666666666,0.022637214260563705
E01030954,0,0.08333333333333333,0.0
E01030957,0,0.0,0.06998348876029548
E01030960,0,0.0,0.01999682328061872
E01030967,0,0.08333333333333333,0.0
E01030968,0,0.0,0.0
E01030970,0,0.0,0.03183731666489331
E01030971,1,0.0,0.0
E01030972,1,0.0,0.0
E01030976,0,0.08333333333333333,0.0
E01030979,0,0.16666666666666666,0.004886544200498977
E01030980,0,0.08333333333333333,0.09829477894785843
E01030981,0,0.16666666666666666,0.0
E01030990,0,0.0,0.0
E01030997,0,0.16666666666666666,0.09725045441347849
E01030998,0,0.08333333333333333,0.04475398833165506
E01030999,0,0.0,0.0
E01031000,0,0.08333333333333333,0.10382734540697416
E01031002,0,0.08333333333333333,0.0
E01031004,0,0.08333333333333333,0.0
E01031007,1,0.08333333333333333,0.14320301056029675
E01031010,0,0.16666666666666666,0.1345885685712764
E01031011,0,0.0,0.0
E01031012,0,0.08333333333333333,0.0
E01031014,0,0.0,0.0
E01031017,0,0.0,0.0
E01031023,1,0.16666666666666666,0.0
E01031025,0,0.0,0.0
E01031026,1,0.0,0.13230594680917027
E01031027,0,0.0,0.11140720236966231
E01031028,0,0.3333333333333333,0.004340085376012699
E01031029,0,0.08333333333333333,0.019794723151430663
E01031030,0,0.0,0.0
E01031031,0,0.0,0.0
E01031032,0,0.08333333333333333,0.0
E01031033,0,0.0,0.07636185980861626
E01031036,0,0.0,0.0
E01031039,0,0.0,0.11071413074304506
E01031041,0,0.3333333333333333,0.04390452930346227
E01031043,1,0.3333333333333333,0.0
E01031044,1,0.0,0.0
E01031046,0,0.0,0.03828741027691593
E01031048,0,0.0,0.12025109408469706
E01031049,1,0.0,0.0655080656743145
E01031052,0,0.0,0.0
E01031053,0,0.0,0.02621507858059413
E01031056,0,0.08333333333333333,0.0
E01031057,2,0.0,0.14974487003359763
E01031060,0,0.08333333333333333,0.0748785653387368
E01031061,0,0.08333333333333333,0.03454130072720754
E01031062,0,0.0,0.0
E01031064,0,0.0,0.03544568707786719
E01031066,0,0.0,0.0
E01031074,0,0.0,0.0
E01031077,0,1.25,0.0
E01031078,0,0.3333333333333333,0.13005148107468587
E01031079,0,0.0,0.03789032843215975
E01031080,1,1.0833333333333333,0.0
E01031081,0,0.16666666666666666,0.11595170161887067
E01031084,0,0.0,0.0
E01031086,0,0.0,0.0
E01031088,0,0.0,0.0
E01031093,0,0.3333333333333333,0.024067906038513012
E01031095,0,0.0,0.013406428030192985
E01031098,0,0.08333333333333333,0.0
E01031099,0,0.4166666666666667,0.06639510305469533
E01031100,0,0.08333333333333333,0.0
E01031101,0,0.16666666666666666,0.08507297407209222
E01031102,0,0.08333333333333333,0.0
E01031105,0,0.0,0.08478623672310279
E01031109,0,0.08333333333333333,0.04936984037526629
E01031110,0,0.0,0.05496249286427596
E01031111,0,0.08333333333333333,0.0
E01031116,0,0.16666666666666666,0.05055407740462232
E01031117,0,0.0,0.0
E01031118,0,0.16666666666666666,0.10591895271517307
E01031119,0,0.08333333333333333,0.0
E01031120,0,0.0,0.0
E01031121,0,0.0,0.023036912549170896
E01031127,0,0.0,0.07182343663700747
E01031129,0,0.0,0.0
E01031130,0,0.08333333333333333,0.12645625303687738
E01031137,0,0.08333333333333333,0.14230910344039102
E01031140,0,0.0,0.031785051902313316
E01031143,0,0.0,0.0
E01031148,0,0.0,0.07241849168392492
E01031150,0,0.0,0.0
E01031157,0,0.0,0.0
E01031158,0,0.0,0.1248453080443204
E01031159,1,0.5,0.13805748037354876
E01031160,0,0.5833333333333334,0.12970839641662563
E01031163,0,0.0,0.0
E01031166,0,0.08333333333333333,0.0
E01031170,0,0.0,0.0
E01031171,0,0.0,0.0
E01031172,0,0.08333333333333333,0.0
E01031173,0,0.0,0.0
E01031174,0,0.08333333333333333,0.036417894436409304
E01031182,1,2.4166666666666665,0.08533515833345473
E01031183,0,0.08333333333333333,0.07089426828055656
E01031188,0,0.08333333333333333,0.09455387892392703
E01031190,0,0.0,0.0
E01031194,0,0.0,0.0
E01031207,0,0.08333333333333333,0.08704169700677025
E01031217,0,0.16666666666666666,0.010377264297752466
E01031221,0,0.0,0.023442202128636097
E01031228,0,0.08333333333333333,0.0
E01031231,0,0.0,0.0
E01031233,0,0.0,0.04150629146564333
E01031241,0,0.0,0.10775456703320282
E01031243,1,0.0,0.12509501915442076
E01031244,0,0.0,0.00012584875052451538
E01031254,1,0.08333333333333333,0.013869078621640721
E01031261,0,0.0,0.09991488932069725
E01031262,0,0.08333333333333333,0.011514189024387837
E01031266,0,0.0,0.0050575576611952
E01031272,1,0.0,0.12152521132828611
E01031281,0,0.08333333333333333,0.08720662511694546
E01031282,0,0.0,0.12272175790838838
E01031288,0,0.08333333333333333,0.0
E01031296,0,0.08333333333333333,0.007539454796788473
E01031301,0,0.0,0.10274163857800736
E01031308,0,0.25,0.0
E01031315,0,0.08333333333333333,0.08862545508836997
E01031317,0,0.16666666666666666,0.0
E01031328,0,0.16666666666666666,0.09288924409595922
E01031329,0,0.08333333333333333,0.03382709006724188
E01031333,0,0.0,0.0
E01031335,0,0.0,0.0
E01031352,0,0.08333333333333333,0.05479835873841293
E01031357,0,0.0,0.04015587026506273
E01031371,0,0.08333333333333333,0.0
E01031372,0,0.0,0.11980995867627806
E01031383,0,0.08333333333333333,0.006005833146534748
E01031385,0,0.0,0.0017601895586065175
E01031389,0,0.0,0.0
E01031392,1,0.0,0.12663611693929114
E01031396,0,0.0,0.0
E01031397,0,0.0,0.008503408030966275
E01031400,0,0.0,0.09107028042009305
E01031402,0,0.0,0.0
E01031408,0,0.0,0.008211986991252335
E01031419,0,0.4166666666666667,0.0
E01031425,0,0.0,0.07790849933997354
E01031427,0,0.0,0.01930235036194522
E01031431,0,0.0,0.10679275811854302
E01031436,0,0.0,0.11836740086321487
E01031437,0,0.0,0.04462004473361941
E01031444,0,0.0,0.06761737384768335
E01031456,0,0.08333333333333333,0.014992838766240555
E01031457,2,0.0,0.0
E01031459,0,0.08333333333333333,0.04466218570643182
E01031462,0,0.0,0.12248658704619866
E01031464,0,0.08333333333333333,0.0
E01031469,0,0.0,0.0
E01031470,0,0.16666666666666666,0.0
E01031471,0,0.0,0.0
E01031473,0,0.08333333333333333,0.0
E01031478,0,0.08333333333333333,0.0
E01031489,0,0.0,0.0
E01031490,0,0.16666666666666666,0.02698676589251984
E01031491,0,0.08333333333333333,0.0
E01031493,0,0.08333333333333333,0.03415908758685837
E01031496,0,0.08333333333333333,0.11369170188244235
E01031500,0,0.08333333333333333,0.1368681059487307
E01031501,0,0.08333333333333333,0.025310473642496337
E01031507,0,0.08333333333333333,0.0
E01031508,0,0.0,0.14077079918013266
E01031512,0,0.08333333333333333,0.061985427069058324
E01031529,0,0.0,0.0
E01031535,0,0.0,0.0
E01031538,0,0.08333333333333333,0.0
E01031544,0,0.0,0.0
E01031545,0,0.3333333333333333,0.0
E01031546,0,0.08333333333333333,0.12087306539605489
E01031548,0,0.08333333333333333,0.01245727864838234
E01031549,0,0.0,0.05998782381415116
E01031550,0,0.0,0.09843255278049223
E01031554,0,0.3333333333333333,0.08836953710068586
E01031555,0,0.0,0.11478168711865247
E01031557,0,0.0,0.14017638675748553
E01031560,0,0.08333333333333333,0.0
E01031562,0,0.08333333333333333,0.1353274488006986
E01031569,0,0.08333333333333333,0.06721379330302635
E01031571,0,0.0,0.0
E01031572,1,0.0,0.05453493636370363
E01031574,0,0.0,0.05601499788145459
E01031575,0,0.5,0.12311902193884681
E01031576,0,0.08333333333333333,0.0
E01031583,0,0.08333333333333333,0.025700258881726782
E01031584,0,0.08333333333333333,0.0
E01031585,0,0.3333333333333333,0.0
E01031589,0,0.16666666666666666,0.0
E01031591,0,0.08333333333333333,0.006788700629650538
E01031593,0,0.0,0.09523429515208595
E01031596,0,0.0,0.0
E01031597,0,0.0,0.00823231366733354
E01031598,0,0.16666666666666666,0.0
E01031599,0,0.0,0.0
E01031603,0,0.0,0.003299037580302727
E01031606,0,0.08333333333333333,0.0
E01031608,0,0.0,0.026206389341396796
E01031609,0,0.0,0.0
E01031610,0,0.08333333333333333,0.0
E01031619,0,0.0,0.01499924564620736
E01031640,0,0.08333333333333333,0.02764903266985561
E01031642,0,0.08333333333333333,0.0
E01031643,0,0.08333333333333333,0.02223984520064898
E01031650,1,0.0,0.10155075759709112
E01031653,0,0.08333333333333333,0.06692166198836763
E01031656,0,0.0,0.0
E01031658,0,0.08333333333333333,0.027969203069265928
E01031661,0,0.08333333333333333,0.05190255882244549
E01031663,0,0.16666666666666666,0.0
E01031667,0,0.08333333333333333,0.10683110940526822
E01031670,0,0.0,0.12188021918694905
E01031671,0,0.08333333333333333,0.10536249080885904
E01031676,0,0.0,0.09738944039673397
E01031679,0,0.0,0.07348955953826797
E01031683,0,0.08333333333333333,0.040256418184769494
E01031684,0,0.08333333333333333,0.053814910296657026
E01031690,0,0.0,0.0919185880004949
E01031695,0,0.08333333333333333,0.04897634630857284
E01031696,0,0.16666666666666666,0.0
E01031698,0,0.08333333333333333,0.0
E01031705,0,0.08333333333333333,0.11934404931186907
E01031706,0,0.08333333333333333,0.0
E01031707,0,0.0,0.05964617437328462
E01031708,0,0.0,0.13643326572756462
E01031709,0,0.0,0.061868450987392104
E01031715,0,0.08333333333333333,0.14840040526971607
E01031717,0,0.0,0.05626347165849924
E01031719,0,0.08333333333333333,0.0
E01031720,0,0.08333333333333333,0.09832977329425852
E01031731,0,0.08333333333333333,0.0
E01031740,0,0.0,0.0
E01031741,0,0.08333333333333333,0.0
E01031743,0,0.08333333333333333,0.0
E01031746,0,0.0,0.0
E01031766,1,0.0,0.0
E01031767,0,0.08333333333333333,0.04022838335295825
E01031770,0,0.08333333333333333,0.09417216909643461
E01031771,0,0.0,0.0
E01031777,0,0.08333333333333333,0.0
E01031780,0,0.25,0.050749007661647035
E01031781,0,0.08333333333333333,0.051322828549415944
E01031782,0,0.08333333333333333,0.120566180586033
E01031785,0,0.0,0.0
E01031788,0,0.0,0.10591219863495296
E01031790,0,0.08333333333333333,0.0065274606846885165
E01031792,0,0.0,0.03639062675162966
E01031799,0,0.16666666666666666,0.0
E01031801,0,0.08333333333333333,0.0
E01031803,0,0.08333333333333333,0.0
E01031808,0,0.08333333333333333,0.0
E01031813,0,0.0,0.0012285344028082346
E01031817,0,0.08333333333333333,0.09396359392111514
E01031820,0,0.08333333333333333,0.07336108784363829
E01031830,0,0.0,0.02729998772578615
E01031831,0,0.08333333333333333,0.012052266626221556
E01031836,0,0.0,0.0
E01031838,0,0.0,0.14181299206841588
E01031840,0,0.0,0.018057766270270004
E01031845,0,0.08333333333333333,0.0
E01031848,0,0.08333333333333333,0.0
E01031851,0,0.0,0.03340590923254255
E01031865,0,0.08333333333333333,0.007075066993460059
E01031870,0,0.08333333333333333,0.0
E01031879,0,0.0,0.0990196116587338
E01031883,0,0.16666666666666666,0.061690323870093274
E01031902,0,0.08333333333333333,0.048775595703612507
E01031903,0,0.08333333333333333,0.0
E01031906,0,0.08333333333333333,0.0
E01031908,0,0.0,0.13061467821983583
E01031913,0,0.08333333333333333,0.10900358120259054
E01031939,0,0.08333333333333333,0.0
E01031950,0,0.08333333333333333,0.0
E01031967,0,0.08333333333333333,0.0
E01031988,0,0.08333333333333333,0.0
E01031995,0,0.08333333333333333,0.05489472181197877
E01031996,0,0.0,0.13993044302529586
E01032000,0,0.08333333333333333,0.0
E01032003,0,0.0,0.0
E01032010,0,0.16666666666666666,0.11973782010307846
E01032019,0,0.0,0.0
E01032021,0,0.08333333333333333,0.13605657794618134
E01032023,0,0.08333333333333333,0.04960063720289337
E01032036,0,0.08333333333333333,0.13273357133276617
E01032052,0,0.08333333333333333,0.0
E01032059,0,0.08333333333333333,0.0
E01032060,0,0.0,0.0
E01032067,0,0.0,0.0
E01032070,0,0.0,0.0
E01032077,0,0.08333333333333333,0.1375237511167907
E01032122,0,0.16666666666666666,0.09722873724879255
E01032126,0,0.08333333333333333,0.04870141521285942
E01032134,3,0.9166666666666666,0.0
E01032139,0,0.25,0.07097744886610176
E01032141,1,0.3333333333333333,0.06901097161064297
E01032142,0,0.0,0.0
E01032145,0,0.3333333333333333,0.12834300811492985
E01032146,2,1.0,0.0
E01032148,0,0.08333333333333333,0.0
E01032158,0,0.08333333333333333,0.0
E01032169,0,0.16666666666666666,0.08908890505363912
E01032172,0,0.08333333333333333,0.036754624628800636
E01032177,0,0.0,0.0
E01032182,0,0.08333333333333333,0.0
E01032202,0,0.08333333333333333,0.0
E01032215,0,0.0,0.0
E01032225,0,0.08333333333333333,0.0
E01032247,0,0.08333333333333333,0.0
E01032264,0,0.0,0.0
E01032273,0,0.08333333333333333,0.11289971880049574
E01032274,0,0.08333333333333333,0.0047681108385116446
E01032282,0,0.0,0.0687755919385244
E01032290,0,0.0,0.0
E01032299,0,0.08333333333333333,0.0
E01032314,0,0.0,0.0
E01032315,0,0.08333333333333333,0.0
E01032321,0,0.08333333333333333,0.0
E01032338,0,0.0,0.11109113354995273
E01032351,1,0.0,0.13182948812993897
E01032377,0,0.08333333333333333,0.0
E01032378,0,0.0,0.0
E01032380,0,0.08333333333333333,0.13771249724352355
E01032400,1,0.0,0.0
E01032403,0,0.08333333333333333,0.04331922066379931
E01032406,0,0.08333333333333333,0.14189322009028313
E01032413,0,0.0,0.14346710057441234
E01032415,0,0.16666666666666666,0.0
E01032416,0,0.08333333333333333,0.0
E01032425,0,0.08333333333333333,0.0
E01032454,0,0.08333333333333333,0.11710722733749981
E01032467,0,0.0,0.12350490129892075
E01032468,0,0.08333333333333333,0.032590701962247864
E01032483,6,5.416666666666667,0.09459549185276746
E01032484,3,3.25,0.08082491864819889
E01032487,2,3.1666666666666665,0.05716521380362708
E01032488,2,5.583333333333333,0.11337927607373867
E01032489,11,16.583333333333332,0.10075693814820427
E01032490,7,2.75,0.017685382130237536
E01032491,3,3.3333333333333335,0.0
E01032492,19,14.5,0.11263117446715751
E01032493,1,4.583333333333333,0.00450584436146193
E01032494,5,13.833333333333334,0.0
E01032495,0,0.0,0.0905838827225326
E01032496,7,7.25,0.0787464457216944
E01032497,21,9.166666666666666,0.15615083695736917
E01032498,8,9.916666666666666,0.0
E01032499,4,8.5,0.06789128300945556
E01032500,4,12.833333333333334,0.0
E01032501,2,2.5,0.12787915959593593
E01032502,10,11.833333333333334,0.0
E01032503,7,7.166666666666667,0.06635409874906761
E01032504,8,6.0,0.10365595007147316
E01032505,2,6.0,0.0
E01032506,9,5.583333333333333,0.15143761342729975
E01032507,1,1.1666666666666667,0.10839452857835143
E01032508,17,14.416666666666666,0.0
E01032509,33,32.333333333333336,0.0
E01032510,7,6.916666666666667,0.0
E01032511,1,4.666666666666667,0.0
E01032512,12,14.583333333333334,0.15668092228202593
E01032513,2,5.5,0.15510573428839974
E01032515,0,0.08333333333333333,0.0
E01032516,0,0.08333333333333333,0.0
E01032520,12,13.25,0.05056219878778881
E01032522,16,20.833333333333332,0.0
E01032523,0,0.08333333333333333,0.0
E01032527,8,8.0,0.0
E01032528,3,4.416666666666667,0.022837772707742898
E01032529,8,5.75,0.06400707713210124
E01032530,12,12.5,0.09506685317618704
E01032531,0,0.0,0.0
E01032532,11,8.166666666666666,0.11611157300116823
E01032533,3,4.333333333333333,0.06535666654666294
E01032534,16,6.416666666666667,0.1341867526379873
E01032535,4,3.1666666666666665,0.0
E01032536,7,7.333333333333333,0.13812610323262478
E01032537,2,8.0,0.13150588152424153
E01032538,18,12.166666666666666,0.014636884534272157
E01032542,1,0.0,0.0
E01032550,0,0.0,0.12984360449107704
E01032551,9,12.75,0.09925116678929269
E01032558,0,0.08333333333333333,0.12870041273160412
E01032562,7,6.833333333333333,0.10769075528362254
E01032563,6,3.5833333333333335,0.04254201019522652
E01032564,8,8.0,0.0
E01032565,4,4.416666666666667,0.0
E01032566,6,5.333333333333333,0.15516848534113004
E01032567,3,4.916666666666667,0.0
E01032568,8,8.666666666666666,0.0
E01032569,7,6.166666666666667,0.07904985798922302
E01032570,7,5.75,0.08585108357562513
E01032571,0,0.6666666666666666,0.0
E01032572,11,4.333333333333333,0.0
E01032573,32,30.833333333333332,0.07458715171977055
E01032574,18,23.666666666666668,0.0
E01032575,13,11.75,0.1187769439339331
E01032576,6,3.1666666666666665,0.0
E01032577,7,4.333333333333333,0.11792298821002853
E01032579,14,16.0,0.13433641611484795
E01032580,10,9.166666666666666,0.07336957795559411
E01032581,14,12.25,0.0
E01032582,62,55.583333333333336,0.15617643821937618
E01032583,14,17.083333333333332,0.02994458131658434
E01032584,3,7.583333333333333,0.0
E01032585,2,2.8333333333333335,0.11215238599712266
E01032586,0,0.08333333333333333,0.0
E01032587,14,18.0,0.14880763017833648
E01032588,0,0.5,0.0
E01032589,9,8.083333333333334,0.0
E01032590,36,41.75,0.256827300424798
E01032591,5,3.8333333333333335,0.03676374359017346
E01032592,13,13.0,0.03831307487802043
E01032595,8,9.333333333333334,0.03234940456355558
E01032596,2,3.75,0.0
E01032597,5,5.75,0.08126099206311177
E01032598,0,0.0,0.0
E01032599,7,5.416666666666667,0.036739685942701036
E01032600,10,7.916666666666667,0.0427774749930079
E01032601,3,1.5,0.12833908564331933
E01032602,10,6.583333333333333,0.025772738245792428
E01032603,7,6.583333333333333,0.0
E01032606,9,16.5,0.06673412021037528
E01032607,14,16.25,0.0
E01032608,10,10.333333333333334,0.0
E01032610,0,0.0,0.0
E01032613,0,0.0,0.003988074737849484
E01032614,0,0.0,0.0
E01032620,0,0.25,0.0
E01032621,9,6.166666666666667,0.14666736181067028
E01032622,1,2.5,0.07273268791124303
E01032623,2,2.0,0.0
E01032624,0,0.16666666666666666,0.0
E01032626,0,0.08333333333333333,0.05232553476821172
E01032635,0,0.08333333333333333,0.11863736710743653
E01032637,2,1.8333333333333333,0.0
E01032638,0,1.9166666666666667,0.09895194192035149
E01032639,7,8.333333333333334,0.04122504411963733
E01032640,10,9.916666666666666,0.040817644810509965
E01032644,0,0.08333333333333333,0.13757076362618884
E01032646,13,8.583333333333334,0.09765469019772097
E01032647,9,10.333333333333334,0.133159951639333
E01032648,21,9.666666666666666,0.0
E01032649,7,8.583333333333334,0.03967051866721199
E01032650,4,3.4166666666666665,0.04392086403577054
E01032653,0,0.08333333333333333,0.0
E01032656,0,0.0,0.02107443748421986
E01032658,0,0.0,0.0
E01032662,0,0.0,0.0
E01032683,1,0.6666666666666666,0.0
E01032684,0,0.08333333333333333,0.07201369742411254
E01032696,0,0.0,0.12485614442216628
E01032702,0,0.08333333333333333,0.0
E01032705,0,0.0,0.042847106482629516
E01032707,0,0.08333333333333333,0.0
E01032708,0,0.0,0.12133912756569862
E01032713,0,0.08333333333333333,0.020808072871161768
E01032715,0,0.08333333333333333,0.08432828308772855
E01032719,9,6.25,0.10534302029002666
E01032720,0,0.0,0.0
E01032722,0,0.0,0.008752335954554852
E01032724,0,0.0,0.1381439254682932
E01032728,0,0.08333333333333333,0.0
E01032729,0,0.16666666666666666,0.055368587009231925
E01032730,0,0.3333333333333333,0.13958645861127736
E01032731,0,0.0,0.0
E01032732,0,0.08333333333333333,0.10866118522148585
E01032733,0,0.0,0.1300972636224815
E01032734,0,0.25,0.07480628921899186
E01032738,0,0.08333333333333333,0.0
E01032739,213,241.0,0.606131265772723
E01032740,27,54.0,0.007714890842896893
E01032741,45,51.5,0.23960380878574083
E01032742,10,11.166666666666666,0.13527573517763786
E01032743,5,4.25,0.0513803417991116
E01032744,14,12.0,0.0
E01032764,18,19.666666666666668,0.0
E01032765,2,6.0,0.09224751658753702
E01032766,0,0.0,0.06795785808297686
E01032767,11,16.75,0.16936932535814114
E01032768,3,2.0,0.07460301750596339
E01032769,7,11.833333333333334,0.13081533229896602
E01032770,7,9.416666666666666,0.09941577979170338
E01032771,57,60.916666666666664,0.20500338942633267
E01032772,23,15.25,0.019595928690507573
E01032773,0,0.0,0.12063519259268332
E01032774,8,8.083333333333334,0.06729102518984131
E01032776,12,7.0,0.0
E01032777,11,6.666666666666667,0.0
E01032778,0,0.0,0.0
E01032779,3,3.3333333333333335,0.022190372456307297
E01032780,13,10.166666666666666,0.0
E01032781,9,8.166666666666666,0.0
E01032782,2,5.583333333333333,0.02341424383851111
E01032783,4,4.333333333333333,0.0
E01032784,5,4.416666666666667,0.10214388540714772
E01032785,11,5.416666666666667,0.010053017414591452
E01032786,4,4.666666666666667,0.03486012499895609
E01032787,6,8.916666666666666,0.0
E01032788,7,8.5,0.0
E01032789,6,4.833333333333333,0.0
E01032790,0,0.8333333333333334,0.09473193715676534
E01032792,0,0.08333333333333333,0.0812746657260272
E01032799,0,0.4166666666666667,0.0
E01032800,0,0.16666666666666666,0.03530734208246523
E01032803,5,4.333333333333333,0.0
E01032805,0,0.0,0.14647414670707362
E01032807,0,0.08333333333333333,0.1358639722394426
E01032810,0,0.0,0.018979416156186146
E01032811,0,0.08333333333333333,0.059897580368424325
E01032812,0,0.08333333333333333,0.09065592346277496
E01032813,0,0.0,0.06629952601347117
E01032816,0,0.0,0.05994860732472626
E01032825,0,0.08333333333333333,0.13779301118503987
E01032827,0,0.0,0.02893683189218499
E01032834,3,4.833333333333333,0.054045711956240625
E01032835,0,0.25,0.10546105153199868
E01032845,0,0.0,0.050967260357522026
E01032847,0,0.08333333333333333,0.0701065954054382
E01032848,0,0.16666666666666666,0.0
E01032852,0,0.0,0.0
E01032856,0,0.08333333333333333,0.0
E01032857,0,0.08333333333333333,0.001956441500623077
E01032858,0,0.16666666666666666,0.0
E01032862,6,5.25,0.1634377986952682
E01032863,8,5.25,0.04765155025609391
E01032865,5,3.4166666666666665,0.09523260776576632
E01032867,0,0.0,0.0
E01032868,28,30.5,0.18247562026924857
E01032870,0,0.08333333333333333,0.03475229874648647
E01032872,14,19.583333333333332,0.11239776752217158
E01032873,54,75.75,0.14449843274977167
E01032875,0,0.0,0.014591517508673157
E01032876,6,2.5833333333333335,0.04724216482970746
E01032885,7,5.0,0.04033693075586114
E01032886,3,8.416666666666666,0.1474658022456961
E01032887,0,0.0,0.11948179934776607
E01032888,15,19.083333333333332,0.19323443260461257
E01032889,0,0.0,0.05022840180209681
E01032890,0,0.0,0.14157423903770536
E01032892,0,0.0,0.09974340000957266
E01032896,0,0.08333333333333333,0.0
E01032898,0,0.08333333333333333,0.0
E01032902,0,0.0,0.0
E01032903,0,0.0,0.0
E01032904,3,2.6666666666666665,0.0
E01032905,7,6.416666666666667,0.0
E01032906,0,0.0,0.065951538405147
E01032912,1,0.0,0.0
E01032923,12,20.416666666666668,0.0
E01032924,10,8.333333333333334,0.10119714734670109
E01032925,7,5.166666666666667,0.11380817799714321
E01032926,6,3.5,0.15211583120258476
E01032927,4,5.166666666666667,0.05666622101382207
E01032932,0,0.08333333333333333,0.0
E01032935,0,0.08333333333333333,0.0
E01032937,0,0.0,0.0
E01032945,0,0.0,0.0
E01032946,6,6.5,0.0
E01032955,0,0.08333333333333333,0.14776271538656036
E01032964,0,0.08333333333333333,0.0
E01032969,0,0.08333333333333333,0.0
E01032970,0,0.0,0.0
E01032971,0,0.16666666666666666,0.06558946326005058
E01032976,0,0.0,0.0
E01032979,0,0.16666666666666666,0.0
E01032980,0,0.0,0.0
E01032981,0,0.08333333333333333,0.0
E01032982,0,0.08333333333333333,0.0
E01032984,0,0.0,0.00991298636657495
E01032986,0,0.0,0.0
E01032987,0,0.0,0.08715251435194687
E01032988,0,0.0,0.019980515262146836
E01032989,0,0.08333333333333333,0.06741717093223651
E01032992,0,0.08333333333333333,0.0
E01032994,0,0.0,0.0
E01033000,4,9.333333333333334,0.0
E01033002,22,16.5,0.05206482454877329
E01033003,10,8.166666666666666,0.026577911874909405
E01033005,0,0.0,0.0
E01033006,0,0.0,0.07215550940473478
E01033008,51,52.5,0.24264086412401797
E01033010,375,367.4166666666667,1.0
E01033011,91,92.5,0.14491749104345936
E01033013,32,22.416666666666668,0.09762942003344167
E01033015,11,8.833333333333334,0.0
E01033016,74,70.91666666666667,0.25140097518655435
E01033018,0,0.0,0.0
E01033019,0,0.0,0.0
E01033021,24,14.333333333333334,0.14762637072404722
E01033027,0,0.0,0.03420250171168121
E01033028,0,0.08333333333333333,0.0
E01033029,0,0.0,0.0
E01033030,17,26.166666666666668,0.08241104095805753
E01033031,35,25.333333333333332,0.19591763880102966
E01033032,0,0.0,0.028913949810709716
E01033033,3,6.333333333333333,0.15873265019963795
E01033034,15,10.583333333333334,0.0
E01033035,42,45.583333333333336,0.14455594507770259
E01033040,0,0.16666666666666666,0.08989113200229173
E01033055,1,0.0,0.007662219337714854
E01033058,18,10.666666666666666,0.0
E01033060,0,0.08333333333333333,0.025092609264346758
E01033062,0,0.08333333333333333,0.033748180552922946
E01033063,0,0.08333333333333333,0.06883958334278723
E01033064,0,0.16666666666666666,0.07881707215000505
E01033070,0,0.16666666666666666,0.08168542406354504
E01033072,0,0.5833333333333334,0.05062097969295994
E01033074,0,0.0,0.0
E01033075,0,0.0,0.0
E01033076,7,8.75,0.10665391580337152
E01033077,13,4.333333333333333,0.1478221526296792
E01033081,12,7.5,0.0
E01033082,5,6.916666666666667,0.029486133754218557
E01033083,70,75.33333333333333,0.14879183676132005
E01033084,5,41.25,0.02988852438486521
E01033085,0,0.0,0.0017432050559145207
E01033086,4,2.4166666666666665,0.03840425737222298
E01033087,2,0.16666666666666666,0.0
E01033088,0,0.08333333333333333,0.08428878046053873
E01033091,0,0.08333333333333333,0.09619144817801573
E01033093,0,0.0,0.1396532473703799
E01033094,9,10.416666666666666,0.0
E01033095,9,5.25,0.04265472311971555
E01033096,0,0.0,0.0
E01033097,19,11.5,0.0
E01033098,6,7.583333333333333,0.04032963624776307
E01033099,13,6.333333333333333,0.10195239678085503
E01033100,18,12.25,0.0
E01033101,0,0.0,0.140820033769856
E01033102,8,4.166666666666667,0.10430491572078558
E01033103,4,3.6666666666666665,0.0853256983016572
E01033104,124,120.66666666666667,0.4065353573168864
E01033105,16,14.0,0.004822091316078872
E01033106,0,0.0,0.07548616525344412
E01033107,8,5.416666666666667,0.0
E01033108,0,0.0,0.1196120488724379
E01033109,22,19.25,0.0
E01033110,0,0.0,0.0
E01033112,0,0.08333333333333333,0.015628071609904263
E01033116,0,0.08333333333333333,0.0
E01033123,0,0.16666666666666666,0.0
E01033124,0,0.0,0.0
E01033125,0,0.0,0.10690600464405262
E01033131,0,0.08333333333333333,0.007184484882789281
E01033132,26,26.916666666666668,0.031997197042975545
E01033133,6,4.083333333333333,0.0
E01033135,0,1.9166666666666667,0.0
E01033138,0,0.08333333333333333,0.004947640124492423
E01033140,0,0.16666666666666666,0.07428807476133378
E01033141,0,0.0,0.0
E01033144,0,0.4166666666666667,0.0
E01033146,7,4.75,0.0
E01033148,5,6.25,0.0
E01033150,2,5.416666666666667,0.0
E01033151,4,6.0,0.10438661300516155
E01033153,0,0.0,0.0
E01033166,0,0.08333333333333333,0.0007962629209808423
E01033167,0,0.16666666666666666,0.03762572745773186
E01033170,0,0.0,0.0
E01033171,0,0.0,0.06560861614426167
E01033172,0,0.25,0.014813822322028639
E01033173,0,0.16666666666666666,0.0
E01033174,0,0.0,0.09293520802149416
E01033177,0,0.08333333333333333,0.0
E01033179,0,0.0,0.11495279118429694
E01033181,0,0.0,0.01831462061001113
E01033184,0,0.0,0.03275246381389746
E01033187,0,0.0,0.11251768925068281
E01033188,0,0.08333333333333333,0.09550161515498223
E01033195,0,0.0,0.030468620646570105
E01033197,1,0.0,0.07595631115445223
E01033206,0,0.0,0.0
E01033207,0,0.0,0.014213326049923869
E01033208,7,12.083333333333334,0.0
E01033209,0,0.3333333333333333,0.0
E01033210,0,0.0,0.09882762125589961
E01033211,0,0.0,0.0
E01033212,0,0.08333333333333333,0.0
E01033213,0,0.0,0.08874979768513244
E01033215,0,0.25,0.0
E01033217,0,0.08333333333333333,0.0
E01033223,0,0.16666666666666666,0.025665214948349425
E01033228,14,18.833333333333332,0.079893768281796
E01033234,0,0.0,0.08314587246884206
E01033241,0,0.08333333333333333,0.0020046851478325886
E01033242,0,0.3333333333333333,0.0037277960600168984
E01033244,0,0.0,0.06759317266221013
E01033248,0,0.08333333333333333,0.0
E01033249,0,0.0,0.03254732596908505
E01033253,0,0.0,0.11933222047651529
E01033255,0,0.0,0.0
E01033259,2,2.6666666666666665,0.0
E01033260,18,7.333333333333333,0.0
E01033261,15,8.916666666666666,0.058296420075784394
E01033262,20,16.5,0.0
E01033263,3,10.416666666666666,0.029595646941175755
E01033264,109,106.58333333333333,0.38135859214173873
E01033265,85,80.5,0.23407362213117675
E01033266,0,0.0,0.0
E01033267,0,0.0,0.08585052643481136
E01033268,31,33.666666666666664,0.022545856498066258
E01033269,68,69.08333333333333,0.2579340296341892
E01033270,19,21.166666666666668,0.09068697180315693
E01033271,12,18.583333333333332,0.0
E01033272,10,8.666666666666666,0.1451282776721262
E01033273,11,12.416666666666666,0.0
E01033274,21,23.75,0.21151663029391335
E01033275,8,3.3333333333333335,0.0
E01033276,22,13.666666666666666,0.0
E01033277,18,12.416666666666666,0.0
E01033278,0,0.0,0.0
E01033279,7,11.416666666666666,0.10078317566905291
E01033280,3,5.666666666666667,0.07345073904221726
E01033283,0,0.08333333333333333,0.08793209810666058
E01033285,0,0.0,0.0
E01033289,0,0.16666666666666666,0.0
E01033296,3,2.25,0.053857894091363295
E01033297,4,4.0,0.0
E01033308,0,0.0,0.05919773109537474
E01033311,0,0.0,0.04019202253213264
E01033313,0,0.0,0.0
E01033314,0,0.16666666666666666,0.08476655392345331
E01033317,0,0.08333333333333333,0.06642971652793692
E01033320,6,6.333333333333333,0.06398778509901155
E01033322,6,5.333333333333333,0.0
E01033324,3,4.75,0.0
E01033325,3,1.75,0.0
E01033327,44,35.25,0.02991900897368513
E01033328,0,0.08333333333333333,0.0
E01033329,1,0.16666666666666666,0.0920609186488956
E01033330,0,0.08333333333333333,0.041696482708242166
E01033338,0,0.0,0.019641639465075106
E01033341,10,5.833333333333333,0.0
E01033342,0,0.08333333333333333,0.12564977748077386
E01033347,0,0.0,0.0
E01033352,0,0.0,0.08848527984740312
E01033353,0,0.08333333333333333,0.14022860881176938
E01033356,0,0.08333333333333333,0.06835462756745225
E01033367,0,0.08333333333333333,0.14808444135557033
E01033384,0,0.08333333333333333,0.04554214389356545
E01033386,4,6.916666666666667,0.0
E01033387,0,0.5,0.0
E01033389,1,1.5,0.0
E01033390,1,2.0,0.0
E01033391,3,1.25,0.05791167302757207
E01033392,7,8.333333333333334,0.0
E01033393,0,0.0,0.09455496968782584
E01033394,1,3.5,0.0
E01033395,5,10.0,0.02120400406076746
E01033396,25,16.833333333333332,0.18552205260476307
E01033397,12,14.166666666666666,0.0
E01033398,3,3.0833333333333335,0.0747681548356354
E01033399,63,41.5,0.18948611928198578
E01033400,132,97.66666666666667,0.18211936106974647
E01033401,0,0.0,0.00029905098365867744
E01033402,11,13.583333333333334,0.0
E01033403,0,0.0,0.08157187302002675
E01033404,0,0.0,0.03674499570871123
E01033405,0,0.0,0.0
E01033406,0,0.0,0.08380897951431546
E01033407,7,14.0,0.0
E01033408,0,0.0,0.07608656417530771
E01033409,104,67.33333333333333,0.29287380417445646
E01033410,61,26.5,0.1857116774999719
E01033411,8,5.833333333333333,0.10097869391858244
E01033412,4,5.583333333333333,0.0
E01033413,6,3.5833333333333335,0.15429518522315033
E01033414,11,11.083333333333334,0.0
E01033415,0,0.16666666666666666,0.04204123733109059
E01033417,0,0.0,0.0
E01033420,0,0.08333333333333333,0.14436147839109928
E01033421,0,0.16666666666666666,0.061649394159761874
E01033424,0,0.0,0.0760132635739105
E01033431,0,0.0,0.0
E01033436,0,0.0,0.07902534426620153
E01033437,0,0.0,0.0824170287661804
E01033438,0,0.08333333333333333,0.0517586267088504
E01033440,0,0.08333333333333333,0.0
E01033446,0,0.08333333333333333,0.0
E01033455,12,10.0,0.0
E01033456,10,10.333333333333334,0.01960041116024522
E01033457,11,11.416666666666666,0.0
E01033459,0,0.0,0.0
E01033460,0,0.0,0.0
E01033463,5,6.75,0.0
E01033464,0,0.0,0.0
E01033471,0,0.0,0.12597040993107642
E01033476,0,0.0,0.009123206392621014
E01033480,0,0.0,0.0
E01033485,4,10.166666666666666,0.03817943745277171
E01033486,10,9.25,0.06366374536460641
E01033487,1,5.5,0.1415330188227802
E01033488,9,5.5,0.0
E01033489,13,12.916666666666666,0.0
E01033490,9,8.5,0.16587129852174198
E01033491,19,22.416666666666668,0.022369463243366583
E01033492,0,0.0,0.0
E01033493,0,0.9166666666666666,0.0
E01033494,2,2.8333333333333335,0.0
E01033495,2,2.75,0.15446163313220626
E01033496,3,1.4166666666666667,0.0
E01033498,0,0.08333333333333333,0.12728963588104922
E01033499,0,0.16666666666666666,0.1492195003282776
E01033500,0,0.3333333333333333,0.030859601543660062
E01033501,1,0.0,0.0
E01033517,0,0.0,0.0
E01033519,1,0.0,0.0
E01033520,0,0.16666666666666666,0.0
E01033523,0,0.25,0.03253361813507464
E01033528,0,0.0,0.0
E01033532,0,0.16666666666666666,0.13067667238180822
E01033533,0,0.16666666666666666,0.010875532224416208
E01033535,0,0.0,0.05811781843873265
E01033536,0,0.25,0.11962600819329332
E01033537,0,0.0,0.0
E01033541,0,0.0,0.0
E01033542,0,0.0,0.0
E01033543,107,129.91666666666666,0.2454864392518496
E01033545,70,80.75,0.2235529174560921
E01033547,11,15.333333333333334,0.0
E01033548,15,14.083333333333334,0.015282539088691018
E01033550,0,2.1666666666666665,0.15064397834293614
E01033551,1,4.333333333333333,0.0
E01033553,19,28.083333333333332,0.08867818690057033
E01033554,0,0.0,0.0
E01033556,6,6.916666666666667,0.0
E01033557,46,40.166666666666664,0.11757961878983703
E01033559,9,14.916666666666666,0.1745882990220803
E01033561,99,102.58333333333333,0.24657009940840616
E01033562,62,43.083333333333336,0.0
E01033564,5,5.583333333333333,0.0
E01033565,9,8.583333333333334,0.0
E01033567,9,13.083333333333334,0.0
E01033568,0,0.0,0.03542718694949712
E01033569,10,9.833333333333334,0.0
E01033570,9,12.0,0.022077594101139582
E01033571,2,5.666666666666667,0.04826147421556772
E01033572,0,0.0,0.0
E01033573,0,0.0,0.0
E01033574,0,0.0,0.1456558070708596
E01033575,0,0.0,0.0
E01033576,0,0.0,0.08357315607998009
E01033577,0,0.0,0.0
E01033578,0,0.0,0.0
E01033579,12,7.75,0.0
E01033580,14,9.0,0.0
E01033581,8,8.0,0.0
E01033582,3,2.0833333333333335,0.0
E01033583,0,0.0,0.11684699711985899
E01033584,5,5.416666666666667,0.07186057358989915
E01033585,0,0.0,0.0
E01033586,8,10.666666666666666,0.056378027810046985
E01033587,25,25.666666666666668,0.18752636844054715
E01033588,0,0.0,0.06001021228945663
E01033589,31,30.25,0.0
E01033590,2,3.9166666666666665,0.12100976262887704
E01033591,28,23.583333333333332,0.0046500944380091225
E01033592,11,6.333333333333333,0.003460312107492494
E01033593,6,10.666666666666666,0.03687435432996912
E01033594,20,32.333333333333336,0.19315379578386002
E01033595,0,0.0,0.12948224854429832
E01033596,0,0.0,0.12889586333716682
E01033597,2,2.9166666666666665,0.0
E01033598,10,13.75,0.16398999770557593
E01033599,7,4.416666666666667,0.0
E01033600,0,0.0,0.0
E01033601,9,5.333333333333333,0.0190121196299625
E01033602,10,7.166666666666667,0.01348326351692266
E01033603,17,12.916666666666666,0.06656830219434189
E01033604,17,25.416666666666668,0.06301055267644308
E01033605,10,7.25,0.1500450695079121
E01033607,0,0.0,0.0
E01033608,0,0.0,0.0
E01033610,0,0.25,0.1269018071084612
E01033611,0,0.0,0.0
E01033612,0,0.08333333333333333,0.03309505537162441
E01033613,0,0.08333333333333333,0.05474759441986468
E01033614,0,0.0,0.0016625170289218394
E01033615,104,92.16666666666667,0.30912009664762163
E01033616,20,16.916666666666668,0.0
E01033617,75,69.08333333333333,0.2938141651818815
E01033618,1,1.1666666666666667,0.0
E01033619,0,0.0,0.0
E01033620,302,337.5833333333333,0.7913797299275036
E01033621,0,0.0,0.01356332364522006
E01033622,20,13.75,0.08834719425763052
E01033623,17,20.083333333333332,0.18702741137231588
E01033624,5,6.0,0.08813109238186445
E01033625,8,19.583333333333332,0.06563094297888537
E01033626,2,4.25,0.14135235396035392
E01033627,23,27.25,0.06769752907159615
E01033628,0,0.0,0.018361695929660804
E01033629,23,23.5,0.0927896399521968
E01033630,6,8.416666666666666,0.0
E01033631,0,0.0,0.10154480716974726
E01033632,0,0.0,0.0
E01033633,0,0.0,0.01645265711148239
E01033634,0,0.0,0.06666997685615822
E01033635,0,0.0,0.12119285156297313
E01033636,0,0.0,0.11517551893028352
E01033637,0,0.0,0.0026220868290425803
E01033638,14,18.416666666666668,0.0930731801891023
E01033639,0,0.0,0.0
E01033640,23,21.666666666666668,0.049423616911236326
E01033641,0,0.0,0.12187973777191483
E01033642,5,10.0,0.15642825397951582
E01033643,7,11.5,0.14992383184514557
E01033644,0,0.0,0.0
E01033645,0,0.0,0.10502520639919086
E01033646,25,31.083333333333332,0.2191088017741238
E01033647,0,0.0,0.0
E01033648,12,14.083333333333334,0.04392457405716533
E01033649,10,6.666666666666667,0.10187328075841451
E01033650,15,11.833333333333334,0.050830290895460095
E01033653,0,0.08333333333333333,0.14827186531205624
E01033654,0,0.0,0.0
E01033655,0,0.08333333333333333,0.06440962216239474
E01033656,0,0.08333333333333333,0.0880041508591447
E01033658,2,0.3333333333333333,0.0
E01033662,0,0.0,0.10709514171341275
E01033665,0,0.0,0.013846377362158935
E01033669,0,0.08333333333333333,0.0
E01033671,0,0.08333333333333333,0.0
E01033674,0,0.16666666666666666,0.0
E01033677,0,0.08333333333333333,0.07040774522016668
E01033678,0,0.08333333333333333,0.12661273230421363
E01033679,0,0.08333333333333333,0.0
E01033681,0,0.08333333333333333,0.0
E01033685,0,0.08333333333333333,0.0
E01033686,0,0.08333333333333333,0.0574436770688721
E01033689,26,32.5,0.2265119610737419
E01033690,122,154.66666666666666,0.4632427990912183
E01033691,49,65.91666666666667,0.21452871994539252
E01033692,16,15.25,0.05755298958333498
E01033693,76,67.0,0.05889099755154438
E01033694,6,5.083333333333333,0.08268648473988335
E01033695,6,9.083333333333334,0.05533702228458297
E01033696,4,4.416666666666667,0.06046389706650279
E01033697,15,16.833333333333332,0.1654587055448788
E01033698,0,0.0,0.08518823611830537
E01033699,27,30.666666666666668,0.16774021411313034
E01033700,30,23.75,0.19279563871551667
E01033701,0,0.0,0.14698048543889988
E01033702,9,8.833333333333334,0.04842655240755128
E01033703,7,16.583333333333332,0.0
E01033704,17,20.416666666666668,0.04330712837708544
E01033705,7,6.416666666666667,0.10374462155246472
E01033706,27,23.583333333333332,0.0
E01033707,0,0.0,0.0
E01033708,77,62.583333333333336,0.04048074365111312
E01033709,13,9.083333333333334,0.09403288671827097
E01033710,4,3.4166666666666665,0.00964914937639096
E01033711,13,7.083333333333333,0.0
E01033712,8,17.25,0.0
E01033713,9,6.583333333333333,0.08758997027610105
E01033714,9,6.416666666666667,0.0
E01033715,2,19.166666666666668,0.0
E01033716,7,12.0,0.07835622769219364
E01033717,4,5.0,0.03131179578993936
E01033718,2,4.25,0.0
E01033719,0,0.08333333333333333,0.04267305004185787
E01033720,0,0.0,0.0
E01033724,0,0.0,0.08844907848129804
E01033725,0,0.0,0.0
E01033726,0,0.0,0.0
E01033727,26,27.833333333333332,0.16048596211026578
E01033728,1,2.5,0.06917187321482336
E01033729,6,5.333333333333333,0.0
E01033730,0,0.0,0.0
E01033731,0,0.0,0.10151972654600763
E01033732,3,6.083333333333333,0.09953658707225202
E01033733,0,0.0,0.0
E01033734,1,2.9166666666666665,0.05539753047036067
E01033735,33,30.0,0.0
E01033736,1,8.5,0.025248795332811033
E01033737,39,44.333333333333336,0.0
E01033738,16,10.75,0.0
E01033739,6,3.25,0.0
E01033740,9,7.333333333333333,0.01250332846303209
E01033741,20,16.666666666666668,0.02186625409215772
E01033742,0,2.6666666666666665,0.0
E01033743,10,11.25,0.0
E01033744,2,6.75,0.0
E01033745,4,5.75,0.09259496194249481
E01033746,2,2.5833333333333335,0.0
E01033747,5,9.833333333333334,0.09131502420428496
E01033748,3,5.416666666666667,0.0
E01033749,0,0.0,0.0
E01033750,11,9.916666666666666,0.04615788107037204
E01033751,15,20.083333333333332,0.18986550188585344
E01033752,0,0.0,0.0
E01033753,0,0.0,0.0
E01033754,0,0.0,0.032387155143013546
E01033755,0,0.0,0.1347291266785279
E01033756,130,97.0,0.41092238317761887
E01033757,12,4.5,0.007496949427398678
E01033758,22,23.75,0.05506499437724194
E01033759,0,0.0,0.04348913122355885
E01033760,297,222.08333333333334,0.6211358796450474
E01033761,86,70.16666666666667,0.23119942703701385
E01033762,51,29.5,0.1924901429256005
E01033763,10,11.666666666666666,0.10564508287168539
E01033764,0,0.0,0.0
E01033765,9,7.916666666666667,0.010106173717288357
E01033766,0,0.0,0.04188052455393482
E01033767,3,2.1666666666666665,0.0
E01033768,12,7.333333333333333,0.00729297979565929
E01033769,4,7.166666666666667,0.0
E01033770,7,8.833333333333334,0.0
E01033771,3,3.0,0.004719208805258003
E01033772,2,2.75,0.10428072812109847
E01033773,8,2.9166666666666665,0.0
E01033774,3,4.833333333333333,0.019947940349868645
E01033775,5,2.25,0.0
E01033776,4,2.5,0.0
E01033777,4,2.5,0.14429380892683358
E01033778,1,2.4166666666666665,0.11297961628035247
E01033779,3,6.0,0.0
E01033780,13,6.666666666666667,0.08408088275500114
E01033781,18,12.916666666666666,0.0
E01033782,5,4.666666666666667,0.16115623492869882
E01033783,2,4.583333333333333,0.0
E01033784,12,12.333333333333334,0.0
E01033785,8,11.333333333333334,0.05121316131629837
E01033786,5,8.166666666666666,0.12276511142074303
E01033787,3,4.333333333333333,0.0
E01033788,6,5.583333333333333,0.07801702052795632
E01033789,7,6.083333333333333,0.0
E01033790,6,5.833333333333333,0.14155703894585045
E01033791,23,16.166666666666668,0.0
E01033792,5,7.333333333333333,0.1442285873192161
E01033793,0,4.25,0.008809423645064644
E01033794,6,6.333333333333333,0.0016648026525659249
E01033795,2,2.75,0.14947681425610074
E01033796,4,4.833333333333333,0.16027016371998964
E01033797,34,30.833333333333332,0.12897269385543897
E01033798,29,51.833333333333336,0.02921086126997463
E01033799,4,3.1666666666666665,0.010469760103455746
E01033800,18,10.666666666666666,0.03778045670992396
E01033801,0,0.08333333333333333,0.0045607372407743575
E01033802,0,0.0,0.02084755155600293
E01033803,0,0.16666666666666666,0.0
E01033804,0,0.25,0.06404861084169507
E01033805,0,0.3333333333333333,0.06462552578662219
E01033806,0,0.16666666666666666,0.0
E01033807,0,0.0,0.02107183273374022
E01033813,0,0.08333333333333333,0.020735163530913817
E01033814,0,0.0,0.054735126057120054
E01033816,0,0.08333333333333333,0.0
E01033819,0,0.0,0.03795099217982892
E01033824,0,0.0,0.0
E01033826,0,0.08333333333333333,0.002327705949033035
E01033828,0,0.0,0.08199706581122301
E01033834,0,0.0,0.061693780908903983
E01033837,0,0.08333333333333333,0.0
E01033838,0,0.08333333333333333,0.027582244935003417
E01033839,0,0.08333333333333333,0.140961768082403
E01033845,0,0.08333333333333333,0.0
E01033846,0,0.16666666666666666,0.10632574391798735
E01033851,0,0.08333333333333333,0.060991232966314535
E01033853,0,0.08333333333333333,0.08242780267310934
E01033855,0,0.08333333333333333,0.0
E01033862,16,16.5,0.0
E01033863,7,7.75,0.14289905514982104
E01033864,0,2.6666666666666665,0.0
E01033865,13,16.666666666666668,0.0
E01033866,6,12.833333333333334,0.06510756630177787
E01033867,10,12.5,0.0
E01033868,14,21.0,0.1461346900680971
E01033869,17,8.666666666666666,0.06611204796918771
E01033870,4,4.5,0.12466562677616058
E01033871,7,7.333333333333333,0.10541034935075791
E01033872,4,6.25,0.0
E01033873,19,21.833333333333332,0.023745108577865798
E01033874,14,14.25,0.12115237980540361
E01033875,12,10.333333333333334,0.0033267332023971564
E01033876,24,18.166666666666668,0.19115396387354894
E01033877,19,7.083333333333333,0.09000088298345775
E01033878,2,4.166666666666667,0.0
E01033879,2,11.583333333333334,0.14552213069347206
E01033880,19,15.25,0.0
E01033881,10,20.25,0.0
E01033882,2,4.916666666666667,0.08372943939402065
E01033883,11,12.333333333333334,0.1430582702559982
E01033884,10,21.25,0.0687411324161358
E01033885,6,5.916666666666667,0.0
E01033886,7,10.583333333333334,0.0
E01033887,11,7.416666666666667,0.0
E01033888,7,8.25,0.0
E01033889,8,11.333333333333334,0.0
E01033890,40,38.25,0.1367653676720541
E01033891,7,7.5,0.14053438758585038
E01033892,6,11.166666666666666,0.0
E01033893,10,7.0,0.0
E01033894,18,14.166666666666666,0.14013079594227346
E01033895,12,6.5,0.09022608568106386
E01033896,34,41.0,0.24084103915724508
E01033897,8,12.083333333333334,0.0
E01033898,9,7.583333333333333,0.0
E01033899,3,8.583333333333334,0.03579012471018805
E01033900,4,3.4166666666666665,0.043629257257967916
E01033901,5,4.833333333333333,0.007206942968400784
E01033902,0,0.08333333333333333,0.029916799697344097
E01033904,0,0.0,0.0
E01033907,0,0.0,0.0
E01033909,0,0.0,0.047427768281900345
E01033910,0,0.0,0.0
E01033911,5,5.666666666666667,0.06925719915731775
E01033912,6,3.4166666666666665,0.0
E01033913,13,14.166666666666666,0.0
E01033914,8,5.083333333333333,0.0
E01033915,7,3.25,0.0
E01033916,10,15.583333333333334,0.0
E01033917,13,8.416666666666666,0.07346523035216028
E01033918,14,16.0,0.1470789819289164
E01033919,7,4.25,0.0
E01033920,4,3.5833333333333335,0.0
E01033921,1,2.1666666666666665,0.1519297080203849
E01033922,2,4.833333333333333,0.0
E01033923,2,3.3333333333333335,0.0
E01033924,4,8.666666666666666,0.0
E01033925,7,8.583333333333334,0.09492841860875606
E01033926,15,18.166666666666668,0.0
E01033927,26,32.083333333333336,0.10973234924570345
E01033928,7,4.0,0.0
E01033929,24,21.083333333333332,0.0
E01033930,9,5.333333333333333,0.0
E01033931,31,19.75,0.12121483735722294
E01033932,10,8.083333333333334,0.05560162281703407
E01033933,5,7.166666666666667,0.0
E01033934,8,7.166666666666667,0.0
E01033935,34,19.333333333333332,0.09483964943432935
E01033936,41,36.416666666666664,0.193140069975553
E01033937,7,5.166666666666667,0.0
E01033938,25,23.583333333333332,0.09278011600438457
E01033939,14,22.75,0.0
E01033940,31,18.75,0.0
E01033941,11,7.75,0.0
E01033942,47,55.583333333333336,0.23176425406088194
E01033943,8,12.166666666666666,0.0034170307583813037
E01033944,23,22.333333333333332,0.15562243054481395
E01033945,3,2.9166666666666665,0.07045020681316855
E01033946,4,2.75,0.10610797012453081
E01033951,0,0.0,0.0
E01033954,0,0.0,0.0
E01033955,0,0.08333333333333333,0.1417985135956826
E01033957,0,0.16666666666666666,0.06565195371262375
E01033961,0,0.0,0.1002126803780011
E01033963,0,0.0,0.0
E01033967,1,0.0,0.0
E01033969,0,0.08333333333333333,0.07307181597338094
E01033970,0,0.0,0.0
E01033971,0,0.08333333333333333,0.02042878767086215
E01033972,0,0.0,0.0
E01033973,0,0.08333333333333333,0.0
E01033974,0,0.08333333333333333,0.0
E01033975,0,0.08333333333333333,0.0
E01033976,0,0.0,0.0
E01033982,0,0.08333333333333333,0.03968788172297957
E01033985,0,0.08333333333333333,0.0
E01033988,0,0.0,0.0
E01033992,0,0.0,0.11947157946004419
E01033993,0,0.08333333333333333,0.0
E01033996,0,0.08333333333333333,0.0
E01033998,1,0.08333333333333333,0.06738812029459662
E01033999,0,0.08333333333333333,0.12311094786505508
E01034002,9,6.166666666666667,0.0
E01034003,12,8.75,0.008286577985670892
E01034004,1,2.5,0.0400386708288276
E01034005,5,2.9166666666666665,0.0
E01034006,12,10.75,0.11098065186037918
E01034007,1,2.5833333333333335,0.14847419388670705
E01034008,1,3.3333333333333335,0.14210056188234288
E01034009,5,6.25,0.0
E01034010,9,10.666666666666666,0.0
E01034011,14,16.833333333333332,0.1830625369430186
E01034012,38,24.666666666666668,0.05472395108314808
E01034013,3,5.666666666666667,0.0
E01034014,24,25.333333333333332,0.13104896434428534
E01034015,6,9.5,0.0
E01034016,6,9.166666666666666,0.0
E01034017,3,4.166666666666667,0.1251151529324078
E01034018,7,4.75,0.0
E01034019,25,27.333333333333332,0.0
E01034020,58,58.583333333333336,0.09020251857906346
E01034021,12,13.583333333333334,0.069053458281037
E01034022,246,231.83333333333334,0.5179084381257668
E01034023,34,26.333333333333332,0.06314998254037539
E01034024,6,14.666666666666666,0.07811948195953061
E01034025,7,2.9166666666666665,0.11255940578430282
E01034026,14,10.833333333333334,0.0
E01034027,12,14.666666666666666,0.13512224584677152
E01034028,1,1.0833333333333333,0.0
E01034029,10,11.666666666666666,0.08478319439729476
E01034030,77,85.83333333333333,0.21281513563162696
E01034031,2,2.25,0.0
E01034032,10,9.25,0.08945481566669523
E01034033,10,17.083333333333332,0.0
E01034034,6,3.8333333333333335,0.0
E01034035,0,2.3333333333333335,0.0
E01034036,10,16.166666666666668,0.08998798066304578
E01034037,2,3.8333333333333335,0.0
E01034038,14,22.333333333333332,0.0
E01034039,13,7.916666666666667,0.0
E01034040,10,14.0,0.029596807561000166
E01034041,2,4.0,0.0
E01034042,16,16.083333333333332,0.0
E01034043,4,6.25,0.0
E01034044,7,4.416666666666667,0.0
E01034045,0,0.3333333333333333,0.08736876852221516
E01034046,10,11.0,0.0945234010221041
E01034048,0,0.0,0.10823846695805109
E01034056,0,0.0,0.0
E01034058,0,0.0,0.13992579504137956
E01034061,0,0.0,0.0
E01034066,0,0.0,0.1471193388275894
E01034067,0,0.0,0.0
E01034082,0,0.25,0.0
E01034083,0,0.0,0.0
E01034084,0,0.0,0.0
E01034089,0,0.08333333333333333,0.1029114384246462
E01034090,1,0.08333333333333333,0.07415249072138308
E01034092,0,0.25,0.14832585696955877
E01034096,0,0.08333333333333333,0.03428121361543521
E01034102,0,0.0,0.0
E01034104,0,0.5833333333333334,0.0
E01034107,0,0.08333333333333333,0.14919523465433845
E01034110,0,0.0,0.015459195879684862
E01034112,0,0.16666666666666666,0.060596858507405434
E01034113,1,0.0,0.0
E01034115,0,0.0,0.01431471245377075
E01034119,0,0.0,0.13277331956786617
E01034122,0,0.08333333333333333,0.0
E01034123,0,0.0,0.0
E01034124,0,0.0,0.0
E01034125,0,0.0,0.0876647711414324
E01034130,0,0.08333333333333333,0.0
E01034131,1,0.0,0.0
E01034133,0,0.08333333333333333,0.0
E01034135,0,0.0,0.00425645427630339
E01034139,13,11.333333333333334,0.0027284369925527595
E01034140,5,6.583333333333333,0.0
E01034141,4,4.916666666666667,0.15062918657199081
E01034142,4,7.833333333333333,0.15718088332448116
E01034143,15,19.666666666666668,0.0
E01034144,5,6.166666666666667,0.08624153579400153
E01034145,44,37.083333333333336,0.12450253949571106
E01034146,18,19.583333333333332,0.0
E01034147,1,3.0833333333333335,0.0
E01034148,31,32.25,0.08512095796335513
E01034149,35,33.166666666666664,0.06604098492142395
E01034150,38,33.75,0.029226362542865328
E01034151,7,5.416666666666667,0.10699605090333873
E01034152,61,42.333333333333336,0.10965774578339056
E01034153,9,6.666666666666667,0.06459912273125412
E01034154,6,6.083333333333333,0.0
E01034155,26,24.583333333333332,0.07696089480847287
E01034156,35,39.166666666666664,0.05199295091926655
E01034159,0,0.08333333333333333,0.008150891918644907
E01034171,0,0.0,0.08424775002327844
E01034173,4,10.333333333333334,0.10879825424987793
E01034174,4,7.5,0.0
E01034175,15,14.583333333333334,0.09797467515564498
E01034176,9,7.0,0.15143892433352463
E01034177,9,5.666666666666667,0.053123797389810316
E01034178,6,4.5,0.0
E01034179,17,29.916666666666668,0.13533694804886803
E01034180,5,5.0,0.0
E01034181,1,1.75,0.11639610744171851
E01034182,9,9.416666666666666,0.03062754316108559
E01034183,5,6.166666666666667,0.0
E01034184,5,4.0,0.0
E01034185,8,14.083333333333334,0.0025658076082974504
E01034186,4,9.083333333333334,0.14568415959451456
E01034187,24,22.583333333333332,0.0
E01034188,68,61.5,0.15977934186844936
E01034189,18,14.333333333333334,0.16835854096439556
E01034190,6,5.833333333333333,0.0
E01034191,1,1.1666666666666667,0.0
E01034192,9,12.666666666666666,0.05804295418731592
E01034193,2,2.4166666666666665,0.0
E01034195,4,4.666666666666667,0.0
E01034196,3,3.9166666666666665,0.0
E01034198,24,18.583333333333332,0.08352185983407318
E01034199,5,7.833333333333333,0.14756200331939967
E01034200,41,34.0,0.0
E01034201,9,5.833333333333333,0.0
E01034202,1,3.8333333333333335,0.0
E01034203,13,10.333333333333334,0.12074695992883533
E01034204,3,3.9166666666666665,0.0
E01034205,32,34.25,0.2078347381582053
E01034206,11,13.5,0.0
E01034207,12,7.666666666666667,0.15315339599437358
E01034208,15,12.833333333333334,0.05315267859007232
E01034209,30,42.416666666666664,0.1630789828386679
E01034210,8,5.333333333333333,0.0
E01034211,9,12.083333333333334,0.11748556167962791
E01034212,8,16.666666666666668,0.0
E01034213,11,8.416666666666666,0.0
E01034215,6,6.833333333333333,0.0
E01034216,5,4.333333333333333,0.11790277180374711
E01034217,16,13.666666666666666,0.1136746942210657
E01034218,13,11.916666666666666,0.03758044957263432
E01034219,4,4.833333333333333,0.034796234560129966
E01034220,193,169.66666666666666,0.3507505650590528
E01034221,9,9.916666666666666,0.12919469980686682
E01034222,7,13.166666666666666,0.12192369531792771
E01034223,2,2.8333333333333335,0.054652617372252014
E01034224,11,7.5,0.010270102915011767
E01034225,19,17.083333333333332,0.18583358452105037
E01034226,1,2.1666666666666665,0.11960662036765896
E01034227,2,1.9166666666666667,0.04854575045855884
E01034228,1,3.5833333333333335,0.0
E01034229,13,6.0,0.051736917217517886
E01034230,11,7.0,0.041684217174441165
E01034231,4,2.5,0.0
E01034232,0,0.08333333333333333,0.0
E01034233,0,0.08333333333333333,0.0
E01034234,0,0.0,0.022173421810019356
E01034236,5,7.333333333333333,0.0
E01034237,14,11.916666666666666,0.0
E01034238,170,138.91666666666666,0.4563792652307148
E01034239,18,12.083333333333334,0.042327524813533704
E01034240,22,24.166666666666668,0.0
E01034241,2,3.0,0.0
E01034242,15,16.75,0.16106260600006894
E01034243,22,16.25,0.12079867539536773
E01034244,6,5.833333333333333,0.0
E01034245,4,2.75,0.13893963601934048
E01034246,6,7.75,0.0
E01034247,12,11.75,0.1703504519932407
E01034248,5,5.833333333333333,0.0
E01034249,7,3.5,0.0
E01034250,5,4.083333333333333,0.0
E01034251,5,2.6666666666666665,0.0
E01034252,4,6.166666666666667,0.028510552775465225
E01034253,5,6.833333333333333,0.10763017978583228
E01034254,0,0.08333333333333333,0.10295604944531558
E01034256,0,0.25,0.0
E01034257,0,0.08333333333333333,0.0
E01034258,5,7.583333333333333,0.0
E01034259,16,11.25,0.0
E01034260,10,13.333333333333334,0.07865390509953893
E01034261,41,30.75,0.0
E01034262,9,10.5,0.0987269446492991
E01034263,25,31.333333333333332,0.09700715237489833
E01034264,74,76.0,0.11642451923330471
E01034265,42,37.833333333333336,0.11482807833617185
E01034266,5,6.416666666666667,0.0
E01034267,5,9.5,0.007477365473808558
E01034268,9,14.333333333333334,0.12887920850387757
E01034269,4,3.75,0.0
E01034270,5,3.5833333333333335,0.0
E01034274,0,0.16666666666666666,0.06760222214724643
E01034277,0,0.0,0.0
E01034278,0,0.08333333333333333,0.07179177111121426
E01034285,0,0.08333333333333333,0.0
E01034286,0,0.08333333333333333,0.0
E01034287,0,0.0,0.10543051135724243
E01034289,0,0.4166666666666667,0.06371510130310785
E01034290,0,0.3333333333333333,0.0
E01034291,0,0.4166666666666667,0.0
E01034293,1,0.0,0.11127619825496957
E01034294,0,0.0,0.0
E01034297,0,0.0,0.013576033878591104
E01034306,15,14.0,0.10645157918266626
E01034307,8,7.0,0.05560876486061429
E01034308,24,18.25,0.12783078787106783
E01034309,20,21.583333333333332,0.12645103392141852
E01034310,7,3.8333333333333335,0.06804241335428055
E01034311,9,11.416666666666666,0.12753476390255386
E01034312,70,57.166666666666664,0.19929803745933417
E01034313,87,86.5,0.20615308286543663
E01034314,10,7.916666666666667,0.013119568991613727
E01034315,2,5.25,0.07930638921586633
E01034323,0,0.08333333333333333,0.11311861770021961
E01034328,0,0.0,0.0
E01034329,1,0.0,0.0
E01034330,0,0.08333333333333333,0.12944862770890522
E01034336,1,0.0,0.023553537722833612
E01034346,0,0.08333333333333333,0.0
E01034347,0,0.08333333333333333,0.049335350473896256
E01034355,0,0.16666666666666666,0.14768226426217676
E01034356,0,0.25,0.09771649574166437
E01034357,2,0.08333333333333333,0.07394914976560227
E01034358,0,0.25,0.0
E01034359,0,0.0,0.11284193540520218
E01034360,0,0.08333333333333333,0.007963461860845376
E01034361,0,0.3333333333333333,0.11769424182231246
E01034362,0,0.0,0.0
E01034363,0,0.08333333333333333,0.0
E01034366,0,0.08333333333333333,0.0
E01034367,0,0.08333333333333333,0.0
E01034370,0,0.5833333333333334,0.06615644853415958
E01034371,0,0.25,0.13781239225735406
E01034372,0,0.08333333333333333,0.05751905414565062
E01034383,16,9.333333333333334,0.14148276453308312
E01034384,18,6.0,0.0022374376934261066
E01034385,31,32.583333333333336,0.1701744620295363
E01034386,13,29.583333333333332,0.18343015506592472
E01034387,14,16.666666666666668,0.10862444831135212
E01034388,6,2.1666666666666665,0.00823021462558701
E01034389,6,5.666666666666667,0.053182831296948806
E01034390,5,5.916666666666667,0.07625552351654682
E01034391,7,6.666666666666667,0.0
E01034392,6,6.75,0.11124529108919262
E01034393,7,7.833333333333333,0.156417388907238
E01034394,53,31.25,0.07462509462202345
E01034395,20,18.0,0.10931085577215578
E01034396,8,8.833333333333334,0.09514950455633958
E01034397,5,6.25,0.06568492427005261
E01034398,7,4.0,0.025021354907300106
E01034399,12,10.833333333333334,0.14397953039603129
E01034400,40,34.25,0.07789642965524306
E01034401,16,16.916666666666668,0.0
E01034402,6,4.416666666666667,0.11538777912326478
E01034403,25,12.083333333333334,0.08508165772127503
E01034404,2,2.5,0.11158185195533739
E01034405,23,21.0,0.0
E01034406,21,26.0,0.0
E01034407,5,5.416666666666667,0.14505493412654447
E01034408,48,30.833333333333332,0.0
E01034409,15,31.416666666666668,0.1784026172895411
E01034410,22,40.0,0.2058312067412853
E01034411,17,21.583333333333332,0.12135503941169568
E01034412,1,0.0,0.0
E01034414,0,0.08333333333333333,0.050446396168423724
E01034416,0,0.0,0.11672597499805967
E01034418,0,0.08333333333333333,0.0
E01034419,1,0.0,0.0
E01034422,0,0.0,0.0
E01034424,0,0.08333333333333333,0.0
E01034426,0,0.08333333333333333,0.11783447950917345
E01034427,0,0.0,0.1107548591941531
E01034434,0,0.08333333333333333,0.14959960533726732
E01034438,0,0.16666666666666666,0.02600856004988692
E01034446,0,0.08333333333333333,0.07558429973559716
E01034450,0,0.0,0.0
E01034451,1,0.16666666666666666,0.05071226306761376
E01034459,0,0.0,0.044919854627217204
E01034460,1,0.0,0.12036262075248375
E01034461,0,0.0,0.09923781685172223
E01034468,0,0.16666666666666666,0.1319935563856918
E01034469,6,10.916666666666666,0.1403619946342518
E01034470,4,4.166666666666667,0.12194860847872792
E01034471,15,9.583333333333334,0.0
E01034472,7,3.5,0.11331455541640756
E01034473,39,47.75,0.1622049608549046
E01034474,30,35.583333333333336,0.06098069320726625
E01034475,17,11.0,0.0
E01034476,13,9.166666666666666,0.07825110045037319
E01034477,2,5.083333333333333,0.0
E01034478,7,11.083333333333334,0.020498449919942877
E01034479,4,6.416666666666667,0.07198280873051172
E01034480,2,3.0,0.13169748091377495
E01034481,7,8.666666666666666,0.12121918990037003
E01034482,8,7.833333333333333,0.006499165948135977
E01034483,11,10.833333333333334,0.0
E01034484,5,8.0,0.0
E01034485,1,3.0833333333333335,0.0
E01034486,16,21.166666666666668,0.0
E01034487,8,3.75,0.15153804851759145
E01034488,10,7.583333333333333,0.042814834004385356
E01034490,1,0.0,0.0
E01034493,0,0.16666666666666666,0.0
E01034499,0,0.0,0.014111743086196782
E01034501,0,0.08333333333333333,0.010092499792442342
E01034506,0,0.08333333333333333,0.0
E01034512,4,4.416666666666667,0.14727317667835008
E01034513,4,3.75,0.0
E01034514,35,38.583333333333336,0.0
E01034515,4,2.3333333333333335,0.0
E01034516,12,7.666666666666667,0.04492488059108622
E01034517,3,11.25,0.0
E01034518,1,1.25,0.0
E01034519,3,2.9166666666666665,0.0
E01034523,0,0.08333333333333333,0.037055166502238
E01034527,0,0.08333333333333333,0.0
E01034540,0,0.0,0.0
E01034542,0,0.08333333333333333,0.0
E01034543,0,0.08333333333333333,0.0
E01034546,0,0.0,0.0018221695400130467
E01034551,0,0.08333333333333333,0.0
E01034555,0,0.08333333333333333,0.0
E01034574,0,0.4166666666666667,0.007084654147447677
E01034576,3,2.8333333333333335,0.0
E01034577,3,4.0,0.0
E01034578,5,3.5,0.0
E01034579,8,16.666666666666668,0.16990398189150785
E01034580,8,9.5,0.09311393721693145
E01034581,18,15.75,0.13755163783840174
E01034582,108,110.66666666666667,0.41277628326855254
E01034583,20,20.333333333333332,0.19712966966319873
E01034584,6,10.0,0.10619102807602555
E01034585,8,7.75,0.05361559499871847
E01034586,3,5.333333333333333,0.0
E01034587,4,3.9166666666666665,0.0
E01034588,12,6.833333333333333,0.07459628380986694
E01034589,7,6.916666666666667,0.16731012625164265
E01034590,2,2.1666666666666665,0.0
E01034591,5,5.0,0.08071233843872913
E01034592,7,8.25,0.02098180621591009
E01034593,0,4.333333333333333,0.0
E01034594,5,5.5,0.0
E01034595,0,1.5,0.005469963282775326
E01034596,1,3.0,0.0
E01034597,15,7.5,0.09504478856287257
E01034598,10,8.75,0.13609653199650693
E01034599,9,5.833333333333333,0.13074220800625655
E01034600,8,7.916666666666667,0.0
E01034601,7,4.75,0.13170084322978973
E01034602,21,24.0,0.017786304008788265
E01034603,1,3.0833333333333335,0.0
E01034604,4,7.75,0.08912003563634534
E01034605,3,4.833333333333333,0.0
E01034606,7,5.583333333333333,0.0
E01034607,22,13.583333333333334,0.0
E01034608,36,30.166666666666668,0.1485444657731885
E01034609,18,18.75,0.0
E01034610,4,5.416666666666667,0.05361028881033801
E01034611,1,3.1666666666666665,0.05665456768583411
E01034612,13,25.916666666666668,0.1406583403743369
E01034613,14,10.75,0.1483974751166876
E01034614,2,3.9166666666666665,0.0
E01034615,10,10.0,0.0
E01034616,12,18.583333333333332,0.0
E01034617,7,16.833333333333332,0.02546555418884807
E01034618,0,0.16666666666666666,0.06462105839879681
E01034619,0,0.0,0.0
E01034627,0,0.0,0.0
E01034629,0,0.08333333333333333,0.08417958310597648
E01034634,0,0.08333333333333333,0.05148411979939005
E01034635,0,0.08333333333333333,0.06974880087586299
E01034639,0,0.0,0.09354323083175842
E01034644,0,0.0,0.08497071566338868
E01034646,0,0.08333333333333333,0.054881758646014855
E01034647,0,0.0,0.0
E01034648,0,0.25,0.14575992506399052
E01034650,0,0.08333333333333333,0.020948767477203565
E01034651,0,0.08333333333333333,0.0
E01034656,0,0.0,0.0
E01034657,0,0.0,0.058068736791140996
E01034681,0,0.0,0.12742186955983906
E01034682,0,0.0,0.0
E01034683,0,0.0,0.0
E01034685,0,0.08333333333333333,0.11468612321278329
E01034688,0,0.0,0.12458339367385032
E01034691,0,0.16666666666666666,0.0
E01034695,1,0.0,0.0
E01034697,0,0.08333333333333333,0.04828320804953895
E01034701,0,0.0,0.0
E01034704,0,0.0,0.11314761248101587
E01034705,0,0.08333333333333333,0.0
E01034707,0,0.08333333333333333,0.0
E01034709,0,0.0,0.0
E01034713,0,0.0,0.0
E01034716,0,0.0,0.0
E01034718,0,0.08333333333333333,0.0
E01034720,0,0.16666666666666666,0.07713593165090235
E01034729,0,0.08333333333333333,0.0
E01034733,0,0.0,0.1241766597198912
E01034735,18,9.583333333333334,0.0
E01034736,14,8.666666666666666,0.07476985813527412
E01034737,15,5.833333333333333,0.0
E01034738,6,7.75,0.0
E01034739,5,6.25,0.039423420873881135
E01034740,15,8.5,0.041327375162303434
E01034741,63,51.083333333333336,0.2196525629148514
E01034742,12,7.916666666666667,0.09889082772551727
E01034743,104,116.75,0.36896545845330564
E01034744,76,72.16666666666667,0.18115559072518042
E01034745,5,4.333333333333333,0.12898617349362038
E01034746,6,9.75,0.06331017668761893
E01034747,18,16.5,0.19196768957463364
E01034748,14,9.083333333333334,0.1205331046000853
E01034749,18,27.5,0.0
E01034750,16,8.416666666666666,0.0
E01034752,13,5.833333333333333,0.0374393309539868
E01034753,1,1.6666666666666667,0.07097703736507509
E01034754,0,1.9166666666666667,0.020317551732755724
E01034755,2,2.75,0.09332381714464229
E01034756,1,1.4166666666666667,0.0
E01034757,0,1.75,0.0
E01034758,5,3.1666666666666665,0.0
E01034759,2,4.666666666666667,0.03469541618161766
E01034760,2,3.0833333333333335,0.06497178180936211
E01034762,0,0.08333333333333333,0.0
E01034765,0,0.08333333333333333,0.03430206425694443
E01034768,0,0.08333333333333333,0.0
E01034777,0,0.0,0.0
E01034782,0,0.0,0.06052643167754951
E01034783,0,0.08333333333333333,0.0
E01034785,0,0.0,0.05140020933090167
E01034787,1,0.0,0.09951633608397542
E01034788,0,0.0,0.10578673124283508
E01034792,1,0.0,0.0
E01034795,0,0.08333333333333333,0.0
E01034797,1,0.0,0.07017801708974594
E01034799,0,0.0,0.0821941788800731
E01034801,0,0.0,0.08540279421866326
E01034803,0,0.08333333333333333,0.0
E01034805,0,0.0,0.0
E01034808,0,0.0,0.027003740482108768
E01034831,0,0.0,0.07232573932146591
E01034832,5,4.666666666666667,0.0
E01034833,6,6.916666666666667,0.0
E01034834,30,29.166666666666668,0.1444069949365297
E01034835,32,11.75,0.0
E01034836,11,11.916666666666666,0.0
E01034837,8,8.833333333333334,0.0
E01034838,11,15.416666666666666,0.0
E01034839,37,25.583333333333332,0.09743372142982788
E01034840,2,2.75,0.0
E01034841,7,3.5833333333333335,0.0
E01034842,31,29.583333333333332,0.0
E01034843,6,8.25,0.0
E01034844,20,21.833333333333332,0.10733525029166667
E01034845,3,8.0,0.0
E01034846,8,9.0,0.04269240646980083
E01034851,0,0.0,0.0
E01034854,0,0.0,0.0
E01034855,0,0.08333333333333333,0.0
E01034913,6,7.75,0.0
E01034914,7,10.0,0.07861600123775071
E01034915,19,17.25,0.035970485853369885
E01034916,13,10.833333333333334,0.1288011762927896
E01034917,4,7.333333333333333,0.0
E01034918,15,11.416666666666666,0.0
E01034919,12,8.75,0.0
E01034920,11,6.75,0.09813130889633964
E01034921,19,23.833333333333332,0.006594963798603484
E01034922,10,10.166666666666666,0.00019628587174431306
E01034923,9,10.0,0.0
E01034924,6,7.0,0.0
E01034925,23,11.166666666666666,0.1622224660931701
E01034926,11,12.833333333333334,0.04949025284929949
E01034927,6,11.916666666666666,0.11878361488159594
E01034928,3,5.166666666666667,0.06156927326683853
E01034929,12,7.083333333333333,0.02355503173401551
E01034930,34,25.666666666666668,0.0
E01034931,6,9.166666666666666,0.06776903160105048
E01034932,9,8.916666666666666,0.0
E01034933,8,8.333333333333334,0.0
E01034934,7,11.583333333333334,0.07026036626935026
E01034935,20,27.0,0.15815475140042584
E01034936,10,6.416666666666667,0.0729778303265573
E01034937,14,9.916666666666666,0.07845030593798084
E01034938,2,4.666666666666667,0.0
E01034939,2,6.583333333333333,0.0
E01034940,15,37.583333333333336,0.0
E01034941,5,4.166666666666667,0.07718350796201172
E01034942,8,7.25,0.15550816001101161
E01034943,11,16.333333333333332,0.0
E01034944,40,34.75,0.0
E01034945,5,5.916666666666667,0.008774447838978822
E01034946,21,17.5,0.15463931497637454
E01034947,42,37.25,0.11697579226264072
E01034948,22,26.833333333333332,0.0
E01034949,19,10.833333333333334,0.17176681618197193
E01034950,10,3.8333333333333335,0.10902817779712676
E01034951,15,13.5,0.0
E01034952,17,8.75,0.1503542509701046
E01034953,6,6.0,0.0015367201946207588
E01034954,5,7.333333333333333,0.0
E01034955,14,8.833333333333334,0.012357731977389846
E01034956,0,0.0,0.10037158706128416
E01034969,0,0.08333333333333333,0.048070712286217177
E01034972,0,0.0,0.0
E01034973,0,0.08333333333333333,0.1375081201350327
E01034977,0,0.08333333333333333,0.0
E01034979,0,0.0,0.07367038552060531
E01034983,0,0.08333333333333333,0.04106776792862074
E01034984,0,0.0,0.0
E01034986,0,0.0,0.0
E01034989,0,0.0,0.11109827811140763
E01034991,0,0.25,0.0
E01034992,0,0.16666666666666666,0.04682657185260445
E01034994,0,0.16666666666666666,0.001674918757364869
E01034995,0,0.08333333333333333,0.0684328639229693
E01034998,0,0.0,0.0
E01035001,1,0.0,0.0
E01035003,0,0.25,0.0
E01035004,0,0.0,0.10772330833510277
E01035007,0,0.08333333333333333,0.0
E01035008,0,0.08333333333333333,0.0
E01035009,0,0.0,0.13038161642317594
E01035012,0,0.08333333333333333,0.08920694574969454
E01035013,0,0.08333333333333333,0.0
E01035016,1,0.0,0.14968288859415532
E01035018,0,0.16666666666666666,0.058931626532393595
E01035019,0,0.08333333333333333,0.0
E01035022,0,0.08333333333333333,0.0
E01035026,0,0.3333333333333333,0.05864087957318988
E01035028,0,0.16666666666666666,0.08438193418409948
E01035029,0,0.0,0.0
E01035038,0,0.08333333333333333,0.0
E01035040,8,9.833333333333334,0.0
E01035041,11,3.5833333333333335,0.039158287858793245
E01035042,25,12.25,0.0
E01035043,7,10.166666666666666,0.0
E01035044,11,15.833333333333334,0.096752898760129
E01035045,1,1.0833333333333333,0.08667789634030983
E01035046,3,2.4166666666666665,0.006856276530213597
E01035047,19,13.666666666666666,0.0
E01035048,21,26.25,0.05105758611509874
E01035049,3,3.6666666666666665,0.0
E01035050,9,7.583333333333333,0.15863507328781426
E01035051,4,4.5,0.09267464677554019
E01035052,5,6.5,0.0
E01035053,6,6.5,0.0
E01035054,23,16.75,0.05879225624540379
E01035061,0,0.0,0.03389575861910654
E01035062,0,0.0,0.0
E01035075,0,0.0,0.09303799050358774
E01035084,2,3.25,0.08912734904454593
E01035085,1,2.3333333333333335,0.007898021993530546
E01035086,2,3.75,0.11653521204268424
E01035087,4,1.75,0.08008984393652617
E01035088,3,2.1666666666666665,0.0894715834209106
E01035089,1,1.75,0.14168321863383534
E01035090,3,2.0833333333333335,0.0
E01035091,4,4.666666666666667,0.0
E01035092,4,4.333333333333333,0.12847973431662726
E01035093,9,8.083333333333334,0.1036683656333042
E01035094,4,3.3333333333333335,0.1370360144379461
E01035095,9,3.3333333333333335,0.0
E01035096,9,16.583333333333332,0.08346207441458692
E01035097,7,7.333333333333333,0.0
E01035098,10,7.583333333333333,0.021808760304286474
E01035099,11,7.583333333333333,0.0
E01035100,2,5.666666666666667,0.0
E01035101,8,8.0,0.0
E01035102,3,3.1666666666666665,0.047690378121766304
E01035103,4,3.5,0.0
E01035104,6,5.583333333333333,0.0
E01035105,1,1.1666666666666667,0.0
E01035106,4,3.9166666666666665,0.0
E01035112,0,0.0,0.1325084494504978
E01035128,0,0.0,0.0
E01035131,0,0.0,0.0
E01035139,0,0.0,0.10195740101987569
E01035141,1,0.0,0.04432672838580126
E01035142,0,0.08333333333333333,0.06327829102108185
E01035152,0,0.0,0.04080054119668816
E01035153,0,0.08333333333333333,0.13408569398475104
E01035158,0,0.16666666666666666,0.0
E01035159,0,0.16666666666666666,0.1471653901271016
E01035161,0,0.08333333333333333,0.09951366206713538
E01035163,0,0.08333333333333333,0.026918585463084097
E01035164,0,0.08333333333333333,0.048938296119056146
E01035165,0,0.0,0.04464776295018422
E01035167,0,0.08333333333333333,0.0
E01035169,0,0.16666666666666666,0.0
E01035170,0,0.0,0.13844126535742476
E01035171,0,0.08333333333333333,0.01053613745799523
E01035173,0,0.08333333333333333,0.0
E01035175,0,0.08333333333333333,0.07883834781690394
E01035178,0,0.5,0.00871653559783155
E01035180,0,0.08333333333333333,0.0
E01035181,0,0.0,0.07087127901453538
E01035187,0,0.0,0.0696652680158584
E01035188,0,0.08333333333333333,0.0
E01035189,0,0.08333333333333333,0.13722483532744542
E01035190,0,0.0,0.0
E01035195,0,0.0,0.0
E01035202,1,0.0,0.0
E01035205,0,0.0,0.030984695835176518
E01035215,0,0.0,0.0
E01035218,0,0.0,0.0
E01035228,0,0.0,0.09809306316628416
E01035233,0,0.08333333333333333,0.0
E01035247,0,0.16666666666666666,0.08983764886808962
E01035248,0,0.0,0.02143456972442359
E01035249,0,0.08333333333333333,0.14605636284424114
E01035250,0,0.08333333333333333,0.02705977498145615
E01035251,0,0.0,0.0
E01035254,0,0.08333333333333333,0.0
E01035257,0,0.0,0.11494589591154955
E01035267,0,0.0,0.10236424365331595
E01035271,0,0.0,0.0
E01035272,0,0.25,0.03609017165488549
E01035273,0,0.0,0.0
E01035274,0,0.08333333333333333,0.1403760253409971
E01035275,0,0.08333333333333333,0.1352150790632489
E01035276,0,0.25,0.14583212896277667
E01035277,0,0.25,0.11061506059082359
E01035278,0,0.08333333333333333,0.1230922860327118
E01035279,0,0.08333333333333333,0.0
E01035280,1,0.16666666666666666,0.09975565429729524
E01035281,0,0.16666666666666666,0.0631107515616453
E01035282,0,0.3333333333333333,0.13974318784914683
E01035283,0,0.08333333333333333,0.02160535733296726
E01035284,0,0.0,0.0
E01035285,0,0.08333333333333333,0.029446476156327343
E01035289,0,0.08333333333333333,0.056201087206567774
E01035291,0,0.0,0.0
E01035292,0,0.25,0.0
E01035295,0,0.08333333333333333,0.029777833015685432
E01035296,0,0.0,0.0
E01035297,0,0.0,0.0
E01035298,0,0.0,0.0
E01035300,0,0.5,0.1335848697243885
E01035301,0,0.16666666666666666,0.07560193294889184
E01035303,0,0.16666666666666666,0.0
E01035306,0,0.0,0.07968398520664957
E01035309,0,0.08333333333333333,0.07216530659753906
E01035311,0,0.0,0.0
E01035316,1,0.08333333333333333,0.0
E01035318,1,0.0,0.03202430709765919
E01035319,0,0.4166666666666667,0.0
E01035325,0,0.08333333333333333,0.08362264441633363
E01035326,0,0.16666666666666666,0.0
E01035327,0,0.08333333333333333,0.0
E01035328,0,0.08333333333333333,0.14315149608233
E01035333,0,0.08333333333333333,0.0
E01035334,0,0.0,0.0653076931623997
E01035336,1,0.0,0.0
E01035345,0,0.08333333333333333,0.0
E01035352,0,0.08333333333333333,0.0
E01035355,0,0.08333333333333333,0.0
E01035356,0,0.0,0.0
E01035358,0,0.16666666666666666,0.0
E01035359,0,0.0,0.017701961695767043
E01035362,0,0.0,0.04911397575605819
E01035363,0,0.4166666666666667,0.0
E01035364,1,0.3333333333333333,0.1122468715253762
E01035367,0,0.0,0.0
E01035375,0,0.0,0.0
E01035376,0,0.08333333333333333,0.048631760825100345
E01035382,0,0.0,0.0
E01035390,0,0.08333333333333333,4.548855150116361e-05
E01035393,0,0.08333333333333333,0.0
E01035396,0,0.0,0.09172074656292248
E01035400,0,0.16666666666666666,0.0355698914316259
E01035405,0,0.0,0.0
E01035406,1,0.0,0.0
E01035411,0,0.08333333333333333,0.09334978862069049
E01035413,0,0.0,0.020506513795986198
E01035416,1,0.0,0.0
E01035421,0,0.08333333333333333,0.0
E01035424,0,0.0,0.0
E01035431,0,0.16666666666666666,0.005693283696480817
E01035432,0,0.0,0.10300833866159684
E01035438,0,0.0,0.0
E01035445,0,0.08333333333333333,0.0
E01035449,0,0.16666666666666666,0.12205888829847397
E01035453,0,0.08333333333333333,0.023082432552363173
E01035456,0,0.08333333333333333,0.020084135019403513
E01035457,0,0.0,0.0
E01035458,0,0.08333333333333333,0.032543633151319334
E01035459,0,0.0,0.022773140225218924
E01035460,0,0.08333333333333333,0.0
E01035462,0,0.08333333333333333,0.14743547856993558
E01035463,24,17.083333333333332,0.16106309352162262
E01035464,31,26.25,0.14632065908020048
E01035465,21,17.833333333333332,0.0597407597627298
E01035466,24,29.416666666666668,0.06868144703243989
E01035467,7,8.916666666666666,0.0
E01035468,10,9.916666666666666,0.0
E01035469,6,4.166666666666667,0.09352867995603541
E01035470,5,5.25,0.0004136405926965826
E01035471,0,3.5833333333333335,0.12443363337865265
E01035472,2,3.3333333333333335,0.0
E01035473,67,52.833333333333336,0.14630090811912838
E01035474,0,2.5833333333333335,0.05112077801201746
E01035475,6,5.166666666666667,0.019116682503627497
E01035476,4,4.333333333333333,0.1285621250849314
E01035477,0,5.25,0.1611579389601731
E01035478,11,9.0,0.0
E01035479,3,3.0833333333333335,0.0
E01035480,11,7.5,0.0
E01035481,12,12.25,0.08769402244783099
E01035482,11,7.166666666666667,0.0
E01035483,18,13.75,0.10741785040971058
E01035484,15,11.916666666666666,0.004075100292040529
E01035485,5,8.166666666666666,0.0605092788174009
E01035486,11,10.583333333333334,0.10976211932671183
E01035487,8,7.416666666666667,0.03465075641262497
E01035488,6,7.0,0.03090301635024338
E01035489,4,7.25,0.0
E01035490,9,6.916666666666667,0.0
E01035491,14,21.083333333333332,0.07111577241338736
E01035492,2,6.583333333333333,0.006512142914257304
E01035493,18,18.5,0.17058615369680885
E01035494,5,5.583333333333333,0.13715537924800378
E01035495,28,18.666666666666668,0.14738038541727266
E01035496,8,12.0,0.0
E01035497,4,6.833333333333333,0.08378806712113895
E01035498,14,6.833333333333333,0.0
E01035499,9,4.166666666666667,0.0
E01035500,13,25.25,0.02159385952024294
E01035501,43,28.666666666666668,0.0
E01035502,3,4.5,0.0
E01035503,7,4.5,0.0004703403881496128
E01035504,6,7.833333333333333,0.15796429565130504
E01035505,22,29.666666666666668,0.02476710873048263
E01035506,171,183.41666666666666,0.6199422309610211
E01035507,11,7.25,0.0
E01035508,21,14.083333333333334,0.0
E01035509,3,1.9166666666666667,0.010915239333822758
E01035510,8,8.416666666666666,0.07466109960754795
E01035511,0,0.0,0.0
E01035515,0,0.08333333333333333,0.0
E01035517,0,0.16666666666666666,0.0
E01035522,0,0.0,0.0
E01035526,0,0.0,0.06378632380449656
E01035536,0,0.0,0.0033481788123950473
E01035538,0,0.0,0.0
E01035541,0,0.0,0.11833961379452715
E01035543,0,0.08333333333333333,0.0
E01035544,0,0.16666666666666666,0.06979295028968993
E01035549,0,0.0,0.08397473373162295
E01035562,0,0.25,0.13962773647737495
E01035563,1,0.0,0.0
E01035564,0,0.08333333333333333,0.03497746343951108
E01035566,0,0.0,0.0
E01035568,0,0.0,0.05345378802361994
E01035569,0,0.0,0.0
E01035570,0,0.0,0.0
E01035572,0,0.16666666666666666,0.10709387633519454
E01035574,0,0.4166666666666667,0.0
E01035575,0,0.0,0.11458872834956055
E01035576,0,0.08333333333333333,0.1058477601487485
E01035577,0,0.16666666666666666,0.0023634936688996305
E01035578,0,0.08333333333333333,0.0
E01035579,0,0.0,0.0
E01035580,0,0.0,0.1482521375045203
E01035581,0,0.08333333333333333,0.0
E01035583,0,0.16666666666666666,0.027518188288944985
E01035584,0,0.16666666666666666,0.054958094634087996
E01035585,1,0.25,0.13097942886562766
E01035586,2,0.25,0.08474147545757278
E01035587,0,0.08333333333333333,0.04338096964364549
E01035588,0,0.0,0.0
E01035590,0,0.16666666666666666,0.0
E01035591,0,0.08333333333333333,0.0
E01035593,0,0.0,0.11436381973965412
E01035594,0,0.0,0.07488634666909288
E01035596,0,0.0,0.07726103603916876
E01035597,0,0.08333333333333333,0.04590376413224467
E01035598,0,0.16666666666666666,0.002566678681375784
E01035599,0,0.08333333333333333,0.0
E01035601,0,0.16666666666666666,0.0
E01035604,1,0.16666666666666666,0.0
E01035605,0,0.16666666666666666,0.06792756045606585
E01035606,0,0.0,0.0
E01035608,0,0.0,0.06063406505150565
E01035610,5,10.833333333333334,0.08716176090235953
E01035611,1,8.166666666666666,0.010018606115168471
E01035612,4,8.916666666666666,0.0
E01035613,3,3.6666666666666665,0.0
E01035614,0,4.666666666666667,0.0
E01035615,8,3.8333333333333335,0.07054874475133457
E01035616,2,3.25,0.0
E01035617,19,21.916666666666668,0.1583713083125478
E01035618,2,4.166666666666667,0.08964262706484653
E01035619,11,13.833333333333334,0.0
E01035620,3,7.083333333333333,0.08502806254908983
E01035621,19,15.333333333333334,0.09228677367373281
E01035622,31,34.916666666666664,0.1694691273093042
E01035623,5,5.916666666666667,0.0
E01035624,0,2.9166666666666665,0.0
E01035625,3,3.6666666666666665,0.0
E01035626,3,4.416666666666667,0.0
E01035627,5,2.6666666666666665,0.09535737591654665
E01035628,5,7.416666666666667,0.09156316445980378
E01035629,10,9.75,0.15417210730478925
E01035630,2,2.3333333333333335,0.0
E01035631,2,4.083333333333333,0.0
E01035632,8,11.083333333333334,0.08990721933437218
E01035633,4,6.916666666666667,0.0
E01035634,0,1.4166666666666667,0.0
E01035635,2,3.6666666666666665,0.024020194982337345
E01035636,3,2.0833333333333335,0.0
E01035637,3,2.1666666666666665,0.04870535376913254
E01035638,11,5.333333333333333,0.0
E01035639,5,6.166666666666667,0.056598388503724575
E01035640,6,8.916666666666666,0.12447061554143055
E01035641,28,20.166666666666668,0.0
E01035642,5,1.75,0.13402491267816644
E01035643,6,14.166666666666666,0.04776393834957913
E01035644,4,4.0,0.13776515196089995
E01035645,11,6.166666666666667,0.0
E01035646,2,7.916666666666667,0.052915635398508735
E01035647,3,1.5,0.0
E01035648,0,2.6666666666666665,0.08952453895261027
E01035649,17,12.916666666666666,0.0669280469921132
E01035650,9,16.0,0.04190192672233336
E01035651,15,11.916666666666666,0.15632928035524954
E01035652,28,30.75,0.046827566518458014
E01035653,3,3.25,0.0
E01035654,5,7.833333333333333,0.05375038327268351
E01035655,6,13.083333333333334,0.07281751278033133
E01035656,5,7.0,0.0007803256868041814
E01035657,13,8.583333333333334,0.019344319525503743
E01035658,4,5.083333333333333,0.15170136110103827
E01035659,3,5.583333333333333,0.08500189703119733
E01035660,37,23.833333333333332,0.0
E01035661,11,9.833333333333334,0.0
E01035662,0,1.4166666666666667,0.1465287399337523
E01035663,7,6.416666666666667,0.08540394375203081
E01035664,14,17.0,0.17078253308041114
E01035665,17,19.166666666666668,0.0
E01035666,10,10.916666666666666,0.10227201084974727
E01035667,14,11.583333333333334,0.09572723578227457
E01035668,18,11.916666666666666,0.0
E01035669,15,13.583333333333334,0.05221473206478748
E01035670,44,45.5,0.16206213828015864
E01035672,21,21.5,0.05285621369505284
E01035673,2,2.3333333333333335,0.10450425840248434
E01035674,10,6.583333333333333,0.11777860775373117
E01035675,7,8.25,0.12763423570843024
E01035676,7,7.0,0.1100790099446904
E01035677,12,6.5,0.014116129573296245
E01035678,4,6.666666666666667,0.0
E01035679,15,14.25,0.13819718994533858
E01035680,2,3.25,0.0059059807739564995
E01035681,5,7.25,0.0
E01035682,4,8.25,0.024657130914628154
E01035683,6,4.333333333333333,0.0
E01035684,5,5.5,0.07245822799161515
E01035685,9,7.166666666666667,0.0
E01035686,1,6.25,0.0
E01035687,16,25.25,0.20567569032540192
E01035688,6,5.833333333333333,0.09894091474019356
E01035689,5,8.083333333333334,0.10812130443477985
E01035690,11,5.333333333333333,0.05163235399536765
E01035691,5,10.416666666666666,0.13010294317577
E01035692,11,6.5,0.09543983076316725
E01035693,7,6.75,0.048003624054782174
E01035694,19,11.5,0.16963693498055488
E01035695,7,3.5,0.0
E01035696,3,16.583333333333332,0.17814886693453327
E01035697,7,9.0,0.0
E01035699,20,10.0,0.035736751042219614
E01035702,14,15.0,0.0
E01035703,10,4.75,0.024960333286879757
E01035705,8,11.083333333333334,0.06352759598159047
E01035706,12,8.0,0.1710841073599761
E01035707,17,14.833333333333334,0.18292968975375554
E01035708,27,36.75,0.23994186844230433
E01035709,8,6.083333333333333,0.0
E01035710,22,19.0,0.19909235606488299
E01035711,70,58.083333333333336,0.14472917920500183
E01035712,5,5.5,0.12052025844054566
E01035713,18,16.833333333333332,0.0
E01035714,11,10.916666666666666,0.03146190672075027
E01035715,3,4.916666666666667,0.15318534804898698
E01035716,279,316.75,0.9962096685667083
E01035717,11,13.5,0.09186348897582242
E01035718,60,74.08333333333333,0.2909773201272243
E01035719,4,4.25,0.0
E01035720,1,4.0,0.07738438725395667
E01035721,24,19.416666666666668,0.08826169294288884
E01035722,10,5.916666666666667,0.0
E01035723,0,0.08333333333333333,0.0
E01035728,0,0.0,0.0
E01035731,0,0.08333333333333333,0.06753388924913215
E01035735,0,0.0,0.0
E01035736,0,0.08333333333333333,0.0
E01035739,0,0.08333333333333333,0.0
E01035761,0,0.0,0.015151242231065343
W01000013,0,0.08333333333333333,0.0621697549660023
W01000018,0,0.0,0.0554167611663996
W01000022,0,0.0,0.004655974774312982
W01000031,0,0.16666666666666666,0.0
W01000050,0,0.0,0.0
W01000060,0,0.08333333333333333,0.10879979329149528
W01000062,0,0.0,0.0
W01000082,0,0.08333333333333333,0.0
W01000085,0,0.08333333333333333,0.07322145689676282
W01000097,0,0.0,0.0
W01000121,0,0.08333333333333333,0.10432638872736197
W01000134,0,0.0,0.0
W01000137,0,0.0,0.06058344737237645
W01000151,0,0.08333333333333333,0.0
W01000166,0,0.08333333333333333,0.0
W01000183,0,0.0,0.0
W01000191,0,0.0,0.09500362178277702
W01000194,0,0.0,0.140116620968493
W01000240,1,0.0,0.0
W01000272,0,0.0,0.0974508831461274
W01000280,0,0.0,0.05990841028720953
W01000286,0,0.0,0.14021579629910794
W01000297,0,0.0,0.0933325543028474
W01000340,0,0.0,0.0
W01000349,0,0.0,0.06398451671467087
W01000351,0,0.0,0.010649914626712081
W01000361,1,0.0,0.0
W01000371,0,0.16666666666666666,0.0
W01000377,0,0.08333333333333333,0.1267533823082493
W01000384,0,0.0,0.12781841183602585
W01000405,0,0.0,0.08965513806019032
W01000406,0,0.08333333333333333,0.14476068978357828
W01000411,0,0.0,0.09196356738726144
W01000413,0,0.08333333333333333,0.0
W01000420,0,0.08333333333333333,0.0
W01000424,0,0.08333333333333333,0.0
W01000434,0,0.0,0.0
W01000443,0,0.0,0.0
W01000492,0,0.0,0.0010675638976567203
W01000512,0,0.0,0.10425960103860529
W01000518,0,0.0,0.1085900268471324
W01000528,0,0.08333333333333333,0.03508736636737039
W01000541,0,0.0,0.12845278171987048
W01000574,0,0.08333333333333333,0.00024550677724388995
W01000575,0,0.08333333333333333,0.11693762204014194
W01000583,0,0.0,0.0
W01000598,0,0.08333333333333333,0.0
W01000612,0,0.0,0.12492387543012831
W01000635,0,0.0,0.0
W01000636,0,0.0,0.0010212326533384775
W01000643,0,0.0,0.0
W01000647,0,0.08333333333333333,0.049078088887400395
W01000655,0,0.0,0.14850936750181062
W01000656,0,0.08333333333333333,0.0
W01000671,0,0.0,0.11995440180213043
W01000695,0,0.0,0.0
W01000701,0,0.0,0.0
W01000719,0,0.08333333333333333,0.0
W01000739,0,0.0,0.0772025342017654
W01000742,0,0.08333333333333333,0.0
W01000744,0,0.0,0.016045486075298376
W01000776,0,0.08333333333333333,0.0
W01000785,0,0.0,0.0
W01000817,0,0.0,0.08154546363079224
W01000827,0,0.0,0.0
W01000833,0,0.0,0.0
W01000845,0,0.0,0.0
W01000846,0,0.0,0.026030029148408212
W01000859,0,0.0,0.04789977950722449
W01000872,0,0.0,0.0
W01000880,0,0.0,0.0
W01000886,0,0.08333333333333333,0.0
W01000921,0,0.0,0.0
W01000934,0,0.0,0.11525119755326582
W01000939,0,0.0,0.08631261926592562
W01000951,0,0.08333333333333333,0.0379938734618297
W01000960,0,0.0,0.0
W01000974,0,0.0,0.060201703453847955
W01000980,0,0.08333333333333333,0.10331821265391974
W01001036,0,0.08333333333333333,0.028675922007877445
W01001056,0,0.0,0.08533844006801375
W01001133,0,0.08333333333333333,0.07495829722010577
W01001148,0,0.0,0.021521193348096657
W01001149,0,0.08333333333333333,0.0
W01001162,0,0.0,0.07373464740038155
W01001179,0,0.0,0.0
W01001228,0,0.0,0.08384650394146012
W01001232,0,0.0,0.0913640076427599
W01001236,0,0.0,0.09664346387111192
W01001238,0,0.0,0.0
W01001249,0,0.08333333333333333,0.0
W01001283,0,0.08333333333333333,0.0
W01001289,0,0.0,0.07300837514637726
W01001290,0,0.08333333333333333,0.11610522415912541
W01001291,0,0.0,0.045251507651072
W01001305,0,0.08333333333333333,0.0
W01001311,0,0.0,0.13046893455527223
W01001315,0,0.0,0.14673060436179589
W01001320,0,0.08333333333333333,0.0
W01001324,0,0.08333333333333333,0.028674395582312804
W01001333,0,0.16666666666666666,0.08362217360086022
W01001374,1,0.0,0.07091693701501339
W01001378,0,0.08333333333333333,0.14056296638021618
W01001435,0,0.0,0.0
W01001453,0,0.08333333333333333,0.024444268643023157
W01001467,0,0.08333333333333333,0.05780623470210908
W01001481,0,0.0,0.11702952725630103
W01001488,0,0.16666666666666666,0.11268650591580812
W01001494,0,0.16666666666666666,0.14385355566874988
W01001554,0,0.0,0.003623536181303705
W01001578,0,0.08333333333333333,0.09945506884414942
W01001582,0,0.0,0.0
W01001587,0,0.08333333333333333,0.0
W01001612,0,0.0,0.0
W01001617,0,0.0,0.09547118610576893
W01001628,0,0.0,0.1457445317440547
W01001642,0,0.08333333333333333,0.0
W01001659,0,0.08333333333333333,0.0
W01001676,1,0.0,0.0946627312257022
W01001690,0,0.0,0.03606901576042684
W01001693,0,0.0,0.1379096401653013
W01001711,0,0.16666666666666666,0.0
W01001716,0,0.0,0.0
W01001725,0,0.0,0.0
W01001760,0,0.08333333333333333,0.0
W01001761,0,0.0,0.0
W01001764,0,0.0,0.0
W01001773,0,0.0,0.0
W01001791,0,0.08333333333333333,0.0
W01001818,0,0.0,0.13617179982818559
W01001822,0,0.16666666666666666,0.0
W01001825,0,0.08333333333333333,0.0
W01001836,0,0.0,0.11958354229026671
W01001848,0,0.08333333333333333,0.05342328518862374
W01001861,0,0.0,0.03541124416853231
W01001869,0,0.08333333333333333,0.0618957659084326
W01001873,0,0.16666666666666666,0.09910029473197743
W01001881,0,0.08333333333333333,0.11352758915570973
W01001883,0,0.08333333333333333,0.043018709999689375
W01001900,0,0.08333333333333333,0.11722899120839878
W01001904,0,0.0,0.010619258227643064
W01001907,0,0.0,0.0
W01001913,0,0.16666666666666666,0.11447663026551622
W01001932,0,0.08333333333333333,0.01266865702410758
W01001947,0,0.0,0.1218412762701703
W01001953,0,0.0,0.0
W01001955,0,0.16666666666666666,0.0
W01001959,0,0.0,0.13434150550874044
W01001969,0,0.08333333333333333,0.0
W01001973,0,0.08333333333333333,0.13268768261172922
W01001980,0,0.0,0.136170738338775
W01001990,0,0.0,0.11464269426775828
W01002003,0,0.0,0.019100413527989607
W01002004,0,0.08333333333333333,0.044308643524373
W01002019,0,0.25,0.1115655259355051
W01002026,0,0.0,0.08276912471675532
W01002027,0,0.08333333333333333,0.03925496363680492
W01002037,0,0.08333333333333333,0.1449046311613922
